{
"type": "FeatureCollection",
"name": "Dentistes_regions",
"crs": { "type": "name", "properties": { "name": "urn:ogc:def:crs:OGC:1.3:CRS84" } },
"features": [
{ "type": "Feature", "properties": { "code_INSEE": 11, "NOM": "ILE-DE-FRANCE", "population": 11659260, "nb_dentist": 9133 }, "geometry": { "type": "MultiPolygon", "coordinates": [ [ [ [ 1.742694623806448, 49.179801433157088 ], [ 1.756130821201584, 49.174878690029601 ], [ 1.773148619335561, 49.182471279562456 ], [ 1.776378532998385, 49.185093683894763 ], [ 1.776924106540955, 49.185225105532197 ], [ 1.78930184550726, 49.181492814139631 ], [ 1.793582141032297, 49.18027695621717 ], [ 1.794378395648889, 49.1831891751889 ], [ 1.797775735151281, 49.185147302193691 ], [ 1.816999439583813, 49.175869646977524 ], [ 1.831251076300912, 49.176979876615889 ], [ 1.836639606499748, 49.171547253981913 ], [ 1.834069124750328, 49.165120426985162 ], [ 1.838268367649895, 49.166186052946841 ], [ 1.849073599596104, 49.170488851808649 ], [ 1.869787654997433, 49.172654175379066 ], [ 1.874496946002575, 49.174289761693025 ], [ 1.87676504652679, 49.175308982929721 ], [ 1.882617484831121, 49.165940412473645 ], [ 1.882568411920417, 49.162496219114587 ], [ 1.933924517321878, 49.173346933761337 ], [ 1.937433378451064, 49.170761469198148 ], [ 1.958097283407333, 49.172866169270968 ], [ 1.962697528191392, 49.174605232802314 ], [ 1.971262820456809, 49.1811074285446 ], [ 1.974085565914607, 49.183316361495727 ], [ 1.99019256448748, 49.176763038647415 ], [ 1.999445258811599, 49.175572505442013 ], [ 2.018234516066422, 49.186354652678745 ], [ 2.021784418589549, 49.188676253851952 ], [ 2.03516327917455, 49.189908030670694 ], [ 2.038235788165089, 49.192135396447888 ], [ 2.038367938548296, 49.192406181254285 ], [ 2.050487730648988, 49.198777995388099 ], [ 2.069874243995751, 49.203343728888839 ], [ 2.076698739970752, 49.208440063016255 ], [ 2.080889546429483, 49.210450069770786 ], [ 2.080768837878006, 49.207203474513449 ], [ 2.090240485657076, 49.205450218207851 ], [ 2.093329118657653, 49.192850329092444 ], [ 2.095874523387729, 49.190064289378888 ], [ 2.115910082082474, 49.187992233729702 ], [ 2.130280266565781, 49.190749155842198 ], [ 2.139762356488364, 49.183130008233789 ], [ 2.143260989114189, 49.185546531270994 ], [ 2.153026059490167, 49.183925296035092 ], [ 2.157181275023671, 49.182282129828842 ], [ 2.163401059569572, 49.177623226129931 ], [ 2.157737987793951, 49.172512833674617 ], [ 2.161838805841408, 49.168234739891702 ], [ 2.163930016772899, 49.166100414388055 ], [ 2.17213485075313, 49.166606657875285 ], [ 2.178985763013421, 49.173819403419245 ], [ 2.176583755647501, 49.176545250797247 ], [ 2.183442463401161, 49.173822731025979 ], [ 2.187373724622761, 49.173228944984594 ], [ 2.207218286322556, 49.17488967782635 ], [ 2.215477868106279, 49.178234440530744 ], [ 2.220276995272241, 49.179200657846849 ], [ 2.234054124006885, 49.165694771962997 ], [ 2.219639199867127, 49.156916861181003 ], [ 2.216360148420965, 49.15437805303052 ], [ 2.225832715821711, 49.151598150412759 ], [ 2.241582561481429, 49.151572535656683 ], [ 2.259401262740274, 49.155441750551937 ], [ 2.262132395439537, 49.158101887505275 ], [ 2.266531093961101, 49.156294595423319 ], [ 2.28136529257242, 49.159126318546903 ], [ 2.286412977048152, 49.159920576593059 ], [ 2.288869982285967, 49.169681295106543 ], [ 2.299925032522522, 49.180589021907913 ], [ 2.301197118632794, 49.183887031612628 ], [ 2.306912920985062, 49.18517875970408 ], [ 2.310592807616058, 49.18487621002123 ], [ 2.31795349070899, 49.185232787457352 ], [ 2.321776943551982, 49.184436219138043 ], [ 2.354226551273944, 49.150485274031503 ], [ 2.358038523966082, 49.148150018393096 ], [ 2.369839222416294, 49.157176375770362 ], [ 2.373200059492472, 49.159252841070682 ], [ 2.394792216925078, 49.149814946123733 ], [ 2.410446570255618, 49.152077435945984 ], [ 2.440902617873663, 49.145803207144617 ], [ 2.439898007470541, 49.143649691465676 ], [ 2.438907184036116, 49.141496226688894 ], [ 2.436577443874443, 49.136459352949949 ], [ 2.435398993223324, 49.1339453207774 ], [ 2.458812898232005, 49.139483486802277 ], [ 2.461309436210548, 49.136608568192536 ], [ 2.473884286058867, 49.13298686342398 ], [ 2.477603110301598, 49.131069985997371 ], [ 2.477004093141372, 49.127974449089415 ], [ 2.494844571865785, 49.123510163286937 ], [ 2.499226639589446, 49.122269724453268 ], [ 2.501595962598954, 49.119483316343263 ], [ 2.489930909122947, 49.106361177919347 ], [ 2.526066653102041, 49.100889453298421 ], [ 2.531062711643485, 49.09959630822916 ], [ 2.53266818287268, 49.115930654231342 ], [ 2.537923557942855, 49.121030952985677 ], [ 2.542654153053908, 49.122065025666451 ], [ 2.542285246443354, 49.118853791516109 ], [ 2.554090549711221, 49.117540467905755 ], [ 2.559478690938986, 49.097617780106383 ], [ 2.576746087459164, 49.092428864748321 ], [ 2.580160923461254, 49.083260631277554 ], [ 2.58260616790669, 49.080481800711432 ], [ 2.58657847677443, 49.080126878907365 ], [ 2.590524279394609, 49.079654846732389 ], [ 2.609131882094704, 49.091558453635571 ], [ 2.610338618330215, 49.094943107669472 ], [ 2.614781020446472, 49.094094256436918 ], [ 2.619364901252015, 49.094468507185582 ], [ 2.631693787016174, 49.105116582122442 ], [ 2.63327296521804, 49.108376218963024 ], [ 2.640673630859395, 49.099713047306622 ], [ 2.650967088421173, 49.100246874197197 ], [ 2.676383854448603, 49.088872065030579 ], [ 2.678319942294708, 49.085730292140482 ], [ 2.693519027947703, 49.073451783542957 ], [ 2.6911545220218, 49.070622410209062 ], [ 2.690023250456822, 49.06756239011613 ], [ 2.698320520607755, 49.064427483470276 ], [ 2.703080625224324, 49.064736059861055 ], [ 2.720824330695419, 49.075640288349156 ], [ 2.724357211332059, 49.080458841449158 ], [ 2.733095857902589, 49.063358840862946 ], [ 2.735012637577569, 49.060458816699253 ], [ 2.75603755317904, 49.061528379555746 ], [ 2.760833394165413, 49.063003639382067 ], [ 2.785274711243829, 49.0754400261035 ], [ 2.772711954613082, 49.081378211029225 ], [ 2.768337097198216, 49.083258042350614 ], [ 2.788214315887355, 49.082872111880803 ], [ 2.78398798208695, 49.08863701396443 ], [ 2.787955884806213, 49.089165572114666 ], [ 2.791730402174513, 49.090143227703052 ], [ 2.804769781050472, 49.095757661159567 ], [ 2.809254131504016, 49.097536126611978 ], [ 2.821258099242658, 49.086810031425685 ], [ 2.835219678796263, 49.082999682448552 ], [ 2.84494647690243, 49.084882814664496 ], [ 2.854287858399479, 49.073151793927728 ], [ 2.856089342231936, 49.070033942859695 ], [ 2.872029298964995, 49.071247832237269 ], [ 2.890201718022078, 49.078467905216925 ], [ 2.895104583047073, 49.077051649521643 ], [ 2.899158922425464, 49.082521852645726 ], [ 2.90094668496563, 49.085346607620892 ], [ 2.923981870911707, 49.07828721423931 ], [ 2.933807009151616, 49.080010372130246 ], [ 2.937888308971826, 49.077998490127278 ], [ 2.944317113145102, 49.081813964781595 ], [ 2.945829938430953, 49.088081583319564 ], [ 2.954853290036569, 49.085954379729998 ], [ 2.96733480758323, 49.090651855012766 ], [ 2.971429150335694, 49.088971535192464 ], [ 2.974159007238472, 49.077804959117834 ], [ 2.974612129302587, 49.074837906514603 ], [ 2.983235380670773, 49.071881252425108 ], [ 2.988134641942311, 49.072376362816378 ], [ 2.989884598544972, 49.081565687682087 ], [ 2.999205991722437, 49.088534356032525 ], [ 3.003956367363056, 49.088741092374768 ], [ 3.012773095080267, 49.090619648932908 ], [ 3.030499905803218, 49.086894080280778 ], [ 3.034416203417448, 49.088610353897877 ], [ 3.061683778473238, 49.086468526134283 ], [ 3.066076434736996, 49.085216404064496 ], [ 3.064683843204649, 49.088166298968716 ], [ 3.056752142696446, 49.095776881983006 ], [ 3.056320678084148, 49.101918050973566 ], [ 3.069346643367264, 49.114849413288198 ], [ 3.071884293834119, 49.11755421881616 ], [ 3.079807963248383, 49.11290086380157 ], [ 3.115281549069227, 49.106884040140564 ], [ 3.12161363429436, 49.109080621957617 ], [ 3.124129138911026, 49.107234878203705 ], [ 3.1386022652423, 49.106400879244383 ], [ 3.14573779875396, 49.101771002178261 ], [ 3.160231352618165, 49.099288984577008 ], [ 3.165230357711184, 49.099659849124158 ], [ 3.155087249720756, 49.082428142463989 ], [ 3.158681073767475, 49.080409393367127 ], [ 3.167881523404383, 49.076899256661505 ], [ 3.180064194969418, 49.065489483258148 ], [ 3.181708300994451, 49.062169147445978 ], [ 3.180866334158035, 49.056146090229575 ], [ 3.190666816550859, 49.049971698516124 ], [ 3.190613823714187, 49.046716812606491 ], [ 3.181112218169546, 49.044276793125121 ], [ 3.17654097802434, 49.03140746025381 ], [ 3.163424336179168, 49.026255747035066 ], [ 3.163007993740258, 49.019944041173289 ], [ 3.171569244857128, 49.012495809729167 ], [ 3.198992501972329, 49.005790433248094 ], [ 3.208947311970266, 48.996709540481248 ], [ 3.209318174215672, 48.993786464817845 ], [ 3.223296688034536, 48.9904521660401 ], [ 3.224840872040221, 48.987329006627768 ], [ 3.229176905886321, 48.988417846002534 ], [ 3.231215509187793, 48.976751045405365 ], [ 3.245992835698345, 48.976065216235909 ], [ 3.254925220196378, 48.964635316206888 ], [ 3.255523481887954, 48.961315855336913 ], [ 3.25906502307353, 48.951263705684269 ], [ 3.262903605516941, 48.948935287557049 ], [ 3.261228728367094, 48.947104477551584 ], [ 3.259826515272076, 48.945174132802471 ], [ 3.265160662971461, 48.939065499263137 ], [ 3.269479541020669, 48.937455186103868 ], [ 3.283772348675109, 48.940164939774164 ], [ 3.300968987710873, 48.946651593492 ], [ 3.304749523467959, 48.948773271328022 ], [ 3.312219518731772, 48.935418058933003 ], [ 3.312797075287989, 48.924778216571802 ], [ 3.313075874080099, 48.921216365149419 ], [ 3.317005118713261, 48.918849930357688 ], [ 3.330199223018091, 48.907959957190471 ], [ 3.361725641797895, 48.919559591483214 ], [ 3.36742650593749, 48.928804779952195 ], [ 3.375610349120149, 48.909220068979856 ], [ 3.369828401044838, 48.896144351112461 ], [ 3.382478976336282, 48.885942488102948 ], [ 3.383280021648674, 48.872495195661138 ], [ 3.38795846850047, 48.870969267326892 ], [ 3.40063495663973, 48.876026647182172 ], [ 3.40585570446008, 48.875883156635155 ], [ 3.40102864567102, 48.868722853095719 ], [ 3.398898010351623, 48.866418711472996 ], [ 3.408514281426584, 48.863706283909039 ], [ 3.423062550141156, 48.867567811236952 ], [ 3.433141887428014, 48.86001337255356 ], [ 3.448478129203623, 48.858724794989286 ], [ 3.452232494244518, 48.856300448367513 ], [ 3.445780476278028, 48.846099166931879 ], [ 3.445360809339078, 48.843231819828752 ], [ 3.45925344172535, 48.841065826489071 ], [ 3.46195547697215, 48.838474288456041 ], [ 3.470198126053129, 48.850547378022569 ], [ 3.480155959205937, 48.851605028315149 ], [ 3.485187443658678, 48.851908494372893 ], [ 3.486805521963496, 48.848601332843074 ], [ 3.491284529629069, 48.835137739146553 ], [ 3.485241372887913, 48.825503291477887 ], [ 3.487201753434533, 48.815188572867996 ], [ 3.483785712336654, 48.813952317394886 ], [ 3.480923325307695, 48.812192101441099 ], [ 3.477904783522534, 48.814173830874658 ], [ 3.474847240242198, 48.819375373477776 ], [ 3.470214960829793, 48.82069776039485 ], [ 3.449506826608223, 48.81208051185844 ], [ 3.434608915210016, 48.812027672205744 ], [ 3.420846742781134, 48.81602513308939 ], [ 3.416612206487786, 48.817829699762186 ], [ 3.407443401265644, 48.806951956020775 ], [ 3.421145972488698, 48.802488535143688 ], [ 3.440933856970108, 48.801517800828066 ], [ 3.442603847512232, 48.788137781001886 ], [ 3.442194849105526, 48.784847523789139 ], [ 3.428537867564761, 48.780823032306124 ], [ 3.414979025942951, 48.783739956438723 ], [ 3.409984005537595, 48.78372122388415 ], [ 3.397143530601315, 48.761441501031271 ], [ 3.39983112898698, 48.755325536011426 ], [ 3.409360222350992, 48.752783884931837 ], [ 3.432914542725064, 48.755551964628459 ], [ 3.436594654488697, 48.753182097269871 ], [ 3.437314948315985, 48.749860608361153 ], [ 3.436810445867787, 48.743206731559653 ], [ 3.442734829899285, 48.737806334986217 ], [ 3.467395516492024, 48.738629748714565 ], [ 3.46705148936515, 48.732092219155291 ], [ 3.466749910958151, 48.728774477983187 ], [ 3.466954499035947, 48.725805529123676 ], [ 3.467159144285343, 48.72284556645031 ], [ 3.464600929178352, 48.707277109337731 ], [ 3.477620066148572, 48.698330054419785 ], [ 3.47254312506259, 48.697369861143159 ], [ 3.470957133269156, 48.687230155718801 ], [ 3.456627697052244, 48.682869481715805 ], [ 3.442698073347999, 48.672506083284709 ], [ 3.446181312602114, 48.666898322464689 ], [ 3.44256120861009, 48.664357280940621 ], [ 3.458809170112631, 48.651280208738612 ], [ 3.451090614365103, 48.634650896058673 ], [ 3.476594057381479, 48.637960737012015 ], [ 3.492289362812898, 48.647242776836976 ], [ 3.512619301784239, 48.643981803876287 ], [ 3.528070601715628, 48.645758315990037 ], [ 3.53323646131016, 48.646508885482945 ], [ 3.522655744537914, 48.639089853667741 ], [ 3.5211633757836, 48.633699319385947 ], [ 3.540940957464829, 48.630192991861378 ], [ 3.555753716140838, 48.620688810439191 ], [ 3.556545449320644, 48.617311884628826 ], [ 3.508635583195541, 48.605598382180609 ], [ 3.505273682136243, 48.602986055594769 ], [ 3.515219489049124, 48.590988534105243 ], [ 3.496645742476792, 48.589925060737833 ], [ 3.485303514206287, 48.580463632435269 ], [ 3.480668279039765, 48.57913311855544 ], [ 3.469022693533556, 48.57305363325667 ], [ 3.465516159102208, 48.57048567886504 ], [ 3.483774926564543, 48.547060095650806 ], [ 3.480918727302672, 48.541431334207331 ], [ 3.475620426273425, 48.541281724354889 ], [ 3.450707227373633, 48.528667678048372 ], [ 3.445940864954796, 48.528793603089063 ], [ 3.414639888327184, 48.533791624439964 ], [ 3.408473979263999, 48.529944769912632 ], [ 3.405398135568547, 48.528021195224042 ], [ 3.422266812922431, 48.515413206424611 ], [ 3.43492380914254, 48.497051689189661 ], [ 3.433434016969627, 48.490391026166996 ], [ 3.42433495381876, 48.491539395009873 ], [ 3.40752341550388, 48.487792902241488 ], [ 3.403747291057514, 48.485988579556803 ], [ 3.387681417138432, 48.48015862383906 ], [ 3.384093581302608, 48.47802919249802 ], [ 3.397319677900065, 48.468170805017678 ], [ 3.39689037716646, 48.461488006494903 ], [ 3.405713934467712, 48.453289509751514 ], [ 3.400909243253477, 48.4368783763395 ], [ 3.396729998686517, 48.434886207487168 ], [ 3.392493281271921, 48.425157069412165 ], [ 3.4071942236532, 48.42267845002182 ], [ 3.41183326806363, 48.421321945380953 ], [ 3.411361546868848, 48.418039823573551 ], [ 3.402286153497643, 48.415407950888913 ], [ 3.416642071166388, 48.415835215162147 ], [ 3.421937987244879, 48.412235830730033 ], [ 3.420871666862377, 48.409018812745316 ], [ 3.414791559501114, 48.390273038820339 ], [ 3.409930714463198, 48.390541856056707 ], [ 3.400207369202302, 48.390880968230398 ], [ 3.385094893124802, 48.398713210587211 ], [ 3.375407838359996, 48.398690294745933 ], [ 3.374142129939496, 48.395491458664338 ], [ 3.366319256923564, 48.391485340652395 ], [ 3.361191234712982, 48.372571750361132 ], [ 3.356090899554301, 48.375160292048861 ], [ 3.356558848440874, 48.378451735877981 ], [ 3.35168463309209, 48.378619244638024 ], [ 3.346314734064696, 48.373245936451717 ], [ 3.336537632493394, 48.37318413380352 ], [ 3.330116706068349, 48.372122567637057 ], [ 3.325477502227924, 48.373089067652678 ], [ 3.311856174088631, 48.376022679338575 ], [ 3.31068993079479, 48.372912830903068 ], [ 3.306017536508718, 48.372889000016706 ], [ 3.283174640658092, 48.381384801042927 ], [ 3.281617708345045, 48.378158657130733 ], [ 3.272178603159567, 48.378324657076277 ], [ 3.267472789654656, 48.377129796633625 ], [ 3.259611438983896, 48.368591278409497 ], [ 3.25102070717091, 48.36510100335073 ], [ 3.246858972167844, 48.3672869920522 ], [ 3.226483459194403, 48.370242667708716 ], [ 3.222215552409722, 48.370007832286781 ], [ 3.214495589769178, 48.367592905539226 ], [ 3.211303743734076, 48.366267103613815 ], [ 3.20445026812894, 48.364200847777603 ], [ 3.199658281246681, 48.364460931510429 ], [ 3.193762826975675, 48.36939200151717 ], [ 3.184941147914502, 48.368128544494517 ], [ 3.183372985036153, 48.371459812024206 ], [ 3.171807550022876, 48.377675940852157 ], [ 3.170015302737787, 48.374700586683268 ], [ 3.144850462852191, 48.367302638381005 ], [ 3.139868761763394, 48.372598757975943 ], [ 3.135759286077396, 48.370885144853716 ], [ 3.122467066883154, 48.368632425877536 ], [ 3.118384945488956, 48.366684259900701 ], [ 3.103418050565805, 48.349514185429143 ], [ 3.099602204539678, 48.351604747881296 ], [ 3.101066109613775, 48.35478842258614 ], [ 3.080611057630122, 48.360832029331398 ], [ 3.066701666498117, 48.357718755404747 ], [ 3.062057467238482, 48.357442375043497 ], [ 3.049451310341781, 48.360030414970574 ], [ 3.046276369719426, 48.357314636338522 ], [ 3.036772557211559, 48.337785556374691 ], [ 3.042260332200756, 48.332187561065972 ], [ 3.040571187608264, 48.328931209628877 ], [ 3.015685044519298, 48.307316948665438 ], [ 3.017100246600266, 48.304536605878923 ], [ 3.027468947687173, 48.300638839636676 ], [ 3.020050574276207, 48.29637561477881 ], [ 3.026761315645198, 48.288015769181428 ], [ 3.029739324447006, 48.285423817219829 ], [ 3.026960702037608, 48.282464344300045 ], [ 3.024760200888264, 48.275644785712856 ], [ 3.02926125604839, 48.274204167433773 ], [ 3.043707970713627, 48.271842378600503 ], [ 3.047569546976905, 48.24969796098646 ], [ 3.032695890766187, 48.248740266021471 ], [ 3.012818612755038, 48.222101924315965 ], [ 3.005990454299105, 48.209424544048652 ], [ 2.997119365209322, 48.206347390604037 ], [ 2.988961494790437, 48.209019276615273 ], [ 2.984586934785282, 48.207453158512273 ], [ 2.971666359767501, 48.203410717082413 ], [ 2.970958045601045, 48.194187673485686 ], [ 2.955415683302596, 48.192518206490277 ], [ 2.95146107433538, 48.190492104065235 ], [ 2.934748604883835, 48.178822626211968 ], [ 2.934241211321695, 48.175727012196788 ], [ 2.936314411640617, 48.163391744147773 ], [ 2.931136928010984, 48.162812955527791 ], [ 2.900047325483768, 48.159434406844753 ], [ 2.895206651223432, 48.158953304629094 ], [ 2.870991330867132, 48.156472813083141 ], [ 2.866823482562909, 48.156036269774965 ], [ 2.864437760207271, 48.15290217633779 ], [ 2.838307838343162, 48.135907513654416 ], [ 2.823315898231417, 48.132781584060844 ], [ 2.82087997898527, 48.129664477319636 ], [ 2.81633411513488, 48.130431346144817 ], [ 2.802391306826719, 48.13146162054251 ], [ 2.799465348288523, 48.137395591811561 ], [ 2.797907291641117, 48.140551343464828 ], [ 2.800412364763791, 48.153612098387846 ], [ 2.810418355552307, 48.160818163961132 ], [ 2.810917801665461, 48.164067305829235 ], [ 2.798958983153609, 48.168024726673735 ], [ 2.790239976836355, 48.16530111048381 ], [ 2.78097748423448, 48.16736286105003 ], [ 2.776680074818314, 48.165726142159677 ], [ 2.754681548831301, 48.161390337071552 ], [ 2.736406001798427, 48.166308937890257 ], [ 2.738384143992738, 48.16341592415823 ], [ 2.754254937466199, 48.151905318473858 ], [ 2.75519830556674, 48.145653478490757 ], [ 2.750334733145557, 48.144869433662969 ], [ 2.722461411233421, 48.137410529293184 ], [ 2.706547069604509, 48.124819245805043 ], [ 2.675484491060177, 48.125169791865453 ], [ 2.667569557907822, 48.120666511107402 ], [ 2.66474811510002, 48.120541543740558 ], [ 2.661584799423886, 48.123439016417372 ], [ 2.639666067910862, 48.138950369820293 ], [ 2.634454120763746, 48.138331443170514 ], [ 2.599013685120545, 48.131602455525012 ], [ 2.577867904598165, 48.13178063196326 ], [ 2.570562642831007, 48.140815691380837 ], [ 2.565814539717774, 48.141086261779378 ], [ 2.53750537078885, 48.140519759352415 ], [ 2.53439450217161, 48.138059945667855 ], [ 2.521723638826493, 48.12841686390616 ], [ 2.522209579970797, 48.125215356986629 ], [ 2.517284131092731, 48.125897186529265 ], [ 2.477562076359898, 48.129102379257041 ], [ 2.45895441914653, 48.125608031707145 ], [ 2.455859023189459, 48.123389135952287 ], [ 2.442692473139151, 48.125487316314342 ], [ 2.444255901746758, 48.131469749089604 ], [ 2.46109745969179, 48.138206805448995 ], [ 2.474044954394606, 48.151609949014507 ], [ 2.471850091055781, 48.154596614843278 ], [ 2.480872039609839, 48.161610384162813 ], [ 2.483237659350087, 48.164518230078286 ], [ 2.502031505174266, 48.158444158134252 ], [ 2.506327027888575, 48.156437575201998 ], [ 2.514910668918557, 48.164841616162356 ], [ 2.50884288105074, 48.180923403770151 ], [ 2.515405509159089, 48.193008063772723 ], [ 2.52029585836528, 48.193918843598382 ], [ 2.523010990262585, 48.198761821950036 ], [ 2.519931965980013, 48.201376786823204 ], [ 2.517403785513218, 48.214377641727516 ], [ 2.514118720147227, 48.214382173368875 ], [ 2.515349802478473, 48.22693037959916 ], [ 2.507345032316569, 48.228984796201161 ], [ 2.506191747348885, 48.238535730452874 ], [ 2.501745240038071, 48.238706025653933 ], [ 2.484178476405625, 48.238972590271949 ], [ 2.480612223275992, 48.241386395210874 ], [ 2.476787352436248, 48.250826238664494 ], [ 2.469090079862179, 48.255281818933248 ], [ 2.465405320800627, 48.253258711952263 ], [ 2.45179989878807, 48.25042508917727 ], [ 2.444508933333151, 48.254485060047642 ], [ 2.440143627689009, 48.253204778795883 ], [ 2.435639462122911, 48.254847959088096 ], [ 2.421716479895374, 48.263877441461737 ], [ 2.420108704264996, 48.266703858186354 ], [ 2.418345962759308, 48.279894819788183 ], [ 2.423098230005967, 48.292775669882438 ], [ 2.420761838263523, 48.299251486039836 ], [ 2.417749000043008, 48.302205881761004 ], [ 2.402664267131655, 48.320719459421213 ], [ 2.398935772023669, 48.315257149773785 ], [ 2.369945407698385, 48.308673200832949 ], [ 2.355802481894831, 48.310432565728078 ], [ 2.340361921981634, 48.318796174721491 ], [ 2.329310114298837, 48.332833056850788 ], [ 2.326153689546935, 48.330637767951274 ], [ 2.317182164764536, 48.331567092853668 ], [ 2.312424414795371, 48.330117971375984 ], [ 2.300207697094086, 48.311241638829635 ], [ 2.29670564981581, 48.308854522639798 ], [ 2.269118362847261, 48.315048682017959 ], [ 2.265536421303933, 48.31266914757623 ], [ 2.254850698257865, 48.301418307037864 ], [ 2.250100460510899, 48.29975072490096 ], [ 2.245157239684666, 48.298396636851244 ], [ 2.245229100099518, 48.301852207209336 ], [ 2.24821813657618, 48.315421660953206 ], [ 2.238046845675494, 48.316373357629196 ], [ 2.239598859068602, 48.319127598271017 ], [ 2.246310313838524, 48.329967546857489 ], [ 2.231821616416937, 48.329766470639811 ], [ 2.214690308563263, 48.336672148301702 ], [ 2.207089542809289, 48.344944155761141 ], [ 2.182947210424584, 48.323824825811364 ], [ 2.181484169905982, 48.31379135222641 ], [ 2.177842080980761, 48.312929328444994 ], [ 2.17083510116581, 48.315039897569797 ], [ 2.166995367884646, 48.3130334491714 ], [ 2.152668331569068, 48.314821278472074 ], [ 2.153877533680551, 48.308405557113439 ], [ 2.155435448664381, 48.30545642516244 ], [ 2.162390043174683, 48.301510842215251 ], [ 2.161589346735689, 48.298436927872601 ], [ 2.141158982961542, 48.299280177626528 ], [ 2.110599785181145, 48.296948951469595 ], [ 2.111701851158769, 48.300367416640576 ], [ 2.113716853702254, 48.307247860456258 ], [ 2.10870934698903, 48.307462196115615 ], [ 2.099894942137091, 48.304714140694998 ], [ 2.087542402758902, 48.294505933055639 ], [ 2.052708364878001, 48.295473909479021 ], [ 2.05146816625035, 48.290209158273704 ], [ 2.043235863291667, 48.286165752484081 ], [ 2.028993552425054, 48.288632154437252 ], [ 2.009276322329844, 48.285319366411684 ], [ 1.994084718059387, 48.286585877943054 ], [ 1.98902114804521, 48.28698362371928 ], [ 1.978956997959774, 48.287994965005673 ], [ 1.975455637091924, 48.294020412915138 ], [ 1.96621868820894, 48.296774467403623 ], [ 1.961905159944191, 48.302846384816469 ], [ 1.959227236695774, 48.308689574530597 ], [ 1.977211597257688, 48.31401117702719 ], [ 1.975600661429506, 48.323319084036562 ], [ 1.98234448293454, 48.32831706484518 ], [ 1.97061996972704, 48.339993859837925 ], [ 1.975622354317633, 48.356880955725686 ], [ 1.98735596650556, 48.363811021701004 ], [ 1.983902524160192, 48.36644474428639 ], [ 1.97702476073059, 48.379189081582567 ], [ 1.966722253461846, 48.380422349125482 ], [ 1.968536901305717, 48.383623269773167 ], [ 1.977244119724044, 48.399165289534466 ], [ 1.974978114866511, 48.401736963581264 ], [ 1.962225669433985, 48.404325251980367 ], [ 1.957736600737379, 48.405149628108646 ], [ 1.930424124571781, 48.403952703913497 ], [ 1.925893345008964, 48.412747184768286 ], [ 1.939015630727712, 48.422159512919094 ], [ 1.937300683741924, 48.435442066040885 ], [ 1.942894677475567, 48.440998293390649 ], [ 1.938329596229746, 48.441398399844843 ], [ 1.93251180088097, 48.44554787095268 ], [ 1.93062799784893, 48.453718268179102 ], [ 1.928571590975397, 48.455733060174985 ], [ 1.922148964837422, 48.457600286064157 ], [ 1.919885915492078, 48.447934836100472 ], [ 1.910149608506006, 48.445929437898222 ], [ 1.904520245434567, 48.440263368563194 ], [ 1.884120678394281, 48.440010314767413 ], [ 1.879441516481791, 48.440668006715455 ], [ 1.874392329798429, 48.440287322556124 ], [ 1.861090626121386, 48.444461092812567 ], [ 1.857022568460005, 48.446212434120284 ], [ 1.84734385500241, 48.446631669769211 ], [ 1.839126315842808, 48.458032032210319 ], [ 1.837136601678197, 48.461143574984646 ], [ 1.833170591972321, 48.467339685382917 ], [ 1.808028431315741, 48.465758352961224 ], [ 1.803139238530994, 48.466581893469197 ], [ 1.793065836956623, 48.481631119908968 ], [ 1.79633623805369, 48.484192490609686 ], [ 1.793192948193513, 48.486697767132043 ], [ 1.786640225436826, 48.491471423796405 ], [ 1.78942772307733, 48.494441891134088 ], [ 1.776842427661739, 48.512873722306161 ], [ 1.77630060442751, 48.526813270404169 ], [ 1.787245051977564, 48.553744564866733 ], [ 1.782718630164285, 48.553167523396517 ], [ 1.778177921215866, 48.552626148070225 ], [ 1.776033851035209, 48.555653952386379 ], [ 1.764942810362717, 48.562205775572401 ], [ 1.761507068494679, 48.571661405761994 ], [ 1.748456289351933, 48.576032089557607 ], [ 1.744584396544431, 48.574102032199484 ], [ 1.726922945027341, 48.572843776629711 ], [ 1.709252787466959, 48.578024346262367 ], [ 1.706156397505232, 48.583172726849106 ], [ 1.701989054658134, 48.584998621814158 ], [ 1.704473576733028, 48.588165474448665 ], [ 1.717848551444792, 48.60739167141169 ], [ 1.717431507876739, 48.610571874692177 ], [ 1.709778424846306, 48.613386001264956 ], [ 1.691233956983635, 48.613300569352859 ], [ 1.68776173780104, 48.61109423500654 ], [ 1.685197009399991, 48.613279043836783 ], [ 1.690247180486963, 48.616951221273176 ], [ 1.681591974929447, 48.619050810303428 ], [ 1.666354498393711, 48.613708235132286 ], [ 1.663558404172179, 48.616411782158004 ], [ 1.657429177749988, 48.621560720553084 ], [ 1.656908703988441, 48.628095170089381 ], [ 1.649567303590391, 48.632276399077135 ], [ 1.651574528306882, 48.638128704287524 ], [ 1.64705505081447, 48.639678791282897 ], [ 1.640838409827222, 48.644888806637951 ], [ 1.643197390732556, 48.651293973440303 ], [ 1.622748264487505, 48.650321692732952 ], [ 1.607565899225045, 48.659618227382445 ], [ 1.602706514382886, 48.663096839278673 ], [ 1.601707218515841, 48.666440673111218 ], [ 1.606204184107497, 48.679123797263436 ], [ 1.60862569206505, 48.68205778439895 ], [ 1.611295049484169, 48.688458033630205 ], [ 1.6066557684971, 48.689195559021194 ], [ 1.582188998502623, 48.696058956197021 ], [ 1.584038374335637, 48.699022588369679 ], [ 1.580727195203702, 48.701349154063408 ], [ 1.594878195232132, 48.709316072698748 ], [ 1.590011160297106, 48.712874957054417 ], [ 1.6150403081947, 48.73530639642366 ], [ 1.620257564079428, 48.736005501862458 ], [ 1.622704864698421, 48.740153712417182 ], [ 1.624960005496289, 48.749031244968862 ], [ 1.605226427225157, 48.760586350143313 ], [ 1.58490728226253, 48.763297799418446 ], [ 1.582927558423636, 48.767556128289939 ], [ 1.587594459771499, 48.773611295187941 ], [ 1.576732025874035, 48.785167242413941 ], [ 1.579434440023113, 48.808901602168909 ], [ 1.582797841585998, 48.810920432299021 ], [ 1.590482682448047, 48.817334764132234 ], [ 1.581793415286156, 48.829824902979503 ], [ 1.594496209325871, 48.835695581631789 ], [ 1.59489397301401, 48.839136264288655 ], [ 1.586621428202501, 48.843203377911074 ], [ 1.582069671574487, 48.844210891551853 ], [ 1.577268587716247, 48.844360765486314 ], [ 1.577938993950291, 48.847759758926699 ], [ 1.582962132029353, 48.857497649722752 ], [ 1.572071757960972, 48.863925278760469 ], [ 1.568638020457375, 48.865845084159169 ], [ 1.559904432208379, 48.867125479074282 ], [ 1.558838679826274, 48.864252356461989 ], [ 1.554898502151274, 48.865733930711393 ], [ 1.54623133735639, 48.872437893916185 ], [ 1.561309226454904, 48.887838793302997 ], [ 1.563741879046119, 48.89062929079946 ], [ 1.558715501373517, 48.891369395408539 ], [ 1.538520830873165, 48.906684921670426 ], [ 1.544341166892895, 48.910794246859737 ], [ 1.541664158268979, 48.915753509356833 ], [ 1.540523167399631, 48.918482860023637 ], [ 1.538249402202964, 48.921693060918081 ], [ 1.522954556569237, 48.924887307508165 ], [ 1.513924898541366, 48.921807547738425 ], [ 1.508132359529468, 48.927240043570265 ], [ 1.511542966569793, 48.933506447438859 ], [ 1.501796790270271, 48.941057018670968 ], [ 1.501523819798819, 48.941053606155137 ], [ 1.508641107803001, 48.950442257072545 ], [ 1.510995819945522, 48.953574466109124 ], [ 1.501028445527607, 48.953504217253062 ], [ 1.495147283138298, 48.966076089798896 ], [ 1.514626499932719, 48.976113265986221 ], [ 1.518387886304566, 48.97836326922377 ], [ 1.513492536461792, 48.978500562879745 ], [ 1.507903177403455, 48.983773469784303 ], [ 1.493874703303887, 48.97935307557168 ], [ 1.478260402068462, 48.979245933419463 ], [ 1.470889416211455, 48.974817132026757 ], [ 1.46886241473169, 48.977768255822099 ], [ 1.461702357365976, 48.988865009398488 ], [ 1.470983765443302, 48.991115189080368 ], [ 1.480170347053126, 49.002240219377548 ], [ 1.480401248545798, 49.005561800562916 ], [ 1.478135762858451, 49.008231181822218 ], [ 1.474046228736989, 49.00969018302208 ], [ 1.477095507857227, 49.014801296243597 ], [ 1.47184186568129, 49.018628737030404 ], [ 1.468018354005644, 49.020306762205202 ], [ 1.45776231576508, 49.026300036298998 ], [ 1.457510978933701, 49.029696348513141 ], [ 1.456845728590248, 49.036432889903558 ], [ 1.448209150080018, 49.04484734357019 ], [ 1.451257932860135, 49.051334917835966 ], [ 1.447279504766417, 49.05351389701088 ], [ 1.461614478417663, 49.063375040043553 ], [ 1.47664017728609, 49.053629015004958 ], [ 1.486847507578295, 49.051761529783938 ], [ 1.498031881946454, 49.058655767598303 ], [ 1.503301261259841, 49.059099240928184 ], [ 1.513149789065198, 49.077873058667514 ], [ 1.510268798093294, 49.084285305944519 ], [ 1.516636758277399, 49.079921568558476 ], [ 1.519954659868481, 49.071113411473661 ], [ 1.520997808762762, 49.068131586906489 ], [ 1.541303850238166, 49.073182036749387 ], [ 1.546672457767986, 49.072590598934696 ], [ 1.560831872222373, 49.070395870912726 ], [ 1.569242379762873, 49.074129423156805 ], [ 1.572262160248154, 49.07680923113179 ], [ 1.589843080813635, 49.081684045329119 ], [ 1.594359240732006, 49.082753123465061 ], [ 1.59908801245755, 49.084067309908583 ], [ 1.605928246582611, 49.080693635343323 ], [ 1.608796070629869, 49.077894153537947 ], [ 1.619511661107372, 49.084177706490706 ], [ 1.623321873890311, 49.086082883620044 ], [ 1.620143032462122, 49.096981438346148 ], [ 1.627034581840312, 49.105126606155828 ], [ 1.646558773926893, 49.121642079656546 ], [ 1.64811441469956, 49.12503167155247 ], [ 1.652876748305173, 49.128942756962495 ], [ 1.655990790983958, 49.13038935851317 ], [ 1.65322870431059, 49.14176050870671 ], [ 1.662682501928934, 49.152503500014653 ], [ 1.664303912489353, 49.153951225828969 ], [ 1.661447189600643, 49.156805910266783 ], [ 1.669326162395709, 49.169239098189017 ], [ 1.666334184332937, 49.175725044875577 ], [ 1.671824653107456, 49.180893024843122 ], [ 1.670338895375929, 49.189607540793581 ], [ 1.671348132113816, 49.19304448038195 ], [ 1.676461670078298, 49.202847599072243 ], [ 1.673206915567621, 49.205626140430482 ], [ 1.676291302225178, 49.212187848845268 ], [ 1.702869379452759, 49.22884996905119 ], [ 1.704364206596542, 49.232201775163389 ], [ 1.710811661195522, 49.237377856150033 ], [ 1.736324044867529, 49.22557284802469 ], [ 1.740453152102071, 49.223440195339855 ], [ 1.735795009219185, 49.221943849514794 ], [ 1.733979660635411, 49.21198945386746 ], [ 1.715608438879022, 49.206238400370808 ], [ 1.715582823738382, 49.20284836664144 ], [ 1.725709640414914, 49.197273305007215 ], [ 1.725913439334682, 49.194011556936744 ], [ 1.738950199891531, 49.192188584199002 ], [ 1.742877869003614, 49.18298636086115 ], [ 1.742694623806448, 49.179801433157088 ] ] ] ] } },
{ "type": "Feature", "properties": { "code_INSEE": 24, "NOM": "CENTRE-VAL DE LOIRE", "population": 2531588, "nb_dentist": 1157 }, "geometry": { "type": "MultiPolygon", "coordinates": [ [ [ [ 1.501796790270271, 48.941057018670968 ], [ 1.511542966569793, 48.933506447438859 ], [ 1.508132359529468, 48.927240043570265 ], [ 1.513924898541366, 48.921807547738425 ], [ 1.522954556569237, 48.924887307508165 ], [ 1.538249402202964, 48.921693060918081 ], [ 1.540523167399631, 48.918482860023637 ], [ 1.541664158268979, 48.915753509356833 ], [ 1.544341166892895, 48.910794246859737 ], [ 1.538520830873165, 48.906684921670426 ], [ 1.558715501373517, 48.891369395408539 ], [ 1.563741879046119, 48.89062929079946 ], [ 1.561309226454904, 48.887838793302997 ], [ 1.54623133735639, 48.872437893916185 ], [ 1.554898502151274, 48.865733930711393 ], [ 1.558838679826274, 48.864252356461989 ], [ 1.559904432208379, 48.867125479074282 ], [ 1.568638020457375, 48.865845084159169 ], [ 1.572071757960972, 48.863925278760469 ], [ 1.582962132029353, 48.857497649722752 ], [ 1.577938993950291, 48.847759758926699 ], [ 1.577268587716247, 48.844360765486314 ], [ 1.582069671574487, 48.844210891551853 ], [ 1.586621428202501, 48.843203377911074 ], [ 1.59489397301401, 48.839136264288655 ], [ 1.594496209325871, 48.835695581631789 ], [ 1.581793415286156, 48.829824902979503 ], [ 1.590482682448047, 48.817334764132234 ], [ 1.582797841585998, 48.810920432299021 ], [ 1.579434440023113, 48.808901602168909 ], [ 1.576732025874035, 48.785167242413941 ], [ 1.587594459771499, 48.773611295187941 ], [ 1.582927558423636, 48.767556128289939 ], [ 1.58490728226253, 48.763297799418446 ], [ 1.605226427225157, 48.760586350143313 ], [ 1.624960005496289, 48.749031244968862 ], [ 1.622704864698421, 48.740153712417182 ], [ 1.620257564079428, 48.736005501862458 ], [ 1.6150403081947, 48.73530639642366 ], [ 1.590011160297106, 48.712874957054417 ], [ 1.594878195232132, 48.709316072698748 ], [ 1.580727195203702, 48.701349154063408 ], [ 1.584038374335637, 48.699022588369679 ], [ 1.582188998502623, 48.696058956197021 ], [ 1.6066557684971, 48.689195559021194 ], [ 1.611295049484169, 48.688458033630205 ], [ 1.60862569206505, 48.68205778439895 ], [ 1.606204184107497, 48.679123797263436 ], [ 1.601707218515841, 48.666440673111218 ], [ 1.602706514382886, 48.663096839278673 ], [ 1.607565899225045, 48.659618227382445 ], [ 1.622748264487505, 48.650321692732952 ], [ 1.643197390732556, 48.651293973440303 ], [ 1.640838409827222, 48.644888806637951 ], [ 1.64705505081447, 48.639678791282897 ], [ 1.651574528306882, 48.638128704287524 ], [ 1.649567303590391, 48.632276399077135 ], [ 1.656908703988441, 48.628095170089381 ], [ 1.657429177749988, 48.621560720553084 ], [ 1.663558404172179, 48.616411782158004 ], [ 1.666354498393711, 48.613708235132286 ], [ 1.681591974929447, 48.619050810303428 ], [ 1.690247180486963, 48.616951221273176 ], [ 1.685197009399991, 48.613279043836783 ], [ 1.68776173780104, 48.61109423500654 ], [ 1.691233956983635, 48.613300569352859 ], [ 1.709778424846306, 48.613386001264956 ], [ 1.717431507876739, 48.610571874692177 ], [ 1.717848551444792, 48.60739167141169 ], [ 1.704473576733028, 48.588165474448665 ], [ 1.701989054658134, 48.584998621814158 ], [ 1.706156397505232, 48.583172726849106 ], [ 1.709252787466959, 48.578024346262367 ], [ 1.726922945027341, 48.572843776629711 ], [ 1.744584396544431, 48.574102032199484 ], [ 1.748456289351933, 48.576032089557607 ], [ 1.761507068494679, 48.571661405761994 ], [ 1.764942810362717, 48.562205775572401 ], [ 1.776033851035209, 48.555653952386379 ], [ 1.778177921215866, 48.552626148070225 ], [ 1.782718630164285, 48.553167523396517 ], [ 1.787245051977564, 48.553744564866733 ], [ 1.77630060442751, 48.526813270404169 ], [ 1.776842427661739, 48.512873722306161 ], [ 1.78942772307733, 48.494441891134088 ], [ 1.786640225436826, 48.491471423796405 ], [ 1.793192948193513, 48.486697767132043 ], [ 1.79633623805369, 48.484192490609686 ], [ 1.793065836956623, 48.481631119908968 ], [ 1.803139238530994, 48.466581893469197 ], [ 1.808028431315741, 48.465758352961224 ], [ 1.833170591972321, 48.467339685382917 ], [ 1.837136601678197, 48.461143574984646 ], [ 1.839126315842808, 48.458032032210319 ], [ 1.84734385500241, 48.446631669769211 ], [ 1.857022568460005, 48.446212434120284 ], [ 1.861090626121386, 48.444461092812567 ], [ 1.874392329798429, 48.440287322556124 ], [ 1.879441516481791, 48.440668006715455 ], [ 1.884120678394281, 48.440010314767413 ], [ 1.904520245434567, 48.440263368563194 ], [ 1.910149608506006, 48.445929437898222 ], [ 1.919885915492078, 48.447934836100472 ], [ 1.922148964837422, 48.457600286064157 ], [ 1.928571590975397, 48.455733060174985 ], [ 1.93062799784893, 48.453718268179102 ], [ 1.93251180088097, 48.44554787095268 ], [ 1.938329596229746, 48.441398399844843 ], [ 1.942894677475567, 48.440998293390649 ], [ 1.937300683741924, 48.435442066040885 ], [ 1.939015630727712, 48.422159512919094 ], [ 1.925893345008964, 48.412747184768286 ], [ 1.930424124571781, 48.403952703913497 ], [ 1.957736600737379, 48.405149628108646 ], [ 1.962225669433985, 48.404325251980367 ], [ 1.974978114866511, 48.401736963581264 ], [ 1.977244119724044, 48.399165289534466 ], [ 1.968536901305717, 48.383623269773167 ], [ 1.966722253461846, 48.380422349125482 ], [ 1.97702476073059, 48.379189081582567 ], [ 1.983902524160192, 48.36644474428639 ], [ 1.98735596650556, 48.363811021701004 ], [ 1.975622354317633, 48.356880955725686 ], [ 1.97061996972704, 48.339993859837925 ], [ 1.98234448293454, 48.32831706484518 ], [ 1.975600661429506, 48.323319084036562 ], [ 1.977211597257688, 48.31401117702719 ], [ 1.959227236695774, 48.308689574530597 ], [ 1.961905159944191, 48.302846384816469 ], [ 1.96621868820894, 48.296774467403623 ], [ 1.975455637091924, 48.294020412915138 ], [ 1.978956997959774, 48.287994965005673 ], [ 1.98902114804521, 48.28698362371928 ], [ 1.994084718059387, 48.286585877943054 ], [ 2.009276322329844, 48.285319366411684 ], [ 2.028993552425054, 48.288632154437252 ], [ 2.043235863291667, 48.286165752484081 ], [ 2.05146816625035, 48.290209158273704 ], [ 2.052708364878001, 48.295473909479021 ], [ 2.087542402758902, 48.294505933055639 ], [ 2.099894942137091, 48.304714140694998 ], [ 2.10870934698903, 48.307462196115615 ], [ 2.113716853702254, 48.307247860456258 ], [ 2.111701851158769, 48.300367416640576 ], [ 2.110599785181145, 48.296948951469595 ], [ 2.141158982961542, 48.299280177626528 ], [ 2.161589346735689, 48.298436927872601 ], [ 2.162390043174683, 48.301510842215251 ], [ 2.155435448664381, 48.30545642516244 ], [ 2.153877533680551, 48.308405557113439 ], [ 2.152668331569068, 48.314821278472074 ], [ 2.166995367884646, 48.3130334491714 ], [ 2.17083510116581, 48.315039897569797 ], [ 2.177842080980761, 48.312929328444994 ], [ 2.181484169905982, 48.31379135222641 ], [ 2.182947210424584, 48.323824825811364 ], [ 2.207089542809289, 48.344944155761141 ], [ 2.214690308563263, 48.336672148301702 ], [ 2.231821616416937, 48.329766470639811 ], [ 2.246310313838524, 48.329967546857489 ], [ 2.239598859068602, 48.319127598271017 ], [ 2.238046845675494, 48.316373357629196 ], [ 2.24821813657618, 48.315421660953206 ], [ 2.245229100099518, 48.301852207209336 ], [ 2.245157239684666, 48.298396636851244 ], [ 2.250100460510899, 48.29975072490096 ], [ 2.254850698257865, 48.301418307037864 ], [ 2.265536421303933, 48.31266914757623 ], [ 2.269118362847261, 48.315048682017959 ], [ 2.29670564981581, 48.308854522639798 ], [ 2.300207697094086, 48.311241638829635 ], [ 2.312424414795371, 48.330117971375984 ], [ 2.317182164764536, 48.331567092853668 ], [ 2.326153689546935, 48.330637767951274 ], [ 2.329310114298837, 48.332833056850788 ], [ 2.340361921981634, 48.318796174721491 ], [ 2.355802481894831, 48.310432565728078 ], [ 2.369945407698385, 48.308673200832949 ], [ 2.398935772023669, 48.315257149773785 ], [ 2.402664267131655, 48.320719459421213 ], [ 2.417749000043008, 48.302205881761004 ], [ 2.420761838263523, 48.299251486039836 ], [ 2.423098230005967, 48.292775669882438 ], [ 2.418345962759308, 48.279894819788183 ], [ 2.420108704264996, 48.266703858186354 ], [ 2.421716479895374, 48.263877441461737 ], [ 2.435639462122911, 48.254847959088096 ], [ 2.440143627689009, 48.253204778795883 ], [ 2.444508933333151, 48.254485060047642 ], [ 2.45179989878807, 48.25042508917727 ], [ 2.465405320800627, 48.253258711952263 ], [ 2.469090079862179, 48.255281818933248 ], [ 2.476787352436248, 48.250826238664494 ], [ 2.480612223275992, 48.241386395210874 ], [ 2.484178476405625, 48.238972590271949 ], [ 2.501745240038071, 48.238706025653933 ], [ 2.506191747348885, 48.238535730452874 ], [ 2.507345032316569, 48.228984796201161 ], [ 2.515349802478473, 48.22693037959916 ], [ 2.514118720147227, 48.214382173368875 ], [ 2.517403785513218, 48.214377641727516 ], [ 2.519931965980013, 48.201376786823204 ], [ 2.523010990262585, 48.198761821950036 ], [ 2.52029585836528, 48.193918843598382 ], [ 2.515405509159089, 48.193008063772723 ], [ 2.50884288105074, 48.180923403770151 ], [ 2.514910668918557, 48.164841616162356 ], [ 2.506327027888575, 48.156437575201998 ], [ 2.502031505174266, 48.158444158134252 ], [ 2.483237659350087, 48.164518230078286 ], [ 2.480872039609839, 48.161610384162813 ], [ 2.471850091055781, 48.154596614843278 ], [ 2.474044954394606, 48.151609949014507 ], [ 2.46109745969179, 48.138206805448995 ], [ 2.444255901746758, 48.131469749089604 ], [ 2.442692473139151, 48.125487316314342 ], [ 2.455859023189459, 48.123389135952287 ], [ 2.45895441914653, 48.125608031707145 ], [ 2.477562076359898, 48.129102379257041 ], [ 2.517284131092731, 48.125897186529265 ], [ 2.522209579970797, 48.125215356986629 ], [ 2.521723638826493, 48.12841686390616 ], [ 2.53439450217161, 48.138059945667855 ], [ 2.53750537078885, 48.140519759352415 ], [ 2.565814539717774, 48.141086261779378 ], [ 2.570562642831007, 48.140815691380837 ], [ 2.577867904598165, 48.13178063196326 ], [ 2.599013685120545, 48.131602455525012 ], [ 2.634454120763746, 48.138331443170514 ], [ 2.639666067910862, 48.138950369820293 ], [ 2.661584799423886, 48.123439016417372 ], [ 2.66474811510002, 48.120541543740558 ], [ 2.667569557907822, 48.120666511107402 ], [ 2.675484491060177, 48.125169791865453 ], [ 2.706547069604509, 48.124819245805043 ], [ 2.722461411233421, 48.137410529293184 ], [ 2.750334733145557, 48.144869433662969 ], [ 2.75519830556674, 48.145653478490757 ], [ 2.754254937466199, 48.151905318473858 ], [ 2.738384143992738, 48.16341592415823 ], [ 2.736406001798427, 48.166308937890257 ], [ 2.754681548831301, 48.161390337071552 ], [ 2.776680074818314, 48.165726142159677 ], [ 2.78097748423448, 48.16736286105003 ], [ 2.790239976836355, 48.16530111048381 ], [ 2.798958983153609, 48.168024726673735 ], [ 2.810917801665461, 48.164067305829235 ], [ 2.810418355552307, 48.160818163961132 ], [ 2.800412364763791, 48.153612098387846 ], [ 2.797907291641117, 48.140551343464828 ], [ 2.799465348288523, 48.137395591811561 ], [ 2.802391306826719, 48.13146162054251 ], [ 2.81633411513488, 48.130431346144817 ], [ 2.82087997898527, 48.129664477319636 ], [ 2.823315898231417, 48.132781584060844 ], [ 2.838307838343162, 48.135907513654416 ], [ 2.864437760207271, 48.15290217633779 ], [ 2.866823482562909, 48.156036269774965 ], [ 2.870991330867132, 48.156472813083141 ], [ 2.895206651223432, 48.158953304629094 ], [ 2.900047325483768, 48.159434406844753 ], [ 2.931136928010984, 48.162812955527791 ], [ 2.936314411640617, 48.163391744147773 ], [ 2.951969292020424, 48.164361953984347 ], [ 2.959952074377078, 48.15538476414774 ], [ 2.96361164510933, 48.152866453410816 ], [ 2.978175998469629, 48.150584499469964 ], [ 2.987615188370397, 48.152277532180882 ], [ 2.994043953603431, 48.143099829029083 ], [ 3.002137664966039, 48.141660236755776 ], [ 3.003885676876996, 48.144863574450156 ], [ 3.013229777703299, 48.143477164740574 ], [ 3.019049364346071, 48.137780456655889 ], [ 3.023121807419288, 48.135674125392583 ], [ 3.027273099074058, 48.130697164069169 ], [ 3.01588352103313, 48.115707935792393 ], [ 3.035099575535078, 48.115631794229046 ], [ 3.041212293900077, 48.096481028715274 ], [ 3.042902327438624, 48.093375923596469 ], [ 3.05019396632261, 48.091240382197867 ], [ 3.04988222210006, 48.088252983298823 ], [ 3.050471424275197, 48.072334131124734 ], [ 3.060277736017516, 48.064698612535608 ], [ 3.078931686632021, 48.060242207289981 ], [ 3.090344558094815, 48.053943856354685 ], [ 3.095364505974626, 48.053975893858031 ], [ 3.090536102621757, 48.048220460123865 ], [ 3.097619689433406, 48.039557895815186 ], [ 3.119730816263598, 48.032473342221905 ], [ 3.124262514588203, 48.031127804649287 ], [ 3.120647753750725, 48.028602860611564 ], [ 3.10217582599476, 48.022456049324276 ], [ 3.101149802403494, 48.019028317958714 ], [ 3.106570439343342, 48.013183168233986 ], [ 3.1208453400692, 48.009362775800916 ], [ 3.121123097114503, 47.995935828948824 ], [ 3.126676046765975, 47.991268418347751 ], [ 3.122988634255859, 47.985197881752185 ], [ 3.128497619536819, 47.979513485097108 ], [ 3.128118811205815, 47.972512478407047 ], [ 3.113424500770825, 47.963348287315426 ], [ 3.105271992622321, 47.94694102430396 ], [ 3.100759835905934, 47.947988910654161 ], [ 3.08868258612171, 47.943183955352204 ], [ 3.083939868998728, 47.942431486189498 ], [ 3.078742817759815, 47.933273633875238 ], [ 3.065213877116114, 47.930519077897358 ], [ 3.063161272414776, 47.927334373914405 ], [ 3.053812031300999, 47.924450181434267 ], [ 3.048243501229483, 47.911331233390577 ], [ 3.030665533114938, 47.907836290077377 ], [ 3.011818476353205, 47.904824823983041 ], [ 3.015430441201225, 47.898497649401477 ], [ 3.007226310159381, 47.895294555605332 ], [ 3.011490815982894, 47.875098797550237 ], [ 2.994904118246358, 47.867350408503462 ], [ 3.018187916577488, 47.861193210654172 ], [ 3.023296506150339, 47.861021310055143 ], [ 3.026906268836489, 47.858923566848894 ], [ 3.033823850977256, 47.843873908806415 ], [ 3.030665049667467, 47.837475793470176 ], [ 3.01387399501971, 47.831835976790693 ], [ 3.013992499163616, 47.825031932200133 ], [ 3.019403034232116, 47.819451116667665 ], [ 3.015472600475608, 47.813538634084665 ], [ 3.019881705567427, 47.813042962676931 ], [ 3.024344416451655, 47.813078121327614 ], [ 3.024262688134343, 47.809658089271295 ], [ 3.027584325789861, 47.799766175221642 ], [ 3.023798013861386, 47.786374673888972 ], [ 3.018803404172518, 47.786474584732012 ], [ 2.98890232528795, 47.786124557980777 ], [ 2.980450184702388, 47.782523345713912 ], [ 2.977353218219984, 47.77995770739507 ], [ 2.954511006042259, 47.774262872133448 ], [ 2.947189367537414, 47.765790479096914 ], [ 2.93748368041712, 47.766298721119234 ], [ 2.935591725105041, 47.763246571034912 ], [ 2.930559745400113, 47.76282967813075 ], [ 2.912915298059864, 47.76938815276722 ], [ 2.908378518391023, 47.768016638295997 ], [ 2.899666754670735, 47.76492237447416 ], [ 2.856477009002203, 47.761736275006356 ], [ 2.853882432478801, 47.758681929607789 ], [ 2.858407222022721, 47.748679003909274 ], [ 2.852538780193681, 47.728150591225059 ], [ 2.848650160490449, 47.725796478269515 ], [ 2.851135086073643, 47.719670263771441 ], [ 2.848968989765151, 47.716850296331522 ], [ 2.861174638404465, 47.710942999200704 ], [ 2.877732882892927, 47.71884602130725 ], [ 2.883506586880356, 47.713451542216518 ], [ 2.879660866866141, 47.703780948144939 ], [ 2.88406479218976, 47.702075266441135 ], [ 2.888654685493324, 47.700567610033673 ], [ 2.89309801960158, 47.6988796247294 ], [ 2.924159980425542, 47.682495551584097 ], [ 2.918154914162431, 47.669800368537302 ], [ 2.928230940987118, 47.658438902113311 ], [ 2.937222998349352, 47.659056138049351 ], [ 2.941581215848052, 47.657537247825204 ], [ 2.951155532280474, 47.647901664359324 ], [ 2.954234352460736, 47.645688679547945 ], [ 2.939684464596582, 47.638364291736657 ], [ 2.936157609792124, 47.636427205886186 ], [ 2.934061253048666, 47.630152341287221 ], [ 2.932320850483284, 47.627045991734022 ], [ 2.94361885908988, 47.607762683049181 ], [ 2.94035526846625, 47.598210848033254 ], [ 2.94569767878534, 47.592254675052935 ], [ 2.959326766288642, 47.587516586283293 ], [ 2.964870213771504, 47.574457584421886 ], [ 2.974820706451287, 47.572713908538489 ], [ 2.976538012003622, 47.569428797095796 ], [ 2.971790551167376, 47.567915527979821 ], [ 2.958658231053433, 47.557380064123812 ], [ 2.953843490673086, 47.558611442690804 ], [ 2.914297452553069, 47.565970182718523 ], [ 2.912957992254654, 47.563637849441356 ], [ 2.909374085901136, 47.559611524275248 ], [ 2.905813998587563, 47.557466383392345 ], [ 2.883391500580286, 47.552720406261585 ], [ 2.878365611598434, 47.552670266497934 ], [ 2.86858262246922, 47.546007623459424 ], [ 2.856629541986299, 47.551412384332195 ], [ 2.845187159794147, 47.544934749261913 ], [ 2.846885283851481, 47.541534452049113 ], [ 2.874625206405637, 47.520423112539795 ], [ 2.887256452816126, 47.510615334499157 ], [ 2.889574073828594, 47.507764056968483 ], [ 2.891631776311617, 47.50194196331681 ], [ 2.892394900474029, 47.498981143013168 ], [ 2.897130048778577, 47.488732562160052 ], [ 2.897163493218339, 47.485149930881789 ], [ 2.917779553343721, 47.463787244848191 ], [ 2.919191400202701, 47.460619613139158 ], [ 2.919831354068275, 47.458729683395021 ], [ 2.931884535830079, 47.436808924941516 ], [ 2.931557160407742, 47.433433030726782 ], [ 2.920905913019713, 47.423155109323496 ], [ 2.919620272691409, 47.413657179593073 ], [ 2.919770922292592, 47.410470587091531 ], [ 2.893026488787417, 47.369084599390241 ], [ 2.890554896460737, 47.36599456138044 ], [ 2.882080111971828, 47.357587244929434 ], [ 2.879781811942537, 47.354533145814301 ], [ 2.877112688558709, 47.351559625264365 ], [ 2.870246814453292, 47.342342877365333 ], [ 2.873694968625038, 47.32910433160751 ], [ 2.879024465128571, 47.32027873354896 ], [ 2.894950170091953, 47.31376753487956 ], [ 2.899452709404684, 47.312745252782932 ], [ 2.909119289605585, 47.31058365284877 ], [ 2.912961501732195, 47.308318000106013 ], [ 2.91612902644267, 47.305646625673205 ], [ 2.923335790387726, 47.300844332312344 ], [ 2.926779876780413, 47.298451916616735 ], [ 2.941562763652794, 47.285154707533728 ], [ 2.973547343095456, 47.26994321021693 ], [ 2.981657619862601, 47.262508692359269 ], [ 2.982757162081548, 47.256558177560471 ], [ 2.98180613033062, 47.253524168512698 ], [ 2.979025769960576, 47.229063601191143 ], [ 2.991121860154863, 47.209691370669105 ], [ 2.993843777829701, 47.206675633134111 ], [ 2.995918087696023, 47.203803851069992 ], [ 2.99774120160263, 47.200850999295781 ], [ 3.015206313531808, 47.162434990961124 ], [ 3.015944520445856, 47.159094819284263 ], [ 3.019282888567557, 47.156285406300832 ], [ 3.020588268930684, 47.152981113145415 ], [ 3.017179076825485, 47.139783361805286 ], [ 3.024959741521434, 47.131112080791219 ], [ 3.028282785470963, 47.12843742726966 ], [ 3.029381730023157, 47.111655515359807 ], [ 3.029999683245491, 47.10831522253666 ], [ 3.030249522795519, 47.107054728431436 ], [ 3.030102492158812, 47.103507556360931 ], [ 3.031362120205017, 47.0928835698207 ], [ 3.022524263938386, 47.080164204906261 ], [ 3.020041492301254, 47.066785948673186 ], [ 3.022240680082713, 47.063652433649011 ], [ 3.05051688949506, 47.050678889974108 ], [ 3.053965685801812, 47.0482554569247 ], [ 3.060101168926038, 47.045857562007598 ], [ 3.063618306801766, 47.046170792653676 ], [ 3.072676112204176, 47.033281757761131 ], [ 3.074778494863201, 47.029994210059733 ], [ 3.074758922345478, 47.015858996415119 ], [ 3.073674713449534, 47.012375395082159 ], [ 3.065841214357627, 47.000459657972407 ], [ 3.06532398721742, 46.997173711390204 ], [ 3.062751386009805, 46.98025769872342 ], [ 3.075118510914433, 46.962063282902832 ], [ 3.079337309976087, 46.96024174960737 ], [ 3.078275397767386, 46.953426811275527 ], [ 3.06825405387049, 46.941521489540392 ], [ 3.066028598717236, 46.938425559437277 ], [ 3.064553118012291, 46.935734327019631 ], [ 3.050227110007947, 46.909153797540178 ], [ 3.058074197497417, 46.900281506280869 ], [ 3.061144741859144, 46.897380734459723 ], [ 3.062334255725524, 46.892347037314146 ], [ 3.063605444947306, 46.8899513597012 ], [ 3.069401520750112, 46.852258331370486 ], [ 3.056647027805517, 46.841973965614542 ], [ 3.054583668833849, 46.838769602182829 ], [ 3.056940361542765, 46.833915394665141 ], [ 3.058486001906952, 46.831591628411672 ], [ 3.057639498253465, 46.825136294020673 ], [ 3.041154108929955, 46.812673008184937 ], [ 3.039066663232945, 46.80962141689114 ], [ 3.03212249793615, 46.798062547436189 ], [ 3.032068189394675, 46.794911188525951 ], [ 3.027583628727335, 46.793372679631773 ], [ 3.016140442259341, 46.799830669839345 ], [ 2.996604262242486, 46.796959501795577 ], [ 2.979898507526256, 46.803422607054863 ], [ 2.959914690820694, 46.80387657677332 ], [ 2.952502748147393, 46.792681878451617 ], [ 2.944387384995055, 46.792993377144732 ], [ 2.939890437513807, 46.793189200579818 ], [ 2.936099036422424, 46.79539311949798 ], [ 2.912940985067784, 46.790191647672842 ], [ 2.908912919668182, 46.784471016990821 ], [ 2.910923563929242, 46.781348217648784 ], [ 2.898967264154719, 46.77567483069037 ], [ 2.894343845055787, 46.774167008325861 ], [ 2.880421859190853, 46.770029538419287 ], [ 2.875345791180723, 46.760641968317813 ], [ 2.844634156948538, 46.742362350342738 ], [ 2.843818014510696, 46.739227827553528 ], [ 2.845726733090454, 46.726615683344754 ], [ 2.841167959596951, 46.727320791981946 ], [ 2.82748528478533, 46.735332702366613 ], [ 2.822560879242511, 46.735415240620462 ], [ 2.793415960855045, 46.733556690614009 ], [ 2.782748080980878, 46.722461946422868 ], [ 2.774749707681622, 46.718952931124669 ], [ 2.771375304083497, 46.721260323654548 ], [ 2.758521155457045, 46.717659365577141 ], [ 2.755115266350652, 46.723910027206607 ], [ 2.743797447764635, 46.730548386529357 ], [ 2.734528130455327, 46.746221491701263 ], [ 2.730642090457197, 46.747995254925279 ], [ 2.704832967975679, 46.739035779439327 ], [ 2.703897784226279, 46.725599205913213 ], [ 2.698462840965719, 46.721064976600815 ], [ 2.688603338986335, 46.721182726415748 ], [ 2.676174523579884, 46.710838558866769 ], [ 2.677795383170071, 46.704612215378802 ], [ 2.674262314837088, 46.702279157713257 ], [ 2.656179379582205, 46.697355128360385 ], [ 2.648080552773412, 46.68895663494164 ], [ 2.628221312753614, 46.690307678973767 ], [ 2.623478232381221, 46.689310749419356 ], [ 2.621637693385702, 46.679273934319575 ], [ 2.631837780193117, 46.67220273876277 ], [ 2.631559994954789, 46.668798222913814 ], [ 2.623913816878941, 46.656626585968894 ], [ 2.607039914719292, 46.662638926238941 ], [ 2.606154625224521, 46.669299085838688 ], [ 2.570550715916655, 46.659266534721418 ], [ 2.570439362498545, 46.6568079284757 ], [ 2.566995239868939, 46.652481885085017 ], [ 2.588996580264515, 46.648096691226897 ], [ 2.593100474986189, 46.646580586560283 ], [ 2.596324693858384, 46.636723191453505 ], [ 2.584599353380158, 46.626362261980212 ], [ 2.588656885608783, 46.616949274035377 ], [ 2.572922015094982, 46.61045353853175 ], [ 2.568383393043465, 46.609392015657342 ], [ 2.577380353550971, 46.606733224653766 ], [ 2.583888257009728, 46.594592025536599 ], [ 2.59846058156509, 46.595310365180346 ], [ 2.608340008999607, 46.572950451447603 ], [ 2.609356295349045, 46.569613256401603 ], [ 2.605667969096954, 46.563288455913728 ], [ 2.613262271367891, 46.554607000192 ], [ 2.576552329448606, 46.538521009614769 ], [ 2.570133419433719, 46.533409490842992 ], [ 2.551790308019389, 46.528404586536567 ], [ 2.540403148232221, 46.521921110665225 ], [ 2.536651944236374, 46.519708850229428 ], [ 2.53268238539404, 46.521700733012572 ], [ 2.529407604005318, 46.52780144466039 ], [ 2.520282499857105, 46.529924654048621 ], [ 2.509759654626474, 46.523450741582522 ], [ 2.500235390999904, 46.522148878703931 ], [ 2.496525654891881, 46.531155260334167 ], [ 2.482928804775877, 46.532697444644008 ], [ 2.478655004948066, 46.530724042339024 ], [ 2.446148414179142, 46.52104434671039 ], [ 2.437938605480954, 46.525281529775754 ], [ 2.42780763911539, 46.525978695417137 ], [ 2.41463413907002, 46.520833390930122 ], [ 2.38409858143027, 46.518295802221012 ], [ 2.368300280591127, 46.518434763382942 ], [ 2.363696532476795, 46.517238626597354 ], [ 2.334315249856641, 46.499566061412906 ], [ 2.324968569508763, 46.487741942420065 ], [ 2.329630340959712, 46.481826176109102 ], [ 2.330813852658597, 46.47886150997666 ], [ 2.321409090338642, 46.468909708910111 ], [ 2.316996100839727, 46.468505214051746 ], [ 2.313096941097923, 46.470769083963127 ], [ 2.305465362068146, 46.475432514703776 ], [ 2.284665622664718, 46.451360136778149 ], [ 2.278431541624116, 46.427214647216132 ], [ 2.281047610130065, 46.420405373181026 ], [ 2.276283376939865, 46.42127577275992 ], [ 2.256960519398906, 46.423132760627972 ], [ 2.253657638653535, 46.425650631577781 ], [ 2.24888308226011, 46.426258680204754 ], [ 2.220649295815086, 46.423584077228348 ], [ 2.197830688495315, 46.428297789910296 ], [ 2.194075251444955, 46.425975053740387 ], [ 2.184897387772404, 46.423154351440161 ], [ 2.180482222019487, 46.423203793235736 ], [ 2.167785580903403, 46.424075504924716 ], [ 2.149205652832555, 46.423902553001568 ], [ 2.140603050701151, 46.421100565615944 ], [ 2.115972369626248, 46.421533870876097 ], [ 2.103440062007783, 46.41076499041079 ], [ 2.088622881693277, 46.410071320214669 ], [ 2.088748546965612, 46.410342480177476 ], [ 2.084371307216657, 46.411289023774358 ], [ 2.072452120264224, 46.420107984537843 ], [ 2.063459097729342, 46.421349336019404 ], [ 2.058492968780299, 46.420876240494863 ], [ 2.029414714801389, 46.424595077860651 ], [ 2.026333720478823, 46.427216401675835 ], [ 1.993082366902662, 46.430917389355791 ], [ 1.990775547233625, 46.43522858938443 ], [ 1.986597152842202, 46.435785940200859 ], [ 1.98110768702772, 46.440284792694492 ], [ 1.976055126032883, 46.439501169482234 ], [ 1.926118533173424, 46.431910258948314 ], [ 1.92287033531297, 46.434149036176741 ], [ 1.919538098628215, 46.439962083793404 ], [ 1.911555607435452, 46.443092225965259 ], [ 1.899831137052703, 46.438567221922455 ], [ 1.895330801073244, 46.438235606955516 ], [ 1.887680487252531, 46.440989074539701 ], [ 1.883955999486462, 46.432649680519752 ], [ 1.878921048527409, 46.432375225418426 ], [ 1.85374734351104, 46.433467142321355 ], [ 1.842569777653723, 46.426807354813938 ], [ 1.818454546558738, 46.431423390891247 ], [ 1.816985805523283, 46.438495593992059 ], [ 1.802116391322248, 46.448282803583744 ], [ 1.798244334137866, 46.454906285872838 ], [ 1.793694058560219, 46.453849700342289 ], [ 1.784545692382745, 46.455076560835707 ], [ 1.747590198721345, 46.450021456004407 ], [ 1.75009187186375, 46.447743396870003 ], [ 1.752657637609585, 46.445502007173729 ], [ 1.758295612391281, 46.439916865713819 ], [ 1.755270002171108, 46.437209236204914 ], [ 1.759737439310097, 46.427486648358155 ], [ 1.74876733338908, 46.412318368132858 ], [ 1.750548743134075, 46.405592570881346 ], [ 1.745904546151046, 46.404307846885025 ], [ 1.728320447827334, 46.392405730907889 ], [ 1.727841012714583, 46.388960164405695 ], [ 1.709399602818538, 46.393346049832729 ], [ 1.683602520259506, 46.41817777856285 ], [ 1.679334653396535, 46.41642637632706 ], [ 1.661633665384704, 46.404404463284159 ], [ 1.655209852586241, 46.395115874232843 ], [ 1.651331609127452, 46.392980722381807 ], [ 1.641089661961545, 46.385591382870132 ], [ 1.627341445734399, 46.389425477113171 ], [ 1.614415092198096, 46.40337268019686 ], [ 1.621235646448743, 46.419404898830479 ], [ 1.609055140436722, 46.423165752692832 ], [ 1.604991228656216, 46.421152859227007 ], [ 1.592031383560034, 46.407601770515647 ], [ 1.577488632036083, 46.409096583958139 ], [ 1.57435656399439, 46.406382696823236 ], [ 1.569632708347453, 46.405305904715803 ], [ 1.555196166804611, 46.39589276970883 ], [ 1.546252747058991, 46.395923284902238 ], [ 1.543636739928866, 46.416414970989251 ], [ 1.534713601247972, 46.42429825708934 ], [ 1.525351019352817, 46.426654413452752 ], [ 1.521022327664002, 46.425382590220735 ], [ 1.510432862684236, 46.419210766329748 ], [ 1.509319332221919, 46.412774795429769 ], [ 1.500104828292912, 46.405503127135553 ], [ 1.497997544475443, 46.39738778845679 ], [ 1.496953760797612, 46.394636137994254 ], [ 1.493588476575603, 46.39724861446912 ], [ 1.479633814497143, 46.393974384153502 ], [ 1.463704384297134, 46.37627968450284 ], [ 1.44515516006046, 46.371930438263156 ], [ 1.437093012883574, 46.363111024553092 ], [ 1.43659009232003, 46.356133137709463 ], [ 1.415190510113802, 46.347218495872951 ], [ 1.411547631843999, 46.349500488114657 ], [ 1.407002746594509, 46.362640640562518 ], [ 1.395143994148544, 46.368643853424075 ], [ 1.396570819109631, 46.371897265881124 ], [ 1.39195008971598, 46.371066659669786 ], [ 1.376609209700419, 46.383341456768719 ], [ 1.373905307237741, 46.385860813810091 ], [ 1.362549608861555, 46.395632662314796 ], [ 1.359388710930241, 46.397721821294162 ], [ 1.344678084269243, 46.401598383549576 ], [ 1.340491585077596, 46.399700230657714 ], [ 1.312647800426999, 46.393707773709828 ], [ 1.321836012605832, 46.386565875520333 ], [ 1.311034871352277, 46.381038484867481 ], [ 1.310512125897543, 46.37437477332724 ], [ 1.283019507277951, 46.372207918933036 ], [ 1.279553651843116, 46.376487967384172 ], [ 1.274571695445691, 46.376421724375319 ], [ 1.260210139554608, 46.378716493553576 ], [ 1.250655875205898, 46.376750986245298 ], [ 1.23816486653289, 46.366200788504763 ], [ 1.217969981306461, 46.368255851558501 ], [ 1.21331897422422, 46.374406906373757 ], [ 1.212952463627982, 46.388001685463479 ], [ 1.208385310575959, 46.389145997994085 ], [ 1.193499320110508, 46.380732901975534 ], [ 1.19289346613055, 46.377408721923089 ], [ 1.188679659204662, 46.376936570908512 ], [ 1.180777253091025, 46.378594208253588 ], [ 1.177279956805368, 46.383951622152964 ], [ 1.195400132926239, 46.400019957129537 ], [ 1.193411490381865, 46.409761074758876 ], [ 1.211267568555795, 46.429920587813967 ], [ 1.213065862887269, 46.433083147997188 ], [ 1.203363410678926, 46.433795563285905 ], [ 1.195476804179962, 46.429618074930289 ], [ 1.185834883561199, 46.429303156656538 ], [ 1.185482539821239, 46.439511462714826 ], [ 1.168524464376929, 46.446347280092603 ], [ 1.163780075901582, 46.446775494850662 ], [ 1.150917042605112, 46.450296885999251 ], [ 1.135514167886938, 46.470888848780703 ], [ 1.152955761423565, 46.472838412902043 ], [ 1.136124699400062, 46.493461430608022 ], [ 1.136832970917028, 46.496778550756417 ], [ 1.145329013679006, 46.500069148133647 ], [ 1.149143140437092, 46.502211570058691 ], [ 1.146902952912892, 46.505183611475374 ], [ 1.123720035359106, 46.522324179203309 ], [ 1.119413615128192, 46.524225987897346 ], [ 1.104139112046559, 46.53343122439481 ], [ 1.090093857931798, 46.537584038104271 ], [ 1.080132041423494, 46.536183324447229 ], [ 1.065509160023956, 46.53925161695593 ], [ 1.020409361364244, 46.537147057078435 ], [ 1.019938074963379, 46.540417546923052 ], [ 1.024705144168108, 46.549705355323525 ], [ 1.014764424983161, 46.567763998822002 ], [ 1.009905708033614, 46.567418418659955 ], [ 0.990588917619724, 46.566036098010834 ], [ 0.982014858157683, 46.573271264702093 ], [ 0.962437165705925, 46.572537159178843 ], [ 0.95559838465871, 46.577612496962956 ], [ 0.941367291053159, 46.580879388345586 ], [ 0.937758104351617, 46.594424656766662 ], [ 0.933283825666107, 46.594569184211792 ], [ 0.916277615004998, 46.597125393542193 ], [ 0.908476614023525, 46.605279091886715 ], [ 0.904895646003667, 46.618175414015425 ], [ 0.89399256418278, 46.628658401255038 ], [ 0.895517637980864, 46.631821020526459 ], [ 0.907628044178796, 46.646715861732375 ], [ 0.915637860821686, 46.650671906043385 ], [ 0.907339809863493, 46.666436781445654 ], [ 0.911839824225602, 46.672589766563064 ], [ 0.907242588843476, 46.678135565171786 ], [ 0.902261512432079, 46.677666264492956 ], [ 0.918154990607082, 46.69048499825071 ], [ 0.927133459156448, 46.693601953386505 ], [ 0.924812462982454, 46.700216357901738 ], [ 0.92158744099619, 46.70272505574755 ], [ 0.910404158395805, 46.717410974558803 ], [ 0.911171874981378, 46.727071705033595 ], [ 0.902830211631302, 46.730405433951077 ], [ 0.898324726219211, 46.735799459621411 ], [ 0.87980288308316, 46.738746610662936 ], [ 0.867468880708135, 46.748219105048463 ], [ 0.86560200236439, 46.751039746163038 ], [ 0.859742971614934, 46.755722615145736 ], [ 0.858729477081187, 46.759153532079864 ], [ 0.844840123272484, 46.7630191559116 ], [ 0.82939560079844, 46.776869974366051 ], [ 0.826099067077435, 46.786823854040897 ], [ 0.813353602241095, 46.79168025074695 ], [ 0.815597292948596, 46.804999772691701 ], [ 0.810162415316481, 46.814191974453955 ], [ 0.809857326881814, 46.815897559621057 ], [ 0.809040950304579, 46.819214724586068 ], [ 0.807996570949758, 46.829138914300678 ], [ 0.794667467917979, 46.832892393677177 ], [ 0.786885210306694, 46.841227865658162 ], [ 0.796638770572435, 46.847350901214448 ], [ 0.795013239102749, 46.85051735618643 ], [ 0.771389165601288, 46.850953953949563 ], [ 0.766355814636823, 46.85584645190729 ], [ 0.771792406211874, 46.861257183450583 ], [ 0.765644957126299, 46.865119256147743 ], [ 0.753422662446182, 46.860584801686144 ], [ 0.743522470477882, 46.871587355242923 ], [ 0.73926652842682, 46.872854962634619 ], [ 0.729468291952215, 46.883182814319511 ], [ 0.727283870442301, 46.886085147762294 ], [ 0.704670234593241, 46.902885902457427 ], [ 0.70373828500063, 46.909361705047083 ], [ 0.70487416290796, 46.912329776883396 ], [ 0.708917621358347, 46.917724643427398 ], [ 0.703170741971984, 46.925824982897346 ], [ 0.706179289895962, 46.936108296756842 ], [ 0.69598293531668, 46.959369113480328 ], [ 0.69517621255453, 46.962244346100029 ], [ 0.695274671427368, 46.96919096273124 ], [ 0.690171801183396, 46.974979656865443 ], [ 0.660467737684773, 46.978983711115887 ], [ 0.651538408150337, 46.986999000495892 ], [ 0.637793816724031, 46.98525014866334 ], [ 0.633559591395376, 46.986658603146189 ], [ 0.623983804201516, 46.993685778162558 ], [ 0.62188843224219, 46.999416404751052 ], [ 0.623652347021709, 47.00241620352822 ], [ 0.618489892132915, 47.007516091735305 ], [ 0.59055591651332, 47.006729060883274 ], [ 0.585908970362872, 47.006109501814116 ], [ 0.567742433892661, 47.006286500502213 ], [ 0.566949952286981, 47.002540625158339 ], [ 0.567922352562186, 46.999660657988144 ], [ 0.574382319237307, 46.992437390759328 ], [ 0.573146310896351, 46.989474895525582 ], [ 0.5736830093976, 46.983387983384254 ], [ 0.576875958580962, 46.980869897343361 ], [ 0.598804416441962, 46.974924071217771 ], [ 0.601700837055898, 46.958887685156057 ], [ 0.598205322800499, 46.956427885171962 ], [ 0.563306032007742, 46.955776614627695 ], [ 0.554198532114039, 46.958475273446496 ], [ 0.549556265152068, 46.959592758234884 ], [ 0.512901980959748, 46.955862269917418 ], [ 0.505189825415862, 46.959911381471031 ], [ 0.502577412974182, 46.957791987304461 ], [ 0.491285328238051, 46.955321830064506 ], [ 0.486465048276945, 46.954018758448278 ], [ 0.444803407169715, 46.941157891681904 ], [ 0.443882105934132, 46.938110679527881 ], [ 0.438709660253637, 46.929582071059038 ], [ 0.434520992989781, 46.93166890588634 ], [ 0.420737639108811, 46.936387886521189 ], [ 0.405362259383977, 46.936132817342276 ], [ 0.401133681946143, 46.938190551142689 ], [ 0.387819916897162, 46.943709023756057 ], [ 0.38281957146368, 46.9437487299476 ], [ 0.364629656728331, 46.94856821396229 ], [ 0.348073922866477, 46.936369169674911 ], [ 0.343125321472151, 46.936705616313944 ], [ 0.325352245560208, 46.930943281355738 ], [ 0.321021084884942, 46.932626399502922 ], [ 0.310568580968259, 46.939707063736364 ], [ 0.302029113788178, 46.955317903996843 ], [ 0.303022015103662, 46.95835907529802 ], [ 0.306402033780593, 46.963933432106508 ], [ 0.298205829095253, 46.971263969729534 ], [ 0.306588924317683, 46.97892829828961 ], [ 0.291436044256924, 46.990266756958249 ], [ 0.29608840776835, 46.990168703549777 ], [ 0.310728226614364, 46.997312454079506 ], [ 0.308175059901663, 46.999928474045646 ], [ 0.306204081870692, 47.008819024001674 ], [ 0.300585361524646, 47.021101588756075 ], [ 0.309935377992288, 47.028031252331552 ], [ 0.309073730993448, 47.031308293560954 ], [ 0.307895373855816, 47.047270927649727 ], [ 0.298426203994731, 47.053977332714226 ], [ 0.294507699862917, 47.051948772443843 ], [ 0.267676550583239, 47.044047106316157 ], [ 0.264221285210147, 47.046433667225642 ], [ 0.263549830313209, 47.068506917762782 ], [ 0.243871797323292, 47.070948912380501 ], [ 0.235155325800082, 47.069164110342236 ], [ 0.232832149139368, 47.066387851916559 ], [ 0.228055744817668, 47.061327530690136 ], [ 0.208198503766238, 47.053236797573668 ], [ 0.194403705039135, 47.063001477034092 ], [ 0.180336949050161, 47.059460769474605 ], [ 0.175696157349354, 47.06072575469652 ], [ 0.176727105808432, 47.064201392224582 ], [ 0.174011383140746, 47.06721604884379 ], [ 0.177027348591492, 47.073830280380221 ], [ 0.194950517251241, 47.086455788544299 ], [ 0.19804254778988, 47.092945062125345 ], [ 0.185353539149316, 47.104041893081643 ], [ 0.183487069930519, 47.114509688550108 ], [ 0.179245101333641, 47.113361255899179 ], [ 0.167829115810648, 47.1083615345838 ], [ 0.161916887367775, 47.100108538177984 ], [ 0.158611840958306, 47.102739023976341 ], [ 0.134945994101226, 47.108371078566712 ], [ 0.134143638659981, 47.115270090175628 ], [ 0.140682856499005, 47.124594073651068 ], [ 0.137322337520868, 47.122258699476816 ], [ 0.127952344123195, 47.12099933086489 ], [ 0.123966215501265, 47.12693627636633 ], [ 0.110323132779915, 47.129289872963241 ], [ 0.104720450958066, 47.120798343716686 ], [ 0.090197545311822, 47.121857234241091 ], [ 0.082432077123067, 47.117796625345441 ], [ 0.077943278201908, 47.127070840814966 ], [ 0.081434660996484, 47.133285225625876 ], [ 0.078390089196379, 47.146334653307754 ], [ 0.068953456646261, 47.144059880593218 ], [ 0.064921396261097, 47.146083811127959 ], [ 0.05373978484957, 47.164610743218411 ], [ 0.056640374737244, 47.167369274396314 ], [ 0.06351953464175, 47.176390943590953 ], [ 0.066593707568261, 47.189802256481187 ], [ 0.061892114856141, 47.190953314382639 ], [ 0.05380724342113, 47.198856010358831 ], [ 0.068290873522326, 47.214196458257135 ], [ 0.072875914221785, 47.21449259039386 ], [ 0.076841901332238, 47.219367443178612 ], [ 0.07245051709466, 47.219878163997329 ], [ 0.07383775512891, 47.233507565315648 ], [ 0.069096031236347, 47.243333474254385 ], [ 0.076367243087684, 47.251931309244675 ], [ 0.080109649996364, 47.271691623186513 ], [ 0.083192602526621, 47.274147492315983 ], [ 0.08748588666022, 47.275525612912723 ], [ 0.088557117038914, 47.282381029038142 ], [ 0.082382222877711, 47.286874302670533 ], [ 0.100308554205293, 47.308205471402324 ], [ 0.111108781635234, 47.315726592271773 ], [ 0.117888886567947, 47.328840107460685 ], [ 0.117462242139761, 47.332342745378845 ], [ 0.135493782877917, 47.335365387632116 ], [ 0.144439136798564, 47.342819277460436 ], [ 0.147298360625691, 47.345375792304004 ], [ 0.142849896180124, 47.358724524773407 ], [ 0.14040529142421, 47.361808185794736 ], [ 0.153859858555044, 47.363093467430048 ], [ 0.15766610242409, 47.365321553555056 ], [ 0.182142677701848, 47.381942798357684 ], [ 0.16873161190468, 47.386012666367961 ], [ 0.168248994128331, 47.396152742211413 ], [ 0.1538644601448, 47.398728982992935 ], [ 0.156771524132607, 47.401448430805715 ], [ 0.180943378895179, 47.41660257246923 ], [ 0.185149430352907, 47.426216537363537 ], [ 0.184493923103149, 47.429596545237601 ], [ 0.180874107213498, 47.453225834678001 ], [ 0.184246880599681, 47.455757539160203 ], [ 0.19885049009083, 47.476412664605043 ], [ 0.200659432262687, 47.48449972961977 ], [ 0.20415010876476, 47.486610241986256 ], [ 0.220109252401355, 47.501953297116216 ], [ 0.219715225175464, 47.505186471639902 ], [ 0.224843124433922, 47.527277042901439 ], [ 0.207174644622573, 47.526674797874705 ], [ 0.205636882855792, 47.532942908701443 ], [ 0.193120313500402, 47.538037404480811 ], [ 0.200087308850882, 47.543167874982032 ], [ 0.214089362316793, 47.568785883496332 ], [ 0.21893620768659, 47.57359414114741 ], [ 0.230575780680032, 47.577311688991763 ], [ 0.234568112476617, 47.57861331520003 ], [ 0.230576254770297, 47.585003489740771 ], [ 0.230001726353218, 47.608398291917055 ], [ 0.232709128854908, 47.610894307946083 ], [ 0.254560193510432, 47.612031766350384 ], [ 0.259114821219473, 47.612300922529286 ], [ 0.275411962283493, 47.599100678232467 ], [ 0.322103930873394, 47.595236984434862 ], [ 0.339494328246965, 47.583179044290837 ], [ 0.33910665921314, 47.579738782667128 ], [ 0.374659947534474, 47.570511367648344 ], [ 0.37848363992656, 47.568525933307768 ], [ 0.397912915395315, 47.577534892598969 ], [ 0.402577003026195, 47.578512432410982 ], [ 0.396799805118228, 47.591361469124074 ], [ 0.39508498905378, 47.594583402447114 ], [ 0.382414187504051, 47.609979466543052 ], [ 0.373232620705796, 47.61333961431734 ], [ 0.364557263472415, 47.622069107988303 ], [ 0.381436730804695, 47.639677317134648 ], [ 0.382787757364148, 47.643102828653667 ], [ 0.391499188832153, 47.641001210004077 ], [ 0.396250215008582, 47.640855059128924 ], [ 0.426615214913046, 47.617725715609744 ], [ 0.431741474761955, 47.618315910915712 ], [ 0.451411033798626, 47.621457691987416 ], [ 0.459238089642084, 47.64059423370378 ], [ 0.461177259758062, 47.64380637832322 ], [ 0.475450329332118, 47.646880446344774 ], [ 0.478496424659505, 47.644181540646322 ], [ 0.493419159346364, 47.645079080117291 ], [ 0.498417907720957, 47.644762985249116 ], [ 0.516740582117944, 47.656221556794847 ], [ 0.52572351327092, 47.65393567885409 ], [ 0.545246963351414, 47.657166171414772 ], [ 0.5557847344921, 47.66396988888026 ], [ 0.559602958634523, 47.666174909372785 ], [ 0.558791522556619, 47.670795607416672 ], [ 0.588942140250414, 47.670052759460802 ], [ 0.612683344676648, 47.682912897191727 ], [ 0.61867960929191, 47.692265162538618 ], [ 0.614431199093121, 47.6942136460532 ], [ 0.611211126121958, 47.691662566121792 ], [ 0.604539744162805, 47.686681441426217 ], [ 0.59590225567021, 47.689250631903818 ], [ 0.592797676207792, 47.702180804633571 ], [ 0.580315473948961, 47.712377851774157 ], [ 0.580508323306689, 47.712832083791533 ], [ 0.594083810252585, 47.723035382215564 ], [ 0.608728367297431, 47.725298666329437 ], [ 0.611603693642544, 47.728139845932695 ], [ 0.610668093357561, 47.732037769917305 ], [ 0.617950229673205, 47.736634526993448 ], [ 0.619899844137902, 47.746174021545102 ], [ 0.626330773306677, 47.751356155964295 ], [ 0.64609666323328, 47.75305195451876 ], [ 0.650273228891062, 47.754927744722181 ], [ 0.651199547991236, 47.755117418551102 ], [ 0.670962264701024, 47.767307917183956 ], [ 0.674985032148695, 47.76877452096538 ], [ 0.692446279897092, 47.764347708407627 ], [ 0.697354229556308, 47.764192218046134 ], [ 0.702633242279406, 47.769671407668156 ], [ 0.691747871652169, 47.783530823833274 ], [ 0.70267891569218, 47.789652403591631 ], [ 0.711896136881053, 47.78721263551607 ], [ 0.712824066356199, 47.7904902134864 ], [ 0.730115443765227, 47.805475918761388 ], [ 0.733789636716135, 47.807698958560806 ], [ 0.740279186086598, 47.81256029210261 ], [ 0.747692172292087, 47.827838290666847 ], [ 0.756337276315419, 47.830822219449949 ], [ 0.75898872518874, 47.833583030992926 ], [ 0.768412894654612, 47.831106724347855 ], [ 0.774045962689457, 47.840595543474649 ], [ 0.773852208306283, 47.850648806287062 ], [ 0.770099078251265, 47.852747351889249 ], [ 0.759164509181127, 47.859228562483707 ], [ 0.763530170015581, 47.865164138923703 ], [ 0.757340816835889, 47.88468245477268 ], [ 0.759813498184123, 47.898090623035742 ], [ 0.763737168653984, 47.899975093795881 ], [ 0.768068759181909, 47.901399013120233 ], [ 0.786997542981444, 47.91175086759349 ], [ 0.794073461463165, 47.907436471282338 ], [ 0.797867593718279, 47.897964358841605 ], [ 0.813238192671039, 47.889482628864634 ], [ 0.816836239503927, 47.891827407749979 ], [ 0.815815745747173, 47.895157590424027 ], [ 0.810811035749283, 47.918157272383333 ], [ 0.816348669743855, 47.934276639409752 ], [ 0.845192719252454, 47.941192256006595 ], [ 0.84837758541137, 47.943933450643208 ], [ 0.845574194917708, 47.95390213480907 ], [ 0.84282438939328, 47.956597520014888 ], [ 0.836839330347194, 47.968938237435829 ], [ 0.829035734632436, 47.972575501716712 ], [ 0.824355924204979, 47.981743714799791 ], [ 0.820382915004638, 47.988034987538533 ], [ 0.830555416577622, 47.996046308776535 ], [ 0.835774501842726, 48.009142032924522 ], [ 0.840591115530699, 48.019007141151562 ], [ 0.838331656491764, 48.032613190860559 ], [ 0.813334574190803, 48.031449245506089 ], [ 0.807135578537668, 48.036591302274296 ], [ 0.7975510491338, 48.037249575077837 ], [ 0.79487929336245, 48.046931121414751 ], [ 0.7939950002799, 48.06943827195046 ], [ 0.838376068254119, 48.07130538114874 ], [ 0.843022636943218, 48.07264184794488 ], [ 0.845010026237492, 48.092770643715248 ], [ 0.830282692066874, 48.091141091780038 ], [ 0.8161508639749, 48.094633864404422 ], [ 0.817906356911438, 48.097682049667817 ], [ 0.837246120024952, 48.100919170924819 ], [ 0.841217231704418, 48.103062409320536 ], [ 0.843301181285395, 48.106008160822917 ], [ 0.855009430226335, 48.123856253648285 ], [ 0.850372285350823, 48.133079551267485 ], [ 0.914338374916547, 48.135848419425081 ], [ 0.916650480581765, 48.138940770817229 ], [ 0.90961010529508, 48.143532951437557 ], [ 0.911464849544551, 48.14696833596593 ], [ 0.909364784311534, 48.150072620110535 ], [ 0.884465759944671, 48.161843663395139 ], [ 0.860644930787463, 48.16665301909957 ], [ 0.840574406645103, 48.16553132752108 ], [ 0.836559897908149, 48.167618155868993 ], [ 0.833110614158055, 48.169040118058071 ], [ 0.827859566065587, 48.17303926672281 ], [ 0.811239686334671, 48.184722218003941 ], [ 0.797527690220258, 48.188166800491182 ], [ 0.797655463188835, 48.194461211999595 ], [ 0.806740116002812, 48.197447758297223 ], [ 0.806620086502518, 48.204223569850022 ], [ 0.829446450242969, 48.211369266898537 ], [ 0.822102004077421, 48.223556750910895 ], [ 0.787321418000858, 48.261444506105086 ], [ 0.791516879472444, 48.265231378867234 ], [ 0.785981370117181, 48.271203541821087 ], [ 0.794042433003458, 48.284126522985567 ], [ 0.802328417321091, 48.28819614106947 ], [ 0.807065820336079, 48.289733193905015 ], [ 0.7974855967007, 48.291445380911767 ], [ 0.77858442837911, 48.302109007652049 ], [ 0.764576489903828, 48.299991002819027 ], [ 0.760446630381839, 48.298130722742911 ], [ 0.757285513785213, 48.300771115566306 ], [ 0.76961456981704, 48.315135451757925 ], [ 0.769234422701985, 48.321878847820955 ], [ 0.778367755916738, 48.329953212155019 ], [ 0.781343361712426, 48.332691201329666 ], [ 0.785038518398134, 48.337584705369835 ], [ 0.785431527584539, 48.340436233757714 ], [ 0.788026905059547, 48.341321795680798 ], [ 0.813731578223685, 48.348810507307839 ], [ 0.818405234941474, 48.34941871504752 ], [ 0.824901718473936, 48.344804005990731 ], [ 0.827866908801021, 48.342311319980197 ], [ 0.841974715324625, 48.349895534440179 ], [ 0.84002806841539, 48.352911151345914 ], [ 0.853888950214507, 48.349112998114094 ], [ 0.869033768754711, 48.357234645308999 ], [ 0.88370658092978, 48.356723691086714 ], [ 0.894524846701581, 48.367824558529605 ], [ 0.896387042125352, 48.370908641236696 ], [ 0.904504283653342, 48.372627474325206 ], [ 0.907346859921031, 48.370103721890054 ], [ 0.922214269936249, 48.382524224111236 ], [ 0.92652912840198, 48.384111765635069 ], [ 0.929503210876426, 48.390589611113469 ], [ 0.948381412401698, 48.40164548096201 ], [ 0.945291353521624, 48.418115215773355 ], [ 0.973173424296336, 48.436224799814866 ], [ 0.976415754774011, 48.438772955744767 ], [ 0.974317219041984, 48.441985890653221 ], [ 0.963767503476087, 48.441976299700826 ], [ 0.955272581188523, 48.445816913259677 ], [ 0.940330555415591, 48.460173373345405 ], [ 0.937355930902573, 48.470452835432944 ], [ 0.936714234643086, 48.473006453250449 ], [ 0.935709061133362, 48.475508748810775 ], [ 0.953055024653027, 48.480155625959192 ], [ 0.955507384934856, 48.489475885918722 ], [ 0.955396876246548, 48.49265962816164 ], [ 0.951278931566647, 48.493407576530331 ], [ 0.941553603087991, 48.498692821194304 ], [ 0.954657963280102, 48.504669495915493 ], [ 0.966150463696482, 48.520506736172202 ], [ 0.967740032425012, 48.523881461014604 ], [ 0.962768398193114, 48.524228281449645 ], [ 0.931842003730337, 48.534150722446142 ], [ 0.924168308084833, 48.538030413333836 ], [ 0.937140665951998, 48.548595706069278 ], [ 0.925711200618311, 48.559654156755393 ], [ 0.921330910560371, 48.55935271236627 ], [ 0.910268064760573, 48.56413507657544 ], [ 0.905801593647182, 48.565982221258842 ], [ 0.892943901566205, 48.571829216619427 ], [ 0.86728421510877, 48.573945563007605 ], [ 0.849312499194327, 48.585941202462259 ], [ 0.845908509888593, 48.609014926844715 ], [ 0.826925769215123, 48.610298653536248 ], [ 0.822398362148397, 48.608875140712918 ], [ 0.818206122244393, 48.615043366823819 ], [ 0.827771267054452, 48.63112748749176 ], [ 0.831762312109994, 48.633422806141525 ], [ 0.822817568070732, 48.635338251807148 ], [ 0.821978008548323, 48.644744142315361 ], [ 0.823564733807104, 48.650666999963541 ], [ 0.81974835283734, 48.652954761100233 ], [ 0.809946104881618, 48.664229720006475 ], [ 0.814819102863612, 48.670167960187968 ], [ 0.82379258029286, 48.678484377953275 ], [ 0.827667106116276, 48.68072356503086 ], [ 0.850362685415187, 48.682952543636247 ], [ 0.862793756019365, 48.687998884893148 ], [ 0.87283722653921, 48.713363053887456 ], [ 0.876703217748555, 48.715591347604523 ], [ 0.890362596635955, 48.719432685018923 ], [ 0.900159487086622, 48.711831671679846 ], [ 0.919567975712923, 48.712333690443543 ], [ 0.921202728304834, 48.709177082085425 ], [ 0.951190548731225, 48.715490224213127 ], [ 0.959926520556553, 48.724016411903314 ], [ 0.973678841436746, 48.729172216136803 ], [ 0.978288066297049, 48.730959853793372 ], [ 0.982607616373236, 48.727227157292944 ], [ 0.985639805753516, 48.725829837847428 ], [ 1.01095549510959, 48.728125904060484 ], [ 1.018475867812264, 48.732074761452743 ], [ 1.021969846847879, 48.734624895094633 ], [ 1.032593226079637, 48.728466608958378 ], [ 1.036702863157133, 48.730207734053252 ], [ 1.035263128019402, 48.739918747107495 ], [ 1.059134517451209, 48.756782407682238 ], [ 1.063026598057352, 48.758968831441493 ], [ 1.072604840943066, 48.749425376448677 ], [ 1.083981086608979, 48.754916543233506 ], [ 1.088183355981463, 48.756459355156274 ], [ 1.087854488577651, 48.753179306052452 ], [ 1.110197215631068, 48.748613890560215 ], [ 1.113736238684424, 48.746303742966106 ], [ 1.122737027953021, 48.769143887866406 ], [ 1.118939315485263, 48.786150290495293 ], [ 1.121402821755984, 48.78919381845914 ], [ 1.147555984675455, 48.785014079957833 ], [ 1.152118102405314, 48.785741455928516 ], [ 1.149836519443622, 48.776754845553953 ], [ 1.15825965837895, 48.769499033225088 ], [ 1.162975277257247, 48.76931076380508 ], [ 1.188224164581797, 48.772755176938119 ], [ 1.218547441547436, 48.760022834339289 ], [ 1.22294957764459, 48.75821720353705 ], [ 1.22649210219469, 48.760078118186456 ], [ 1.224259543539812, 48.764507072163568 ], [ 1.222613145033431, 48.767298394078331 ], [ 1.241327164265408, 48.769266707913545 ], [ 1.246022212205875, 48.769677602349411 ], [ 1.254072388470553, 48.766215097843812 ], [ 1.254904627926978, 48.76004690614409 ], [ 1.26326413417466, 48.757856764587089 ], [ 1.268120457485804, 48.75789131388612 ], [ 1.273845426359242, 48.762517253791366 ], [ 1.278410297585375, 48.763149903323232 ], [ 1.296968708957258, 48.768228872969104 ], [ 1.306325200219351, 48.765492200272206 ], [ 1.311366140879191, 48.764888882810645 ], [ 1.313623275566697, 48.764102140836201 ], [ 1.322254959601878, 48.760580339559404 ], [ 1.331946545402158, 48.762173456195391 ], [ 1.351443700892855, 48.77731435662762 ], [ 1.355771873045077, 48.779047224847027 ], [ 1.356386403233231, 48.779415512509388 ], [ 1.36402236505112, 48.782893730661719 ], [ 1.37390769262645, 48.78237200013821 ], [ 1.376939447541833, 48.788620244370037 ], [ 1.37274303742646, 48.797891632049343 ], [ 1.370325439110572, 48.800746270982991 ], [ 1.367976269050256, 48.802711231474717 ], [ 1.366436248287551, 48.804489304367777 ], [ 1.356839940150096, 48.815584184826989 ], [ 1.359781343545975, 48.831195643844787 ], [ 1.386001269621895, 48.844667449991533 ], [ 1.390230530214553, 48.846289598995554 ], [ 1.397229102297373, 48.853597656534447 ], [ 1.397999300291682, 48.856477400246789 ], [ 1.404875622448732, 48.860733969505439 ], [ 1.419237589223904, 48.861410290368262 ], [ 1.424007968041339, 48.860996480981633 ], [ 1.431005962168565, 48.86582877211324 ], [ 1.445455030577277, 48.867753349202069 ], [ 1.449832053500326, 48.869573114459698 ], [ 1.453916958047229, 48.870219613166626 ], [ 1.457628146788769, 48.871517776128705 ], [ 1.464201095863426, 48.876117675101646 ], [ 1.465816813841875, 48.879133642119555 ], [ 1.470909158646257, 48.894732557216102 ], [ 1.466411126519431, 48.89970300005097 ], [ 1.461434484405541, 48.899603186216829 ], [ 1.460567615086734, 48.909539992035022 ], [ 1.451638101128439, 48.922107072430599 ], [ 1.44795927665913, 48.924640864127156 ], [ 1.457442464873445, 48.927506610816067 ], [ 1.460015684184688, 48.934186505875189 ], [ 1.461308434485199, 48.937557972747015 ], [ 1.475517333514068, 48.940006099741979 ], [ 1.488865349261429, 48.936883269891723 ], [ 1.497886355222732, 48.938885453601259 ], [ 1.501523819798819, 48.941053606155137 ], [ 1.501796790270271, 48.941057018670968 ] ] ] ] } },
{ "type": "Feature", "properties": { "code_INSEE": 26, "NOM": "BOURGOGNE-FRANCHE-COMTE", "population": 2802519, "nb_dentist": 1404 }, "geometry": { "type": "MultiPolygon", "coordinates": [ [ [ [ 3.414008022321336, 48.376537591976657 ], [ 3.426582014857636, 48.361693018978968 ], [ 3.431583891372665, 48.360847181168204 ], [ 3.450114955190817, 48.37285218265157 ], [ 3.465280828602026, 48.374512029690891 ], [ 3.47048136111594, 48.374671438276046 ], [ 3.470803437935181, 48.374445235727777 ], [ 3.47298172707371, 48.371899421687424 ], [ 3.474875443634077, 48.369264732778497 ], [ 3.495724642307472, 48.369350295591786 ], [ 3.504410493695752, 48.36548991228868 ], [ 3.540824718291112, 48.336547421846177 ], [ 3.545108770964418, 48.334548383919476 ], [ 3.543961410637944, 48.32275819577201 ], [ 3.543903764788739, 48.319789334656932 ], [ 3.559032349746979, 48.320357678518334 ], [ 3.564072008459664, 48.321080556412198 ], [ 3.563179813538873, 48.310818768429293 ], [ 3.587536346635674, 48.298481778646916 ], [ 3.582508892254575, 48.282841840438621 ], [ 3.610952379419317, 48.274609451316024 ], [ 3.615187464586969, 48.272536020323578 ], [ 3.622872947162992, 48.261374552231963 ], [ 3.62434746858791, 48.258442485591353 ], [ 3.62444342068781, 48.255166765989145 ], [ 3.599993871392976, 48.235507002463272 ], [ 3.604683908161378, 48.229886361477078 ], [ 3.608005809938176, 48.231830879411213 ], [ 3.619329176969439, 48.228127892155996 ], [ 3.621602401116198, 48.225614505901312 ], [ 3.609202404455454, 48.210661304012469 ], [ 3.579607941873529, 48.190672342098914 ], [ 3.575186376716995, 48.18874134782557 ], [ 3.58999193241761, 48.180587863446497 ], [ 3.593966709028626, 48.178696288481738 ], [ 3.623548325341134, 48.192005196316885 ], [ 3.636498368487159, 48.186735105575458 ], [ 3.640509577481532, 48.184616811488915 ], [ 3.648805116265266, 48.170930010704673 ], [ 3.650654619835159, 48.168184314266952 ], [ 3.6596404416315, 48.159576911036453 ], [ 3.666662503653017, 48.14263819915832 ], [ 3.667869602845758, 48.139211903612114 ], [ 3.691074903608822, 48.145413273508453 ], [ 3.693632025197142, 48.151742266616047 ], [ 3.694415099256005, 48.155049127705048 ], [ 3.698163878109132, 48.148692019074197 ], [ 3.70572810956196, 48.14520055410199 ], [ 3.721798408368942, 48.158178284945315 ], [ 3.716541654838955, 48.174182648296124 ], [ 3.741052902095449, 48.169343113716643 ], [ 3.745479998935092, 48.167533531923461 ], [ 3.754540988902349, 48.152088394117001 ], [ 3.742117362145929, 48.141701763988586 ], [ 3.73980302829162, 48.138692743506446 ], [ 3.740650102284673, 48.131983390186477 ], [ 3.752958313185683, 48.125957281274985 ], [ 3.763974994969548, 48.132122582134038 ], [ 3.76893254545462, 48.132855262524814 ], [ 3.776493096263042, 48.128666296923257 ], [ 3.782116746383648, 48.11991828040896 ], [ 3.791315007286315, 48.117598200470034 ], [ 3.79824233746516, 48.10911053672946 ], [ 3.801659513595967, 48.106729628339977 ], [ 3.803843470819676, 48.103673108869671 ], [ 3.805649535479616, 48.100520135438195 ], [ 3.798965161942987, 48.089361855397001 ], [ 3.798608039273143, 48.086169610198496 ], [ 3.806635879095883, 48.082389312104283 ], [ 3.822803311203852, 48.065827053561797 ], [ 3.826351950081775, 48.063516410009193 ], [ 3.828647451723325, 48.048066516250145 ], [ 3.821979739572413, 48.043919558966437 ], [ 3.829136564076156, 48.039018723234356 ], [ 3.832152371195681, 48.036234633449816 ], [ 3.83961031850981, 48.036064690393324 ], [ 3.843396684937656, 48.035371669843094 ], [ 3.847997277777986, 48.029389991459929 ], [ 3.870242018976445, 48.016313326339649 ], [ 3.870626275005212, 48.006230943400944 ], [ 3.870812332360219, 48.00286370543359 ], [ 3.862835195774071, 48.006270335335486 ], [ 3.844554066272112, 48.003613099215571 ], [ 3.839811254672736, 48.003890037244375 ], [ 3.849393745370534, 47.986793902858075 ], [ 3.850027151148848, 47.983657427045088 ], [ 3.859899036368724, 47.984008651270891 ], [ 3.86333941988862, 47.979600569717668 ], [ 3.861800247119898, 47.976443941006913 ], [ 3.880446936324853, 47.981444685691272 ], [ 3.882089093951394, 47.997964878897932 ], [ 3.885815162900325, 48.000276798178433 ], [ 3.895730626098326, 47.999832736087704 ], [ 3.902269857147979, 47.994841925733787 ], [ 3.903716892654806, 47.991635912086913 ], [ 3.913529212058396, 47.97208452276422 ], [ 3.905655394120089, 47.959140587615025 ], [ 3.902393114146816, 47.938294716534884 ], [ 3.896826946223605, 47.932289297272391 ], [ 3.894031096523884, 47.929295581341428 ], [ 3.895692514430003, 47.928553919982264 ], [ 3.905178417251708, 47.926483193938552 ], [ 3.914043572162238, 47.92961859294811 ], [ 3.9184886654316, 47.928017906244698 ], [ 3.92370772693604, 47.932432042872136 ], [ 3.926450315448321, 47.934570472597912 ], [ 3.949414338163165, 47.932056125909966 ], [ 3.963109393249125, 47.935454718949288 ], [ 3.976532657628109, 47.931266848731248 ], [ 3.981186165716528, 47.930166055776823 ], [ 3.985625378679789, 47.93051590639233 ], [ 4.001885878535016, 47.940584586103803 ], [ 4.005536276240809, 47.942371439511845 ], [ 4.019887135137923, 47.928684437337736 ], [ 4.025042207621126, 47.928648572415788 ], [ 4.033215983172406, 47.932339082426431 ], [ 4.045912031449175, 47.926898575541394 ], [ 4.054892851532968, 47.930031386237211 ], [ 4.06093809162293, 47.945709417759659 ], [ 4.089797547685492, 47.943969295431685 ], [ 4.09271594119177, 47.941278109387966 ], [ 4.094618891320172, 47.928335915792644 ], [ 4.113711684792182, 47.928156468258258 ], [ 4.122115368247464, 47.931658662862411 ], [ 4.137273191123476, 47.937786196980177 ], [ 4.141839484200893, 47.937111884290687 ], [ 4.141785207880992, 47.943925700087604 ], [ 4.162735651829087, 47.95857086635209 ], [ 4.167336557803863, 47.96001031921358 ], [ 4.184257159385326, 47.953855832722354 ], [ 4.185451737312472, 47.940163154582216 ], [ 4.20039796554648, 47.941829516960659 ], [ 4.206055992331241, 47.947360872790853 ], [ 4.204572449044909, 47.961083714590679 ], [ 4.195372225854182, 47.964309749818 ], [ 4.195329329350812, 47.967757312260112 ], [ 4.20195189643621, 47.972576966906637 ], [ 4.221154100288291, 47.971218062155849 ], [ 4.225955650726299, 47.971942125576483 ], [ 4.22754844178203, 47.962007087590734 ], [ 4.223899973838143, 47.948499467694184 ], [ 4.246330770496884, 47.930424608253666 ], [ 4.259501163247898, 47.92557680863824 ], [ 4.274316193117278, 47.923517884010131 ], [ 4.288658540420612, 47.926853699004262 ], [ 4.293424106944968, 47.925676234837972 ], [ 4.302089904200479, 47.938289504096218 ], [ 4.300410658462984, 47.945193600895998 ], [ 4.299288612142416, 47.948608247424914 ], [ 4.305655099233434, 47.954163071806285 ], [ 4.312801983207039, 47.96249901086604 ], [ 4.34735383130131, 47.956338658969983 ], [ 4.371695758624345, 47.96133151839183 ], [ 4.392313082579244, 47.962106210933548 ], [ 4.416465846232708, 47.968280201113181 ], [ 4.433946149212541, 47.961461716193618 ], [ 4.438110908995661, 47.959376652746236 ], [ 4.446962307157797, 47.95619873583378 ], [ 4.495481947078882, 47.968048710906508 ], [ 4.516449007614187, 47.966348978315793 ], [ 4.531441698182371, 47.969899034848538 ], [ 4.552383081923181, 47.967788179116518 ], [ 4.556580230854477, 47.969226853937386 ], [ 4.55996887567823, 47.971423196258208 ], [ 4.555441180706521, 47.984768625592245 ], [ 4.542963047430264, 47.990432549371342 ], [ 4.535513735504014, 48.003131196299456 ], [ 4.535774236920139, 48.006566094649735 ], [ 4.545599963055227, 48.004988295856478 ], [ 4.552643825628461, 48.009188931897768 ], [ 4.554719597739122, 48.012275794903857 ], [ 4.563343289013544, 48.015401818837297 ], [ 4.578156777296065, 48.028570238627324 ], [ 4.612164066194013, 48.030053528502584 ], [ 4.616807126156614, 48.031375968635324 ], [ 4.619446657087087, 48.026416226402581 ], [ 4.621946144587088, 48.024347613565858 ], [ 4.647584394393302, 48.024693563122185 ], [ 4.672960313746553, 48.015019534723081 ], [ 4.700887790654203, 48.02285515609794 ], [ 4.704238539921611, 48.020241373102181 ], [ 4.717126135680564, 48.011367924446084 ], [ 4.719943437560294, 48.008896455192733 ], [ 4.749530795934069, 48.004310615513546 ], [ 4.784606563999568, 48.00672720269128 ], [ 4.78942039083988, 48.007869268893302 ], [ 4.796214252476418, 47.995397779645025 ], [ 4.807631175400536, 47.988840804683612 ], [ 4.795259313368201, 47.983440372447113 ], [ 4.785711627262117, 47.971460675980936 ], [ 4.787781134309598, 47.965254131714097 ], [ 4.796723921416084, 47.962570322078982 ], [ 4.801641614346877, 47.962540059388942 ], [ 4.810958911736555, 47.959867407039248 ], [ 4.819692408053305, 47.962469045472012 ], [ 4.845032699657948, 47.960426699376868 ], [ 4.856120626737971, 47.953275705036681 ], [ 4.863158116857697, 47.944567532846584 ], [ 4.865209625773096, 47.941564346535039 ], [ 4.845857457235848, 47.922902861997031 ], [ 4.829962663214945, 47.915589922511408 ], [ 4.829473792081284, 47.912284802678819 ], [ 4.834024121912728, 47.906794597389855 ], [ 4.853034165306533, 47.897539009631089 ], [ 4.856782652696382, 47.895634337597393 ], [ 4.874585979084054, 47.919522185145262 ], [ 4.894663403576391, 47.922602815545702 ], [ 4.903607450804827, 47.919550497165275 ], [ 4.9059609400007, 47.916469588430701 ], [ 4.916130890745448, 47.896976209591855 ], [ 4.919541730364354, 47.89430980748957 ], [ 4.923381244625156, 47.892401474918991 ], [ 4.928136462345659, 47.886967033594885 ], [ 4.927456338700798, 47.871547997971412 ], [ 4.944541097633287, 47.866386717457189 ], [ 4.954094249598077, 47.866768148083516 ], [ 4.962141435937732, 47.854264198234929 ], [ 4.961535956302886, 47.840761245379888 ], [ 4.973256388719824, 47.831201681508844 ], [ 4.984618803644969, 47.827561792047206 ], [ 4.984281185566464, 47.824605554577111 ], [ 4.984920940788621, 47.825269941539439 ], [ 4.990219996420165, 47.821119777799076 ], [ 4.994125369238139, 47.81974797676024 ], [ 4.992111334873384, 47.813444134606939 ], [ 4.986103258689579, 47.803597796730187 ], [ 4.955365575927451, 47.78971900317741 ], [ 4.947261031703953, 47.786928028156943 ], [ 4.943088985589675, 47.785718882134695 ], [ 4.939148483926462, 47.783893554223454 ], [ 4.917958002519535, 47.777094101753377 ], [ 4.921896500731283, 47.775940179495755 ], [ 4.920816024395105, 47.76783720508665 ], [ 4.916800007546219, 47.766822651059286 ], [ 4.921426512603418, 47.765882537153402 ], [ 4.92477501988628, 47.7606237818339 ], [ 4.939113930571174, 47.762052754259592 ], [ 4.946346926197881, 47.765957130048982 ], [ 4.954453741595465, 47.762716019989369 ], [ 4.958989456059425, 47.761874953275694 ], [ 4.965073643245581, 47.742218011361381 ], [ 4.960496207439649, 47.732814325565549 ], [ 4.96444063144412, 47.734827939627181 ], [ 4.971535369793364, 47.731080285732581 ], [ 4.97080102868558, 47.727824441662854 ], [ 4.964464377805212, 47.722808095099182 ], [ 4.964211683746344, 47.713421810247844 ], [ 4.956914000493714, 47.709051428038833 ], [ 4.953758878806218, 47.70631311744048 ], [ 4.956705660950273, 47.699745369313739 ], [ 4.971371409563678, 47.690234447038691 ], [ 4.968570473183173, 47.687328478217438 ], [ 4.993925013309156, 47.689284780629102 ], [ 5.00209889816691, 47.693538866950107 ], [ 5.004009587315704, 47.700375882261667 ], [ 5.008993002410035, 47.700956644949628 ], [ 5.029154279179683, 47.709927319724486 ], [ 5.033098557706813, 47.707715964047814 ], [ 5.031233570309253, 47.694134835119655 ], [ 5.056238156673408, 47.694814264640556 ], [ 5.046803814367603, 47.675567635497089 ], [ 5.052569088432964, 47.669839127802426 ], [ 5.062023823955421, 47.667178618717458 ], [ 5.067122973702002, 47.667367660425938 ], [ 5.076587055930885, 47.664975903075877 ], [ 5.082662386481591, 47.659447384173269 ], [ 5.102370703118877, 47.657338660372318 ], [ 5.107397590419819, 47.651332405009441 ], [ 5.116859294245957, 47.652016747570002 ], [ 5.117441326589467, 47.650565535813186 ], [ 5.127204946257837, 47.648461273537471 ], [ 5.136232521195891, 47.651952258844346 ], [ 5.155672989816432, 47.668388071667437 ], [ 5.160200988724014, 47.678155040074905 ], [ 5.173442140751385, 47.680817942100411 ], [ 5.178340930532252, 47.680951862214251 ], [ 5.173409890810857, 47.653535656128277 ], [ 5.176227322844171, 47.651385202206711 ], [ 5.188387700869606, 47.649609301546185 ], [ 5.211364553557775, 47.641657900088148 ], [ 5.237409374969626, 47.620298198308255 ], [ 5.23694216535616, 47.616777314657227 ], [ 5.240284836761936, 47.616776254354669 ], [ 5.242875146546892, 47.618203293212432 ], [ 5.246325934701725, 47.620135997433529 ], [ 5.258600652410209, 47.622222420263171 ], [ 5.256009710994274, 47.619219904336639 ], [ 5.239655571333654, 47.597653247118302 ], [ 5.256230376205997, 47.576550708574594 ], [ 5.27326148236963, 47.580551476655273 ], [ 5.277900851417146, 47.581361486205196 ], [ 5.278141622260313, 47.58825459310404 ], [ 5.306356648295071, 47.607277200833671 ], [ 5.316021315178829, 47.607220916633985 ], [ 5.323299581794979, 47.611993014080063 ], [ 5.333294303780532, 47.610632022795912 ], [ 5.337818289265562, 47.60902865997226 ], [ 5.343756122400072, 47.603542553881823 ], [ 5.342323782120141, 47.596691398555642 ], [ 5.355722631840178, 47.591693978316947 ], [ 5.358711884196062, 47.594272118916493 ], [ 5.365785587919037, 47.602791934298416 ], [ 5.374078595885616, 47.604541652785841 ], [ 5.374919756207661, 47.621355200034913 ], [ 5.387811707510987, 47.636211886944729 ], [ 5.403200244213377, 47.645090494935019 ], [ 5.405615948380384, 47.648129525689313 ], [ 5.401685565071911, 47.648444530635821 ], [ 5.398975346947878, 47.653074797481544 ], [ 5.406486225793119, 47.673622917677406 ], [ 5.421266862621906, 47.676442390623023 ], [ 5.434216852505902, 47.671256623355376 ], [ 5.444412543131321, 47.670890726759581 ], [ 5.469339702098669, 47.674833270773078 ], [ 5.478993585434718, 47.682301356107502 ], [ 5.482769853452175, 47.684643612237863 ], [ 5.502300665767907, 47.677410151687425 ], [ 5.506625643423465, 47.676660087980402 ], [ 5.510298089620041, 47.674230871736341 ], [ 5.530594301507151, 47.674009294848894 ], [ 5.565433204064695, 47.703904427023183 ], [ 5.567389257559025, 47.70712145901436 ], [ 5.571029337067954, 47.706798341938587 ], [ 5.575158976001073, 47.704735285515063 ], [ 5.583657359237879, 47.70088259484347 ], [ 5.585264884300948, 47.690571752557361 ], [ 5.596813676190795, 47.671647088442981 ], [ 5.60234035982554, 47.675063391217741 ], [ 5.606094142616107, 47.675204889081513 ], [ 5.615389877608559, 47.673340177183753 ], [ 5.629558047392904, 47.676741639128664 ], [ 5.648860722455142, 47.675549257254843 ], [ 5.653261271513545, 47.67716055405895 ], [ 5.659333921743551, 47.681543493155758 ], [ 5.659723167780346, 47.684533592763216 ], [ 5.663716373996276, 47.684910969165053 ], [ 5.667652482862501, 47.685478637253773 ], [ 5.675428329152814, 47.682563119329743 ], [ 5.692037658351185, 47.687162075220293 ], [ 5.693806030023823, 47.690219394238056 ], [ 5.694992784963186, 47.693641327558893 ], [ 5.693219827550648, 47.703957948348446 ], [ 5.684206441971076, 47.712279466183261 ], [ 5.687022696003807, 47.72022997516963 ], [ 5.685198449352327, 47.722694423865029 ], [ 5.692511733208754, 47.724003269712 ], [ 5.69589450675169, 47.725177167082791 ], [ 5.692494430707979, 47.727885164884121 ], [ 5.68964831112683, 47.733903440176867 ], [ 5.692377728066195, 47.736929634835739 ], [ 5.709419919989213, 47.744947651112867 ], [ 5.706342035425068, 47.751115755530073 ], [ 5.707806016843861, 47.76151950351985 ], [ 5.708914359626044, 47.764663857865365 ], [ 5.70335348386595, 47.769574389875856 ], [ 5.679969716046155, 47.769967881716482 ], [ 5.682246818079994, 47.775391094588748 ], [ 5.680107184813329, 47.777736487227614 ], [ 5.676611542335547, 47.779158255407637 ], [ 5.685750770911532, 47.812782355296306 ], [ 5.693678391937937, 47.821749809817675 ], [ 5.708478197062107, 47.821967053945741 ], [ 5.713645979381805, 47.821568345841889 ], [ 5.718715595636478, 47.821081631181961 ], [ 5.728007451580521, 47.818452249375042 ], [ 5.731428429854807, 47.817634115569213 ], [ 5.74334904616075, 47.821146989547643 ], [ 5.746056257349766, 47.823596127033348 ], [ 5.748488323801458, 47.829770927348441 ], [ 5.744204434055419, 47.848854724902324 ], [ 5.753406354287994, 47.85164681688012 ], [ 5.758831600021269, 47.856670396139997 ], [ 5.761191706403181, 47.859343486545917 ], [ 5.789061368510162, 47.855198903055893 ], [ 5.798882826583155, 47.855712371545707 ], [ 5.796619215179167, 47.849822703768112 ], [ 5.80109837585795, 47.846978088615636 ], [ 5.805624932822801, 47.847320146527473 ], [ 5.823562174080479, 47.852292986816963 ], [ 5.828521108403117, 47.851948335829327 ], [ 5.827301245433084, 47.854670452709946 ], [ 5.824675870389621, 47.859398646736643 ], [ 5.821859845711278, 47.869111435597119 ], [ 5.842544433727331, 47.894232936362229 ], [ 5.84509440481354, 47.897088937963311 ], [ 5.848193505884435, 47.903434705181105 ], [ 5.851352604159495, 47.90589756124546 ], [ 5.883190689995503, 47.900256824555655 ], [ 5.886493944742868, 47.902634182957556 ], [ 5.88918914189105, 47.907367890608874 ], [ 5.890457885032252, 47.909759176321728 ], [ 5.888908547476491, 47.913039339030135 ], [ 5.884726375202113, 47.926047148569488 ], [ 5.896862811869899, 47.931638024045874 ], [ 5.893410217787421, 47.937864897463193 ], [ 5.902822892609266, 47.945539496310083 ], [ 5.907548161509652, 47.94664738875931 ], [ 5.912835049126257, 47.946750563455872 ], [ 5.918042584312357, 47.947359782836166 ], [ 5.919171401609459, 47.967864275784997 ], [ 5.92133024712706, 47.971025575833906 ], [ 5.927390138955624, 47.974395928246011 ], [ 5.943046905245572, 47.979813485880072 ], [ 5.947534412840536, 47.979710055499986 ], [ 5.950300861182295, 47.973507893437564 ], [ 5.957967793484978, 47.969586882275493 ], [ 5.959702648428788, 47.966553342813597 ], [ 5.941547657405403, 47.95232105733745 ], [ 5.937566223475748, 47.950628555670953 ], [ 5.932627694246654, 47.937927917320458 ], [ 5.942522566619951, 47.936311578061847 ], [ 5.947634899409206, 47.936183387665793 ], [ 5.956055455264604, 47.938664482689632 ], [ 5.964593698936735, 47.946113204800362 ], [ 5.96890203591351, 47.947409299793286 ], [ 5.970446233561745, 47.953917448528287 ], [ 5.970777924185805, 47.957205159256311 ], [ 6.002262047573589, 47.956089699024979 ], [ 6.008770842341964, 47.961398777265657 ], [ 6.009431962015269, 47.96784804505527 ], [ 6.023003897678403, 47.97797353242359 ], [ 6.022306088822266, 47.987609671349695 ], [ 6.036863693612464, 48.001454689437359 ], [ 6.068036028687039, 48.01350592244156 ], [ 6.072221446713897, 48.015549073900154 ], [ 6.080853412987299, 48.012801660594597 ], [ 6.085548791404376, 48.01345308963657 ], [ 6.10459825374185, 48.013510201132895 ], [ 6.109234931642145, 48.012469113204922 ], [ 6.1143024221135, 48.018071884610862 ], [ 6.127380808663497, 48.022227936749594 ], [ 6.131397185816509, 48.02408441735875 ], [ 6.152408705421196, 48.009446596389765 ], [ 6.156057875262002, 48.006944059224672 ], [ 6.152863161707955, 47.99611414142511 ], [ 6.159123543356163, 47.99128982297254 ], [ 6.163942771275543, 47.975606125367435 ], [ 6.161293135773436, 47.972786345439935 ], [ 6.149584178308148, 47.96849842394996 ], [ 6.155256226352354, 47.964428449461899 ], [ 6.160789840632001, 47.96119950017102 ], [ 6.161246931402925, 47.95829610079803 ], [ 6.171045412623205, 47.952637092184673 ], [ 6.179247463524502, 47.954595028643048 ], [ 6.182055953348249, 47.956932781808675 ], [ 6.207055828520945, 47.945733074539532 ], [ 6.208137730995035, 47.942343974521684 ], [ 6.204514153167029, 47.93229214509752 ], [ 6.209344424843642, 47.931052384820667 ], [ 6.214423423157552, 47.930382055921775 ], [ 6.219608881804224, 47.935662191411211 ], [ 6.233409229970769, 47.933598729483506 ], [ 6.23798705817888, 47.932842101983447 ], [ 6.246110134739873, 47.939427190353726 ], [ 6.250767167050757, 47.939082213086358 ], [ 6.259912269820963, 47.944368103556897 ], [ 6.262957134579508, 47.946139020732872 ], [ 6.274023065347359, 47.951658716913904 ], [ 6.277333655412201, 47.953809178972108 ], [ 6.29282718912608, 47.955645741671091 ], [ 6.306804022388239, 47.950776550381171 ], [ 6.322461137559465, 47.950082550738017 ], [ 6.360996689454704, 47.9602546877937 ], [ 6.364992669189373, 47.962572334054563 ], [ 6.378690805699351, 47.958657266295077 ], [ 6.388352805848898, 47.960018394078737 ], [ 6.404507164730144, 47.952831628954627 ], [ 6.407328203504638, 47.946444394498187 ], [ 6.408419952934105, 47.943196931607069 ], [ 6.431921362286486, 47.943809696562624 ], [ 6.448608840610214, 47.922719435468856 ], [ 6.460947022343451, 47.917509941509302 ], [ 6.457046651646823, 47.9078329310084 ], [ 6.475807142812945, 47.888451281101098 ], [ 6.47826179705484, 47.885441771747374 ], [ 6.503443600747436, 47.896250449871779 ], [ 6.537051851879521, 47.90225993691206 ], [ 6.542013717784274, 47.902533685640279 ], [ 6.555909088751356, 47.919959757102973 ], [ 6.558255300497129, 47.922969635373029 ], [ 6.568707770014936, 47.934498803947221 ], [ 6.59635831365014, 47.943312607494647 ], [ 6.601244258410251, 47.944379071888314 ], [ 6.605983463364059, 47.944467883935708 ], [ 6.610445247573251, 47.938907477082182 ], [ 6.61250243493228, 47.936042447416888 ], [ 6.629285566266584, 47.928182581189056 ], [ 6.640878327692112, 47.917021718028245 ], [ 6.639864067823315, 47.910053058618253 ], [ 6.645202637536648, 47.904085429978728 ], [ 6.669323797694872, 47.893288195883841 ], [ 6.683083745325971, 47.890424475111232 ], [ 6.686831553125478, 47.888261589977525 ], [ 6.689376616719101, 47.887298640020326 ], [ 6.691324611220637, 47.885840875064652 ], [ 6.699113033782639, 47.882279988789641 ], [ 6.703674079511477, 47.881424298066285 ], [ 6.710113221572093, 47.875823978468169 ], [ 6.730734217611713, 47.866448276982631 ], [ 6.735246594420146, 47.864926105986093 ], [ 6.73729353759014, 47.865473557548611 ], [ 6.738163767223296, 47.862049066913762 ], [ 6.784952258300551, 47.849573494944352 ], [ 6.790661200178509, 47.84422609995228 ], [ 6.791101631781247, 47.837832521733823 ], [ 6.788986971838772, 47.834828374515006 ], [ 6.791946102445589, 47.83016438223224 ], [ 6.820459138066981, 47.815803346433974 ], [ 6.82353885454816, 47.813053724588563 ], [ 6.841830416710843, 47.824781922045581 ], [ 6.846179818400742, 47.822945196999214 ], [ 6.84296689915236, 47.813670428902569 ], [ 6.862196895571719, 47.787437800393917 ], [ 6.864959499976705, 47.784607271907831 ], [ 6.887429639766592, 47.779961412235444 ], [ 6.891696237396048, 47.778341797890327 ], [ 6.902091832797494, 47.776445762225052 ], [ 6.907545836916493, 47.777714635613385 ], [ 6.918969784915133, 47.773998483126881 ], [ 6.922358322197791, 47.772091696505449 ], [ 6.923451893165135, 47.770063509793346 ], [ 6.938479126596746, 47.770820374661007 ], [ 6.974542419133374, 47.751469422804675 ], [ 6.993443664236131, 47.74674331416945 ], [ 6.998425443186269, 47.745825137349165 ], [ 7.011684723411431, 47.741631127463343 ], [ 7.01577782732496, 47.743464323579452 ], [ 7.018794033938739, 47.737403694930585 ], [ 7.020600787076793, 47.734439671555009 ], [ 7.029399659841141, 47.728377998856352 ], [ 7.032078754918176, 47.726185782777733 ], [ 7.035193460318246, 47.724104634915868 ], [ 7.03741787750652, 47.721558460741591 ], [ 7.029376365230569, 47.708659832343159 ], [ 7.027565261265227, 47.705369648742568 ], [ 7.035735932313569, 47.694966825153536 ], [ 7.03865241876098, 47.692585902738756 ], [ 7.03634238957435, 47.69222410774158 ], [ 7.038634267980653, 47.687945083661106 ], [ 7.045892655005104, 47.683340891323013 ], [ 7.039996632062138, 47.678101332198558 ], [ 7.037637450519073, 47.675145658816156 ], [ 7.041660150105926, 47.672410910452029 ], [ 7.045281826570259, 47.670374857002599 ], [ 7.03523665432686, 47.659654833936642 ], [ 7.037741407493142, 47.65344865004684 ], [ 7.039244101810811, 47.650395445844993 ], [ 7.034478362269503, 47.649460674150752 ], [ 7.019805334989483, 47.650678774399644 ], [ 7.017172325260463, 47.648128707590054 ], [ 7.016566869598203, 47.6450492051734 ], [ 7.010525076946669, 47.630151790700182 ], [ 7.006924692931504, 47.626418049567185 ], [ 7.007600520893648, 47.621573075913631 ], [ 7.006179174757824, 47.61933266560505 ], [ 7.00764708444187, 47.607466610789579 ], [ 7.011232758470325, 47.605703056484202 ], [ 7.006715563632884, 47.601451062504005 ], [ 7.009212608036158, 47.599391468904031 ], [ 7.019478565740803, 47.593981951133237 ], [ 7.019563096856302, 47.588382045669142 ], [ 7.02436204433859, 47.589126840998638 ], [ 7.025380219142367, 47.592381411390072 ], [ 7.041412251968874, 47.599821466466018 ], [ 7.074506229333341, 47.598859390304284 ], [ 7.074772030542214, 47.598850104828458 ], [ 7.078390891334227, 47.596857894154709 ], [ 7.081668319004867, 47.594760337646967 ], [ 7.085388396578593, 47.593052768695401 ], [ 7.086786738849519, 47.587649894963683 ], [ 7.086323684741392, 47.58490805736777 ], [ 7.088723760037314, 47.583544035493581 ], [ 7.092879679845488, 47.57693566096728 ], [ 7.094360710703056, 47.573494628051243 ], [ 7.102382887293472, 47.570598710001853 ], [ 7.108258806564376, 47.561801910203584 ], [ 7.107531779933873, 47.55858266446009 ], [ 7.107617665010189, 47.553640214757202 ], [ 7.10621565261163, 47.551337086807997 ], [ 7.114064393541836, 47.547968583834091 ], [ 7.118633398383313, 47.547311425154398 ], [ 7.12802170040221, 47.541832365784934 ], [ 7.131576553954342, 47.540291199034414 ], [ 7.132810108131837, 47.539201850089718 ], [ 7.136668309608197, 47.533674663614214 ], [ 7.137885353811495, 47.530656874241281 ], [ 7.142173394204372, 47.525024031346121 ], [ 7.130345969302942, 47.503026582392046 ], [ 7.125788585352203, 47.502232705765124 ], [ 7.110619366657934, 47.494900234744641 ], [ 7.096725882699186, 47.495137642226318 ], [ 7.078799684356738, 47.489060986175716 ], [ 7.036238151835787, 47.498999232725538 ], [ 7.031552099160971, 47.499999846781428 ], [ 7.024394386855228, 47.504213341911857 ], [ 7.019426859652691, 47.504132567614256 ], [ 6.982897326997564, 47.494256770676856 ], [ 6.98858101119604, 47.485589817846282 ], [ 6.987742941957306, 47.479165109931301 ], [ 6.988495836645826, 47.473037376112231 ], [ 6.991513028402035, 47.469112306530533 ], [ 6.991763913054958, 47.466417751631205 ], [ 7.000036284431786, 47.464349002950712 ], [ 7.000311325873819, 47.454695280856782 ], [ 6.989852573867692, 47.448096219360295 ], [ 6.975143344151609, 47.447734611771892 ], [ 6.970282899070103, 47.447053390079859 ], [ 6.962571439869501, 47.435319822649973 ], [ 6.944033873473256, 47.433786918224676 ], [ 6.939179001843296, 47.433699124628752 ], [ 6.940003341869009, 47.409705251424938 ], [ 6.937510521953592, 47.406680184237707 ], [ 6.922394862713374, 47.405496864442057 ], [ 6.917294251222573, 47.405461603501877 ], [ 6.909527257765277, 47.396178325180948 ], [ 6.91214816481327, 47.38662635056717 ], [ 6.899724162660867, 47.382222074899317 ], [ 6.894959190590732, 47.381660897120639 ], [ 6.885413121023287, 47.374454723026538 ], [ 6.879952345894699, 47.358954613163412 ], [ 6.879798822414386, 47.352434284975743 ], [ 6.896469815662352, 47.357905776402156 ], [ 6.901015453764223, 47.358762618468873 ], [ 6.920492635636612, 47.355564856069449 ], [ 6.930147348625191, 47.357536844754996 ], [ 6.935257304094848, 47.357580085417666 ], [ 6.984479264798846, 47.363607985999138 ], [ 6.989549993187483, 47.363469933261896 ], [ 6.9993391007636, 47.364872834402426 ], [ 7.011354529824635, 47.371552218554335 ], [ 7.031337645953304, 47.368561727493528 ], [ 7.044112331312006, 47.362727198463674 ], [ 7.048191703920568, 47.360529853025398 ], [ 7.050404445494522, 47.357333829070981 ], [ 7.051705691610985, 47.350329573211845 ], [ 7.060295312415098, 47.341853630231363 ], [ 7.052918244579459, 47.336892287020106 ], [ 7.054787930350261, 47.333735126261359 ], [ 7.043934445489029, 47.326956643717928 ], [ 7.014569901039194, 47.325200003043022 ], [ 7.009734398175146, 47.324357644707995 ], [ 7.015481581334962, 47.315595615887197 ], [ 7.008409602964645, 47.302724847781008 ], [ 6.995777598388413, 47.296805898007456 ], [ 6.980483028715653, 47.296033865544437 ], [ 6.972093322835414, 47.292057987376467 ], [ 6.951848881524909, 47.29222686346057 ], [ 6.947139549799103, 47.290881969249732 ], [ 6.944645891328122, 47.288857622401537 ], [ 6.940918910537634, 47.286631781966591 ], [ 6.950995683320675, 47.267855706781383 ], [ 6.947221063335524, 47.251633267959832 ], [ 6.952922964576595, 47.246183801287543 ], [ 6.955122831249435, 47.243161178708696 ], [ 6.942552922606501, 47.2374511846863 ], [ 6.939467624436097, 47.231111243271073 ], [ 6.929815337592052, 47.229591294038308 ], [ 6.921871988622818, 47.221018006121909 ], [ 6.897363798473251, 47.209631849418948 ], [ 6.89310292406288, 47.207783172058342 ], [ 6.882160701050183, 47.200957707791325 ], [ 6.871970172083661, 47.185615306902086 ], [ 6.865136245440696, 47.181589319362772 ], [ 6.861405500605421, 47.179343288544629 ], [ 6.844374095783091, 47.172068587869958 ], [ 6.843406663189184, 47.168702625868136 ], [ 6.85231524636287, 47.165936615246416 ], [ 6.852955705027798, 47.159930249108236 ], [ 6.826475664993643, 47.14417028506098 ], [ 6.820016218545669, 47.140084399991011 ], [ 6.817468429731728, 47.137500544295499 ], [ 6.802145987078158, 47.129460663834095 ], [ 6.764214675147, 47.119813865072381 ], [ 6.748737837131999, 47.111069282754627 ], [ 6.744134119317148, 47.109605155277102 ], [ 6.740549606566659, 47.107035300395324 ], [ 6.743571133865712, 47.093715076394965 ], [ 6.710902074236555, 47.085025838009848 ], [ 6.69634439795904, 47.06651110688685 ], [ 6.715973848290277, 47.051027372780375 ], [ 6.697949092798879, 47.038365842081177 ], [ 6.682777452616618, 47.036480493268037 ], [ 6.677932285968872, 47.035219945204908 ], [ 6.654189558632327, 47.02237357164254 ], [ 6.633910927468809, 46.998571002501855 ], [ 6.620908735990897, 46.993076499103644 ], [ 6.606113944619636, 46.991070561841163 ], [ 6.596133946352932, 46.992517816965467 ], [ 6.588012753314476, 46.989436067379081 ], [ 6.584229133404774, 46.987597972421341 ], [ 6.562451452111243, 46.979314282308707 ], [ 6.505959162064623, 46.966130473446022 ], [ 6.499558849011322, 46.971380879614628 ], [ 6.496686129891263, 46.974189765842034 ], [ 6.491347842519662, 46.970638493659152 ], [ 6.475297844455778, 46.959371526049885 ], [ 6.47251695667146, 46.956859823158673 ], [ 6.448682849959175, 46.935459687571111 ], [ 6.444749541960649, 46.933405435363206 ], [ 6.433014228284714, 46.927816768917083 ], [ 6.44498086948027, 46.913914182843108 ], [ 6.447445016276664, 46.911100725866326 ], [ 6.464538758665205, 46.88991339234579 ], [ 6.461723917017968, 46.865646616010693 ], [ 6.461318255795362, 46.862180027182376 ], [ 6.459761146060297, 46.851592198613062 ], [ 6.443769577994227, 46.833353365340756 ], [ 6.435603737116253, 46.813932604105105 ], [ 6.430998998271379, 46.812321740055133 ], [ 6.437754235134937, 46.799826924472086 ], [ 6.44169101226097, 46.79775337636903 ], [ 6.457247340186875, 46.7885712302351 ], [ 6.450819444759722, 46.775200570344815 ], [ 6.428577001708422, 46.756210413711756 ], [ 6.395193943255356, 46.74746903032166 ], [ 6.38793711334994, 46.734561440274689 ], [ 6.374268609022653, 46.730394854755602 ], [ 6.365231608635604, 46.722260762442311 ], [ 6.360237172476769, 46.723083041582463 ], [ 6.357442269454209, 46.719848345490973 ], [ 6.342652745474751, 46.71078129215114 ], [ 6.302496467748744, 46.696362461469832 ], [ 6.298217218293338, 46.694484928387489 ], [ 6.274456587963079, 46.684901176799066 ], [ 6.270490706595685, 46.683193947754923 ], [ 6.260914967340542, 46.672012570383338 ], [ 6.25727257502174, 46.669782040316683 ], [ 6.212792568826525, 46.640631744330726 ], [ 6.175137051650421, 46.613979818565277 ], [ 6.161274955847624, 46.609704327551327 ], [ 6.137714116721917, 46.596375550468316 ], [ 6.113297718340466, 46.578622876812545 ], [ 6.112953466513328, 46.575117804227212 ], [ 6.134502463670167, 46.560147301313478 ], [ 6.138108547029248, 46.557660399034056 ], [ 6.155487235736241, 46.545557418573964 ], [ 6.146652071068958, 46.530309885870089 ], [ 6.137177963409488, 46.529723110501358 ], [ 6.124071200969548, 46.519520449525459 ], [ 6.12082957276008, 46.516941576071261 ], [ 6.097317293639821, 46.482454443806155 ], [ 6.073783675544181, 46.464409446233098 ], [ 6.074868666749011, 46.45427847303975 ], [ 6.084833188362646, 46.446494174630836 ], [ 6.086247446370118, 46.443148748774995 ], [ 6.066153389932811, 46.419386448915539 ], [ 6.064008481818334, 46.416226988931555 ], [ 6.060575448711203, 46.417508619434649 ], [ 6.056983604931247, 46.416190111213503 ], [ 6.052807407730641, 46.4114087462249 ], [ 6.031020118005237, 46.388100685644375 ], [ 6.013384134609587, 46.375997345491037 ], [ 5.984116883194302, 46.362655609341502 ], [ 5.975139486588666, 46.350292748771572 ], [ 5.944004036818003, 46.312209826448225 ], [ 5.941530920092244, 46.309264052837818 ], [ 5.937319037341759, 46.309769239105286 ], [ 5.925908027590718, 46.313766445808881 ], [ 5.921870305433147, 46.311941760805951 ], [ 5.909198006924772, 46.283944986642069 ], [ 5.894626750237924, 46.28661417921878 ], [ 5.891984911506219, 46.283599623087767 ], [ 5.869187442840113, 46.264983641670618 ], [ 5.867693994226091, 46.268220091241112 ], [ 5.860849528880794, 46.268770796745102 ], [ 5.850658631641486, 46.26170084638472 ], [ 5.826261858162805, 46.261714682062703 ], [ 5.818279719118314, 46.262867761358983 ], [ 5.813575349556924, 46.263596883117501 ], [ 5.766045235799799, 46.268330132768796 ], [ 5.761568320133637, 46.26715037759736 ], [ 5.733674599966778, 46.263769201272915 ], [ 5.729659507104821, 46.261928390097246 ], [ 5.72518121121298, 46.260693207098299 ], [ 5.7215375010405, 46.263177102532786 ], [ 5.715960260221056, 46.280375481345061 ], [ 5.718977516099212, 46.294287136139417 ], [ 5.714553032546872, 46.30806998806306 ], [ 5.684582306162585, 46.310933714225541 ], [ 5.683316430330301, 46.315873958403685 ], [ 5.680230072781445, 46.318433355443716 ], [ 5.668481300065808, 46.32389885055769 ], [ 5.645284642357693, 46.324791169391062 ], [ 5.649797748005974, 46.33419162754037 ], [ 5.649206736303058, 46.337295724458237 ], [ 5.646091529087766, 46.342809998661878 ], [ 5.637458308552853, 46.336442011476429 ], [ 5.635056913009942, 46.333308119098341 ], [ 5.612518353306879, 46.326556281158773 ], [ 5.605673342436595, 46.313640044771716 ], [ 5.604641103134091, 46.309438131001095 ], [ 5.602149869314277, 46.306810199924882 ], [ 5.597891442228574, 46.297897785929301 ], [ 5.587250887529478, 46.292509031724286 ], [ 5.582606255043766, 46.293236129321848 ], [ 5.56467415081319, 46.292767494850665 ], [ 5.561576920824335, 46.286575608251972 ], [ 5.559458449918029, 46.283514973710524 ], [ 5.539301294490224, 46.268902566006226 ], [ 5.511369745905276, 46.264359922528186 ], [ 5.507498128422553, 46.265481359244568 ], [ 5.502609157285266, 46.270210737609638 ], [ 5.49959451001463, 46.268204841695862 ], [ 5.475361641679783, 46.265220838268874 ], [ 5.471307612210207, 46.267209876286053 ], [ 5.457671629657802, 46.276847606023772 ], [ 5.459000955459303, 46.290530800907177 ], [ 5.466530860229085, 46.293241862998194 ], [ 5.473218227687156, 46.30892592458067 ], [ 5.475304568878763, 46.315385221831463 ], [ 5.471468790390217, 46.316531581450377 ], [ 5.465179645856975, 46.32354180352727 ], [ 5.460892275622824, 46.322472310869422 ], [ 5.454475779165034, 46.31799806973472 ], [ 5.4371456488875, 46.315126867250221 ], [ 5.435942269583308, 46.318467924182507 ], [ 5.423534445168904, 46.347732380663778 ], [ 5.410239969537863, 46.309104745546882 ], [ 5.406583443021284, 46.309911779053301 ], [ 5.404053757375841, 46.314766945437313 ], [ 5.404041358720361, 46.315668098016189 ], [ 5.404351931627966, 46.319184026884074 ], [ 5.401686156111351, 46.332798632524394 ], [ 5.40272945128399, 46.336118936524102 ], [ 5.373462288620207, 46.352236304685157 ], [ 5.374637455971627, 46.355328865133615 ], [ 5.375761147935085, 46.358431496431109 ], [ 5.376474426606004, 46.361668795581465 ], [ 5.363471832828057, 46.370019876062329 ], [ 5.365074762133987, 46.37307663230267 ], [ 5.375163665767757, 46.379713604547526 ], [ 5.377880614188972, 46.382323582919774 ], [ 5.370296140868079, 46.386030877109192 ], [ 5.367104813673746, 46.38869165068084 ], [ 5.363519902692708, 46.39038754441841 ], [ 5.348115791726063, 46.399416984918005 ], [ 5.334091934648562, 46.39972274028495 ], [ 5.309145907832892, 46.410256752019222 ], [ 5.29880564442362, 46.415528245326833 ], [ 5.307816692621566, 46.414859941224549 ], [ 5.31233335853436, 46.416020702809931 ], [ 5.308145226268792, 46.420474578955179 ], [ 5.321727454098848, 46.428955386111909 ], [ 5.310560994900808, 46.446775421441146 ], [ 5.273676830639489, 46.448587696485681 ], [ 5.26965272851585, 46.450226173943882 ], [ 5.256270990442785, 46.451878589053457 ], [ 5.248003875498354, 46.459374290551168 ], [ 5.243864078301063, 46.460455594688355 ], [ 5.236259286250129, 46.457785164464042 ], [ 5.233383590805667, 46.460453793551302 ], [ 5.224698303878078, 46.468352242722133 ], [ 5.215064143095112, 46.468359273121585 ], [ 5.215280486932143, 46.471760135675638 ], [ 5.21303066362976, 46.481541459115832 ], [ 5.20668508934078, 46.486177195131567 ], [ 5.209481370989551, 46.492104509233755 ], [ 5.200343312167195, 46.502567922311812 ], [ 5.203564517209778, 46.504802919076148 ], [ 5.201220732767452, 46.507820705829054 ], [ 5.181672218123174, 46.509978960888148 ], [ 5.165839062473692, 46.517675429368779 ], [ 5.164302617782036, 46.504616091118002 ], [ 5.141168314618155, 46.508483666911381 ], [ 5.134030423900303, 46.501446921126195 ], [ 5.129065841849766, 46.500917950088471 ], [ 5.112817034314097, 46.492959318944195 ], [ 5.095258964915669, 46.497975513183356 ], [ 5.071448921356229, 46.485816799780103 ], [ 5.054751217074587, 46.48428067040107 ], [ 5.050900198875994, 46.486250436887651 ], [ 5.014232950187079, 46.500449707713585 ], [ 5.012447562294739, 46.502967198377796 ], [ 5.010594092028666, 46.511070445917085 ], [ 5.006368918410485, 46.509703478728746 ], [ 4.980215754890244, 46.515203487883845 ], [ 4.970037821790698, 46.514091238703664 ], [ 4.962655768226287, 46.506552993798721 ], [ 4.952797298938264, 46.504469983074635 ], [ 4.947368602584648, 46.50842667640606 ], [ 4.947244760253874, 46.514454615380224 ], [ 4.934744812255356, 46.513324713127133 ], [ 4.933591857139483, 46.512452503660228 ], [ 4.931736249325466, 46.509790719979698 ], [ 4.92961634886888, 46.504079934855191 ], [ 4.928836860565044, 46.501589091386926 ], [ 4.927681643450175, 46.499167629133737 ], [ 4.925240528202, 46.496155330951048 ], [ 4.915896016003368, 46.488187863649479 ], [ 4.914522266596615, 46.481374441156333 ], [ 4.914530148998859, 46.480113304628141 ], [ 4.915024314305382, 46.477105634251863 ], [ 4.914447665298689, 46.462163359439387 ], [ 4.91249720796277, 46.459322731297938 ], [ 4.894443551308239, 46.445374217272885 ], [ 4.892886958534452, 46.442571775900014 ], [ 4.89179654929081, 46.438554631963498 ], [ 4.891523175281615, 46.430290571921915 ], [ 4.891531565662778, 46.42752522728734 ], [ 4.891046678816421, 46.424056485280737 ], [ 4.889933913550233, 46.41712136041064 ], [ 4.887495995098051, 46.402732166365993 ], [ 4.884949890332796, 46.399882937598619 ], [ 4.873919178764019, 46.384986586242874 ], [ 4.867760276416327, 46.378061985399036 ], [ 4.865690621451418, 46.375762995633153 ], [ 4.863119556155964, 46.373255989726857 ], [ 4.858529979927813, 46.368016637927653 ], [ 4.856453915553411, 46.365123121423501 ], [ 4.850912439341696, 46.35286437709734 ], [ 4.852389821597915, 46.34617507369056 ], [ 4.852652406891156, 46.342793113332206 ], [ 4.85315570684606, 46.329247121642439 ], [ 4.85142310981038, 46.326077726513013 ], [ 4.849389211980616, 46.323219442152585 ], [ 4.841217378065683, 46.311804566864403 ], [ 4.83922772944985, 46.308684190211494 ], [ 4.832926069195373, 46.29943630786412 ], [ 4.826331892572855, 46.275907413639935 ], [ 4.824738956828608, 46.272933563994606 ], [ 4.816487827259363, 46.2654004169624 ], [ 4.81134139246462, 46.260582532770393 ], [ 4.810817158747501, 46.254547071478072 ], [ 4.810798463052546, 46.251232733588566 ], [ 4.808183811311372, 46.238105836891407 ], [ 4.800740826138938, 46.229658079983381 ], [ 4.797847471634117, 46.224542747164847 ], [ 4.795510001380115, 46.220139144844907 ], [ 4.794279951455436, 46.217051090634364 ], [ 4.792735156142174, 46.207509861415829 ], [ 4.792326647097268, 46.200968101800072 ], [ 4.780203231341763, 46.186747161124103 ], [ 4.780213475718938, 46.176677022719417 ], [ 4.775494364392379, 46.177093116258099 ], [ 4.771583569951093, 46.175640949495765 ], [ 4.763196642563972, 46.175699322326111 ], [ 4.759589739188397, 46.17360253081857 ], [ 4.733117672986062, 46.177792273083796 ], [ 4.724376057507027, 46.184311199463721 ], [ 4.720361516262471, 46.193577164505157 ], [ 4.721488532513892, 46.196838644251457 ], [ 4.721500962911199, 46.200126002248481 ], [ 4.73568190505094, 46.21170057664235 ], [ 4.731772790784044, 46.21321930437631 ], [ 4.720017526550353, 46.2285023650252 ], [ 4.733016181643432, 46.227512468512344 ], [ 4.736181353990845, 46.233201656378967 ], [ 4.720694172891205, 46.244263293094356 ], [ 4.70889875299166, 46.248584223328933 ], [ 4.705376531492453, 46.250960839876228 ], [ 4.690872577722378, 46.24964609070549 ], [ 4.681227537455479, 46.257300686055899 ], [ 4.680571003429818, 46.267217888993144 ], [ 4.684570477488776, 46.265933847167148 ], [ 4.694067583230835, 46.271512262814589 ], [ 4.700696082283518, 46.267477436563752 ], [ 4.707416825916861, 46.269763658971776 ], [ 4.710054441037523, 46.27894712136861 ], [ 4.707480172931124, 46.284705117883213 ], [ 4.703249222903225, 46.284840533868056 ], [ 4.693883744327219, 46.294536476639401 ], [ 4.692949524581821, 46.297099297731549 ], [ 4.693436090581569, 46.302325027857535 ], [ 4.679741273021557, 46.304518290902656 ], [ 4.664477708609297, 46.296618243137694 ], [ 4.653189191751487, 46.303177419286165 ], [ 4.63872466353078, 46.301422957435406 ], [ 4.635776552330896, 46.291918243763462 ], [ 4.617019082985388, 46.280621561291284 ], [ 4.620161717032425, 46.277955950796837 ], [ 4.618564521857397, 46.264792902986095 ], [ 4.614456310831472, 46.266400387158427 ], [ 4.586526980037194, 46.268360196586833 ], [ 4.58267150919654, 46.270215178436459 ], [ 4.572724510324361, 46.277044897639243 ], [ 4.57216068474665, 46.289977084193048 ], [ 4.570273455641543, 46.293029317333016 ], [ 4.557840785830265, 46.293992618989208 ], [ 4.555437388280732, 46.29126046922417 ], [ 4.548090378839162, 46.28322770753519 ], [ 4.546450419548178, 46.273919258990361 ], [ 4.542343091072179, 46.27196652440896 ], [ 4.504000758912898, 46.267138679529346 ], [ 4.501483902897545, 46.270071965462009 ], [ 4.488464517812677, 46.287994479239082 ], [ 4.48377542502377, 46.287064968770281 ], [ 4.475428237578892, 46.284399464267267 ], [ 4.462188093096718, 46.294017846649275 ], [ 4.453248416053393, 46.29643786587571 ], [ 4.439451591374278, 46.293055585790491 ], [ 4.437717454519065, 46.296283712804076 ], [ 4.427038879023315, 46.302830426532886 ], [ 4.424386854888176, 46.296298085934041 ], [ 4.410615539245804, 46.295343689136416 ], [ 4.405813600867774, 46.296060507571006 ], [ 4.407092481122367, 46.29273944662085 ], [ 4.398757221096853, 46.284322274279411 ], [ 4.396364396243378, 46.274543912035298 ], [ 4.396451309303364, 46.271840991096838 ], [ 4.396835116897812, 46.266522632175288 ], [ 4.388286004530707, 46.24791236219567 ], [ 4.385567536414634, 46.246162267269106 ], [ 4.386217365395997, 46.225674266486806 ], [ 4.388079599211405, 46.219788516715013 ], [ 4.388415761966769, 46.21308379031597 ], [ 4.374769090309238, 46.209511996914827 ], [ 4.363353466287566, 46.198562821695148 ], [ 4.373497686932891, 46.187246025519713 ], [ 4.370805516375084, 46.18433349330698 ], [ 4.36632034219092, 46.185423204682067 ], [ 4.358511268876207, 46.182679851454559 ], [ 4.346643166732911, 46.187261106213775 ], [ 4.334903336509447, 46.181743718667363 ], [ 4.32664256511493, 46.184893505476559 ], [ 4.326396959047386, 46.181708206323968 ], [ 4.316410015348407, 46.171305178446744 ], [ 4.311831389034795, 46.171196012331109 ], [ 4.309176187874013, 46.172919775641169 ], [ 4.302870379862416, 46.174325139059931 ], [ 4.298212197335847, 46.17305455077318 ], [ 4.2902813220998, 46.169317293242734 ], [ 4.28243181855618, 46.156815690873998 ], [ 4.277541212639805, 46.156609612213586 ], [ 4.253191763641448, 46.157817418331156 ], [ 4.24865987417925, 46.167107454172587 ], [ 4.253409376993175, 46.167343359245514 ], [ 4.261911207310584, 46.175174551665087 ], [ 4.258146236482693, 46.184546498580325 ], [ 4.255015671215673, 46.187129797112313 ], [ 4.240915519627645, 46.186897329799812 ], [ 4.232490604496354, 46.179550073671507 ], [ 4.226578156706693, 46.178371210503826 ], [ 4.224992919293857, 46.177631807975395 ], [ 4.223364575370377, 46.18018901807865 ], [ 4.219558372988187, 46.185102122502457 ], [ 4.215845172809585, 46.187222263716912 ], [ 4.206215245773967, 46.194493539419994 ], [ 4.189229344009333, 46.188638547557979 ], [ 4.184930477460939, 46.19012437265966 ], [ 4.184851494883449, 46.179867522883157 ], [ 4.186752163687205, 46.176632600248524 ], [ 4.178132571539771, 46.173687300189584 ], [ 4.143322172547659, 46.175997069136834 ], [ 4.138591276078256, 46.176665959129224 ], [ 4.133846930473126, 46.177316773640641 ], [ 4.133393277727913, 46.17732129820142 ], [ 4.13285345288091, 46.180685834130379 ], [ 4.103832275402551, 46.198442460447332 ], [ 4.09943491357746, 46.197107190451462 ], [ 4.082922268027997, 46.191024717030054 ], [ 4.07863482723332, 46.190606184874234 ], [ 4.067331425617725, 46.186813410790748 ], [ 4.059972447963717, 46.188458253330396 ], [ 4.056680707340065, 46.185859247114223 ], [ 4.050072754185954, 46.180688198932522 ], [ 4.046012738286197, 46.179221690875394 ], [ 4.031148884573616, 46.171972895009205 ], [ 4.027487710237736, 46.169592548129089 ], [ 4.018044479815724, 46.172018988885654 ], [ 3.988528483757208, 46.169857050150114 ], [ 3.985072596906217, 46.172300546032226 ], [ 3.9807979055512, 46.181892398735528 ], [ 3.971497251351317, 46.189671990758427 ], [ 3.972570358526316, 46.199730988523434 ], [ 3.965168285194796, 46.202864935345794 ], [ 3.960313988377974, 46.203401334690639 ], [ 3.936211672978623, 46.206195889585963 ], [ 3.917106269548999, 46.203884075419609 ], [ 3.909456174042776, 46.207925912017238 ], [ 3.905495592235873, 46.209227279050573 ], [ 3.890132327734541, 46.214490641438708 ], [ 3.897327744192332, 46.226906583172706 ], [ 3.89739160504948, 46.237145209904725 ], [ 3.907418412808262, 46.243891784058491 ], [ 3.908760255245321, 46.260622096653563 ], [ 3.906644482493972, 46.263790849469245 ], [ 3.903774800777386, 46.274007744464939 ], [ 3.899533541123557, 46.275914443406414 ], [ 3.892627383337132, 46.284857064330502 ], [ 3.901973466433756, 46.293158402605513 ], [ 3.931632493074786, 46.29622465911055 ], [ 3.947858488242173, 46.303673344654278 ], [ 3.947853044015411, 46.305609549631832 ], [ 3.947643642408099, 46.319029316447235 ], [ 3.971744934504413, 46.320726493023308 ], [ 3.985659460459651, 46.317500122678268 ], [ 4.005259128984827, 46.327406016687689 ], [ 3.994357110918885, 46.327654741648288 ], [ 3.985653016652253, 46.32868491974255 ], [ 3.987604836159759, 46.347507351729327 ], [ 3.98739032470037, 46.350751154332734 ], [ 3.988307761776535, 46.354021171773482 ], [ 3.991544456622782, 46.370418911047501 ], [ 3.981869960237619, 46.385163325162608 ], [ 3.980860102082424, 46.388350899133179 ], [ 3.977568731160593, 46.397870769155062 ], [ 3.987989348490841, 46.407650884695208 ], [ 3.98463348133604, 46.416478082119866 ], [ 3.984117941012563, 46.419661403166238 ], [ 3.991706403166835, 46.423080799911723 ], [ 3.995311344798406, 46.425102645360688 ], [ 3.995438169453697, 46.428487539600056 ], [ 3.989353285544092, 46.436951373930341 ], [ 4.002835413584497, 46.440534969221694 ], [ 3.99751925347058, 46.45257657537347 ], [ 4.001541422723866, 46.458755032677544 ], [ 4.000962643718259, 46.46201101101439 ], [ 3.974340050243296, 46.479567189892691 ], [ 3.965148208435984, 46.477997224634002 ], [ 3.960553817718322, 46.477657710807044 ], [ 3.952282110057076, 46.478726504534571 ], [ 3.957963331803741, 46.490475820691955 ], [ 3.95347511751015, 46.491792075892818 ], [ 3.9341506785476, 46.490952039799453 ], [ 3.916492120249248, 46.496101811211965 ], [ 3.911474787592394, 46.495493552305582 ], [ 3.902949856949669, 46.491725025273297 ], [ 3.898790814377659, 46.485409203436099 ], [ 3.89734064109781, 46.482052687407474 ], [ 3.887972691925144, 46.482359978834623 ], [ 3.865262031741186, 46.489648146972179 ], [ 3.860414035264144, 46.49556503139015 ], [ 3.863827557393091, 46.512675865968006 ], [ 3.855142976540205, 46.51531656207694 ], [ 3.845818738154779, 46.512936538107709 ], [ 3.84503845742334, 46.513086385896905 ], [ 3.840125542234661, 46.518453530446287 ], [ 3.846290635617538, 46.524009181245653 ], [ 3.837014151941563, 46.531605580495629 ], [ 3.811745979849747, 46.520585513338681 ], [ 3.807423254219479, 46.519382431467292 ], [ 3.794429206072107, 46.527343714991396 ], [ 3.780666488803603, 46.528365963099681 ], [ 3.777915707824309, 46.531257260367468 ], [ 3.770248096752043, 46.538954274586736 ], [ 3.755776487523999, 46.536151211704244 ], [ 3.741847467885637, 46.539547143816584 ], [ 3.732679471354948, 46.54774656828998 ], [ 3.734269589310638, 46.554363914651582 ], [ 3.737007795275079, 46.556075237917661 ], [ 3.741006333614319, 46.560218645121182 ], [ 3.74328470265186, 46.566462206518899 ], [ 3.740436606335571, 46.575926675052493 ], [ 3.740263926001344, 46.578593202877521 ], [ 3.73901646021588, 46.583860040155955 ], [ 3.737848216859327, 46.587280373555075 ], [ 3.734557441058002, 46.603780182261282 ], [ 3.719593892609837, 46.60544196527507 ], [ 3.713443994497546, 46.610721154105093 ], [ 3.723234254813767, 46.622771068572114 ], [ 3.716206280948366, 46.630973420162064 ], [ 3.712707824373977, 46.633327428250013 ], [ 3.704613176789398, 46.645200534904433 ], [ 3.703415564849418, 46.647630126897049 ], [ 3.699613399429658, 46.651912562074259 ], [ 3.699363956865124, 46.654885596806309 ], [ 3.698334961760699, 46.658259579915615 ], [ 3.692295531530335, 46.663599885200625 ], [ 3.670584075082877, 46.672094090096195 ], [ 3.671974317359258, 46.681909876198453 ], [ 3.655467763014639, 46.687750224818025 ], [ 3.654644128491839, 46.691068571602102 ], [ 3.651137878461326, 46.704235016707408 ], [ 3.637641935383821, 46.707480341077691 ], [ 3.637681057097617, 46.724192287477187 ], [ 3.622801674987134, 46.740895986962947 ], [ 3.628874219269325, 46.746130432304398 ], [ 3.629423683496477, 46.74945902193754 ], [ 3.626403814214439, 46.752266865444142 ], [ 3.601825632387351, 46.752128122162993 ], [ 3.596399232112489, 46.764987503966921 ], [ 3.592562208304013, 46.762801312598434 ], [ 3.578083294148845, 46.749269632853185 ], [ 3.595819179318784, 46.725290563820117 ], [ 3.580593599814212, 46.716976517186829 ], [ 3.576977793562067, 46.722910595049804 ], [ 3.57304263759967, 46.720994371392557 ], [ 3.568891272393635, 46.715909558935493 ], [ 3.564075634182089, 46.716113407595401 ], [ 3.547722112606175, 46.722414574350744 ], [ 3.547909801320102, 46.718956023269627 ], [ 3.548900276972424, 46.705552849015078 ], [ 3.559852572671176, 46.689985423455717 ], [ 3.554262492500698, 46.684600924848347 ], [ 3.550406491962749, 46.68239540270806 ], [ 3.542814834100646, 46.679460122209555 ], [ 3.534364051223088, 46.687522695771406 ], [ 3.529450775160521, 46.688202790461787 ], [ 3.52047221865964, 46.685236410852262 ], [ 3.486833915916203, 46.660559035080134 ], [ 3.486668840850767, 46.653806439027882 ], [ 3.483132303264268, 46.651678345949293 ], [ 3.474191317766814, 46.653534556597627 ], [ 3.45570982726095, 46.651466448739569 ], [ 3.454090417328842, 46.654840511746826 ], [ 3.443454664090886, 46.66233774731834 ], [ 3.447400455645512, 46.671389803359723 ], [ 3.452928058929907, 46.676995822849008 ], [ 3.452896460248159, 46.687332910237942 ], [ 3.44592340039682, 46.692249557547079 ], [ 3.436014715049038, 46.693548234404844 ], [ 3.430010689306313, 46.698829388589537 ], [ 3.434214102235092, 46.712220909751451 ], [ 3.414608819468596, 46.711104832003144 ], [ 3.390052239519375, 46.71489163186272 ], [ 3.385292098205182, 46.71376417074616 ], [ 3.366416172272748, 46.690676093512003 ], [ 3.356914396138092, 46.68841896055563 ], [ 3.35253221045806, 46.686595639718945 ], [ 3.337856191877994, 46.685253136819497 ], [ 3.318052425728365, 46.688443215525766 ], [ 3.304498674534342, 46.702841704404015 ], [ 3.298052213593199, 46.71587867368806 ], [ 3.283372874820402, 46.71515049096697 ], [ 3.282979202830708, 46.714971378709343 ], [ 3.278417292690736, 46.716324152728042 ], [ 3.268544273785627, 46.715924475850827 ], [ 3.259772738658428, 46.707660829148715 ], [ 3.234216995659977, 46.697370024293598 ], [ 3.229528017009187, 46.696461071221421 ], [ 3.226936029159307, 46.690001217959626 ], [ 3.20442642479371, 46.678752258907821 ], [ 3.199366245446263, 46.679499509015777 ], [ 3.167414483680757, 46.690967894380869 ], [ 3.14924697997627, 46.708217909678908 ], [ 3.146987879039586, 46.710210738412627 ], [ 3.143329333405318, 46.712736520817813 ], [ 3.129056323293419, 46.727493178236841 ], [ 3.104672799726408, 46.733181561026399 ], [ 3.100536658623587, 46.734292757478833 ], [ 3.083478141172352, 46.73777298938225 ], [ 3.079604739468691, 46.739963725936349 ], [ 3.049549785164861, 46.757718573394591 ], [ 3.037546186455272, 46.772831831414322 ], [ 3.036263978750062, 46.775965627192065 ], [ 3.032068189394675, 46.794911188525951 ], [ 3.03212249793615, 46.798062547436189 ], [ 3.039066663232945, 46.80962141689114 ], [ 3.041154108929955, 46.812673008184937 ], [ 3.057639498253465, 46.825136294020673 ], [ 3.058486001906952, 46.831591628411672 ], [ 3.056940361542765, 46.833915394665141 ], [ 3.054583668833849, 46.838769602182829 ], [ 3.056647027805517, 46.841973965614542 ], [ 3.069401520750112, 46.852258331370486 ], [ 3.063605444947306, 46.8899513597012 ], [ 3.062334255725524, 46.892347037314146 ], [ 3.061144741859144, 46.897380734459723 ], [ 3.058074197497417, 46.900281506280869 ], [ 3.050227110007947, 46.909153797540178 ], [ 3.064553118012291, 46.935734327019631 ], [ 3.066028598717236, 46.938425559437277 ], [ 3.06825405387049, 46.941521489540392 ], [ 3.078275397767386, 46.953426811275527 ], [ 3.079337309976087, 46.96024174960737 ], [ 3.075118510914433, 46.962063282902832 ], [ 3.062751386009805, 46.98025769872342 ], [ 3.06532398721742, 46.997173711390204 ], [ 3.065841214357627, 47.000459657972407 ], [ 3.073674713449534, 47.012375395082159 ], [ 3.074758922345478, 47.015858996415119 ], [ 3.074778494863201, 47.029994210059733 ], [ 3.072676112204176, 47.033281757761131 ], [ 3.063618306801766, 47.046170792653676 ], [ 3.060101168926038, 47.045857562007598 ], [ 3.053965685801812, 47.0482554569247 ], [ 3.05051688949506, 47.050678889974108 ], [ 3.022240680082713, 47.063652433649011 ], [ 3.020041492301254, 47.066785948673186 ], [ 3.022524263938386, 47.080164204906261 ], [ 3.031362120205017, 47.0928835698207 ], [ 3.030102492158812, 47.103507556360931 ], [ 3.030249522795519, 47.107054728431436 ], [ 3.029999683245491, 47.10831522253666 ], [ 3.029381730023157, 47.111655515359807 ], [ 3.028282785470963, 47.12843742726966 ], [ 3.024959741521434, 47.131112080791219 ], [ 3.017179076825485, 47.139783361805286 ], [ 3.020588268930684, 47.152981113145415 ], [ 3.019282888567557, 47.156285406300832 ], [ 3.015944520445856, 47.159094819284263 ], [ 3.015206313531808, 47.162434990961124 ], [ 2.99774120160263, 47.200850999295781 ], [ 2.995918087696023, 47.203803851069992 ], [ 2.993843777829701, 47.206675633134111 ], [ 2.991121860154863, 47.209691370669105 ], [ 2.979025769960576, 47.229063601191143 ], [ 2.98180613033062, 47.253524168512698 ], [ 2.982757162081548, 47.256558177560471 ], [ 2.981657619862601, 47.262508692359269 ], [ 2.973547343095456, 47.26994321021693 ], [ 2.941562763652794, 47.285154707533728 ], [ 2.926779876780413, 47.298451916616735 ], [ 2.923335790387726, 47.300844332312344 ], [ 2.91612902644267, 47.305646625673205 ], [ 2.912961501732195, 47.308318000106013 ], [ 2.909119289605585, 47.31058365284877 ], [ 2.899452709404684, 47.312745252782932 ], [ 2.894950170091953, 47.31376753487956 ], [ 2.879024465128571, 47.32027873354896 ], [ 2.873694968625038, 47.32910433160751 ], [ 2.870246814453292, 47.342342877365333 ], [ 2.877112688558709, 47.351559625264365 ], [ 2.879781811942537, 47.354533145814301 ], [ 2.882080111971828, 47.357587244929434 ], [ 2.890554896460737, 47.36599456138044 ], [ 2.893026488787417, 47.369084599390241 ], [ 2.919770922292592, 47.410470587091531 ], [ 2.919620272691409, 47.413657179593073 ], [ 2.920905913019713, 47.423155109323496 ], [ 2.931557160407742, 47.433433030726782 ], [ 2.931884535830079, 47.436808924941516 ], [ 2.919831354068275, 47.458729683395021 ], [ 2.919191400202701, 47.460619613139158 ], [ 2.917779553343721, 47.463787244848191 ], [ 2.897163493218339, 47.485149930881789 ], [ 2.897130048778577, 47.488732562160052 ], [ 2.892394900474029, 47.498981143013168 ], [ 2.891631776311617, 47.50194196331681 ], [ 2.889574073828594, 47.507764056968483 ], [ 2.887256452816126, 47.510615334499157 ], [ 2.874625206405637, 47.520423112539795 ], [ 2.846885283851481, 47.541534452049113 ], [ 2.845187159794147, 47.544934749261913 ], [ 2.856629541986299, 47.551412384332195 ], [ 2.86858262246922, 47.546007623459424 ], [ 2.878365611598434, 47.552670266497934 ], [ 2.883391500580286, 47.552720406261585 ], [ 2.905813998587563, 47.557466383392345 ], [ 2.909374085901136, 47.559611524275248 ], [ 2.912957992254654, 47.563637849441356 ], [ 2.914297452553069, 47.565970182718523 ], [ 2.953843490673086, 47.558611442690804 ], [ 2.958658231053433, 47.557380064123812 ], [ 2.971790551167376, 47.567915527979821 ], [ 2.976538012003622, 47.569428797095796 ], [ 2.974820706451287, 47.572713908538489 ], [ 2.964870213771504, 47.574457584421886 ], [ 2.959326766288642, 47.587516586283293 ], [ 2.94569767878534, 47.592254675052935 ], [ 2.94035526846625, 47.598210848033254 ], [ 2.94361885908988, 47.607762683049181 ], [ 2.932320850483284, 47.627045991734022 ], [ 2.934061253048666, 47.630152341287221 ], [ 2.936157609792124, 47.636427205886186 ], [ 2.939684464596582, 47.638364291736657 ], [ 2.954234352460736, 47.645688679547945 ], [ 2.951155532280474, 47.647901664359324 ], [ 2.941581215848052, 47.657537247825204 ], [ 2.937222998349352, 47.659056138049351 ], [ 2.928230940987118, 47.658438902113311 ], [ 2.918154914162431, 47.669800368537302 ], [ 2.924159980425542, 47.682495551584097 ], [ 2.89309801960158, 47.6988796247294 ], [ 2.888654685493324, 47.700567610033673 ], [ 2.88406479218976, 47.702075266441135 ], [ 2.879660866866141, 47.703780948144939 ], [ 2.883506586880356, 47.713451542216518 ], [ 2.877732882892927, 47.71884602130725 ], [ 2.861174638404465, 47.710942999200704 ], [ 2.848968989765151, 47.716850296331522 ], [ 2.851135086073643, 47.719670263771441 ], [ 2.848650160490449, 47.725796478269515 ], [ 2.852538780193681, 47.728150591225059 ], [ 2.858407222022721, 47.748679003909274 ], [ 2.853882432478801, 47.758681929607789 ], [ 2.856477009002203, 47.761736275006356 ], [ 2.899666754670735, 47.76492237447416 ], [ 2.908378518391023, 47.768016638295997 ], [ 2.912915298059864, 47.76938815276722 ], [ 2.930559745400113, 47.76282967813075 ], [ 2.935591725105041, 47.763246571034912 ], [ 2.93748368041712, 47.766298721119234 ], [ 2.947189367537414, 47.765790479096914 ], [ 2.954511006042259, 47.774262872133448 ], [ 2.977353218219984, 47.77995770739507 ], [ 2.980450184702388, 47.782523345713912 ], [ 2.98890232528795, 47.786124557980777 ], [ 3.018803404172518, 47.786474584732012 ], [ 3.023798013861386, 47.786374673888972 ], [ 3.027584325789861, 47.799766175221642 ], [ 3.024262688134343, 47.809658089271295 ], [ 3.024344416451655, 47.813078121327614 ], [ 3.019881705567427, 47.813042962676931 ], [ 3.015472600475608, 47.813538634084665 ], [ 3.019403034232116, 47.819451116667665 ], [ 3.013992499163616, 47.825031932200133 ], [ 3.01387399501971, 47.831835976790693 ], [ 3.030665049667467, 47.837475793470176 ], [ 3.033823850977256, 47.843873908806415 ], [ 3.026906268836489, 47.858923566848894 ], [ 3.023296506150339, 47.861021310055143 ], [ 3.018187916577488, 47.861193210654172 ], [ 2.994904118246358, 47.867350408503462 ], [ 3.011490815982894, 47.875098797550237 ], [ 3.007226310159381, 47.895294555605332 ], [ 3.015430441201225, 47.898497649401477 ], [ 3.011818476353205, 47.904824823983041 ], [ 3.030665533114938, 47.907836290077377 ], [ 3.048243501229483, 47.911331233390577 ], [ 3.053812031300999, 47.924450181434267 ], [ 3.063161272414776, 47.927334373914405 ], [ 3.065213877116114, 47.930519077897358 ], [ 3.078742817759815, 47.933273633875238 ], [ 3.083939868998728, 47.942431486189498 ], [ 3.08868258612171, 47.943183955352204 ], [ 3.100759835905934, 47.947988910654161 ], [ 3.105271992622321, 47.94694102430396 ], [ 3.113424500770825, 47.963348287315426 ], [ 3.128118811205815, 47.972512478407047 ], [ 3.128497619536819, 47.979513485097108 ], [ 3.122988634255859, 47.985197881752185 ], [ 3.126676046765975, 47.991268418347751 ], [ 3.121123097114503, 47.995935828948824 ], [ 3.1208453400692, 48.009362775800916 ], [ 3.106570439343342, 48.013183168233986 ], [ 3.101149802403494, 48.019028317958714 ], [ 3.10217582599476, 48.022456049324276 ], [ 3.120647753750725, 48.028602860611564 ], [ 3.124262514588203, 48.031127804649287 ], [ 3.119730816263598, 48.032473342221905 ], [ 3.097619689433406, 48.039557895815186 ], [ 3.090536102621757, 48.048220460123865 ], [ 3.095364505974626, 48.053975893858031 ], [ 3.090344558094815, 48.053943856354685 ], [ 3.078931686632021, 48.060242207289981 ], [ 3.060277736017516, 48.064698612535608 ], [ 3.050471424275197, 48.072334131124734 ], [ 3.04988222210006, 48.088252983298823 ], [ 3.05019396632261, 48.091240382197867 ], [ 3.042902327438624, 48.093375923596469 ], [ 3.041212293900077, 48.096481028715274 ], [ 3.035099575535078, 48.115631794229046 ], [ 3.01588352103313, 48.115707935792393 ], [ 3.027273099074058, 48.130697164069169 ], [ 3.023121807419288, 48.135674125392583 ], [ 3.019049364346071, 48.137780456655889 ], [ 3.013229777703299, 48.143477164740574 ], [ 3.003885676876996, 48.144863574450156 ], [ 3.002137664966039, 48.141660236755776 ], [ 2.994043953603431, 48.143099829029083 ], [ 2.987615188370397, 48.152277532180882 ], [ 2.978175998469629, 48.150584499469964 ], [ 2.96361164510933, 48.152866453410816 ], [ 2.959952074377078, 48.15538476414774 ], [ 2.951969292020424, 48.164361953984347 ], [ 2.936314411640617, 48.163391744147773 ], [ 2.934241211321695, 48.175727012196788 ], [ 2.934748604883835, 48.178822626211968 ], [ 2.95146107433538, 48.190492104065235 ], [ 2.955415683302596, 48.192518206490277 ], [ 2.970958045601045, 48.194187673485686 ], [ 2.971666359767501, 48.203410717082413 ], [ 2.984586934785282, 48.207453158512273 ], [ 2.988961494790437, 48.209019276615273 ], [ 2.997119365209322, 48.206347390604037 ], [ 3.005990454299105, 48.209424544048652 ], [ 3.012818612755038, 48.222101924315965 ], [ 3.032695890766187, 48.248740266021471 ], [ 3.047569546976905, 48.24969796098646 ], [ 3.043707970713627, 48.271842378600503 ], [ 3.02926125604839, 48.274204167433773 ], [ 3.024760200888264, 48.275644785712856 ], [ 3.026960702037608, 48.282464344300045 ], [ 3.029739324447006, 48.285423817219829 ], [ 3.026761315645198, 48.288015769181428 ], [ 3.020050574276207, 48.29637561477881 ], [ 3.027468947687173, 48.300638839636676 ], [ 3.017100246600266, 48.304536605878923 ], [ 3.015685044519298, 48.307316948665438 ], [ 3.040571187608264, 48.328931209628877 ], [ 3.042260332200756, 48.332187561065972 ], [ 3.036772557211559, 48.337785556374691 ], [ 3.046276369719426, 48.357314636338522 ], [ 3.049451310341781, 48.360030414970574 ], [ 3.062057467238482, 48.357442375043497 ], [ 3.066701666498117, 48.357718755404747 ], [ 3.080611057630122, 48.360832029331398 ], [ 3.101066109613775, 48.35478842258614 ], [ 3.099602204539678, 48.351604747881296 ], [ 3.103418050565805, 48.349514185429143 ], [ 3.118384945488956, 48.366684259900701 ], [ 3.122467066883154, 48.368632425877536 ], [ 3.135759286077396, 48.370885144853716 ], [ 3.139868761763394, 48.372598757975943 ], [ 3.144850462852191, 48.367302638381005 ], [ 3.170015302737787, 48.374700586683268 ], [ 3.171807550022876, 48.377675940852157 ], [ 3.183372985036153, 48.371459812024206 ], [ 3.184941147914502, 48.368128544494517 ], [ 3.193762826975675, 48.36939200151717 ], [ 3.199658281246681, 48.364460931510429 ], [ 3.20445026812894, 48.364200847777603 ], [ 3.211303743734076, 48.366267103613815 ], [ 3.214495589769178, 48.367592905539226 ], [ 3.222215552409722, 48.370007832286781 ], [ 3.226483459194403, 48.370242667708716 ], [ 3.246858972167844, 48.3672869920522 ], [ 3.25102070717091, 48.36510100335073 ], [ 3.259611438983896, 48.368591278409497 ], [ 3.267472789654656, 48.377129796633625 ], [ 3.272178603159567, 48.378324657076277 ], [ 3.281617708345045, 48.378158657130733 ], [ 3.283174640658092, 48.381384801042927 ], [ 3.306017536508718, 48.372889000016706 ], [ 3.31068993079479, 48.372912830903068 ], [ 3.311856174088631, 48.376022679338575 ], [ 3.325477502227924, 48.373089067652678 ], [ 3.330116706068349, 48.372122567637057 ], [ 3.336537632493394, 48.37318413380352 ], [ 3.346314734064696, 48.373245936451717 ], [ 3.35168463309209, 48.378619244638024 ], [ 3.356558848440874, 48.378451735877981 ], [ 3.356090899554301, 48.375160292048861 ], [ 3.361191234712982, 48.372571750361132 ], [ 3.366319256923564, 48.391485340652395 ], [ 3.374142129939496, 48.395491458664338 ], [ 3.375407838359996, 48.398690294745933 ], [ 3.385094893124802, 48.398713210587211 ], [ 3.400207369202302, 48.390880968230398 ], [ 3.409930714463198, 48.390541856056707 ], [ 3.414791559501114, 48.390273038820339 ], [ 3.414008022321336, 48.376537591976657 ] ] ] ] } },
{ "type": "Feature", "properties": { "code_INSEE": 22, "NOM": "HAUTS DE FRANCE", "population": 5931091, "nb_dentist": 2815 }, "geometry": { "type": "MultiPolygon", "coordinates": [ [ [ [ 1.625985623852732, 50.364336281398785 ], [ 1.636957320143065, 50.353620112530088 ], [ 1.641543920995577, 50.352153202440896 ], [ 1.631789234336814, 50.361518459153189 ], [ 1.633357918626172, 50.364238545289297 ], [ 1.623054833983236, 50.371432988409133 ], [ 1.617782350783488, 50.372227074212148 ], [ 1.613351417845029, 50.37048932785973 ], [ 1.600635033503037, 50.37594874976255 ], [ 1.580943357263086, 50.378678085190174 ], [ 1.573412889457498, 50.387273963851541 ], [ 1.571513412065264, 50.390376661223037 ], [ 1.555964865344584, 50.398752685468544 ], [ 1.568914453946642, 50.439935199732048 ], [ 1.573471124390054, 50.467703157446003 ], [ 1.574189196574709, 50.471158937356378 ], [ 1.576258459286412, 50.487540205198982 ], [ 1.578150796022488, 50.519207382916832 ], [ 1.585535779668458, 50.536007306543532 ], [ 1.590797033398214, 50.536749515967948 ], [ 1.595956049562486, 50.530560102209769 ], [ 1.610679400101931, 50.525761811719597 ], [ 1.630696933526506, 50.513623255306626 ], [ 1.634870297183586, 50.511326287845449 ], [ 1.6372246194556, 50.509646551429732 ], [ 1.640626545223681, 50.508786225650034 ], [ 1.655631937284836, 50.507783027106996 ], [ 1.660189099158619, 50.506342208562607 ], [ 1.661915769155414, 50.506522472112344 ], [ 1.661611886671713, 50.507363045474598 ], [ 1.647457470920283, 50.511284879654028 ], [ 1.635625797587402, 50.513578913213323 ], [ 1.613802777956763, 50.537628476570504 ], [ 1.609281412339771, 50.539660446484618 ], [ 1.580883919662124, 50.564105400047431 ], [ 1.57689882138638, 50.577434778544628 ], [ 1.578795811721663, 50.580643173048024 ], [ 1.578041148765465, 50.603335517193486 ], [ 1.578328920561355, 50.606624068609918 ], [ 1.57617510593975, 50.636336490643579 ], [ 1.578647309035163, 50.639246008240548 ], [ 1.57207464812921, 50.660918272063547 ], [ 1.572167531500418, 50.664105589951554 ], [ 1.562514003409091, 50.689052973297713 ], [ 1.562605302765413, 50.692276052680107 ], [ 1.56144151074971, 50.699352783005864 ], [ 1.570983583176247, 50.712126242626134 ], [ 1.567627368938503, 50.722237933527204 ], [ 1.584842334091055, 50.727918404913453 ], [ 1.586782802420083, 50.72479042816105 ], [ 1.591143421973635, 50.726589916214408 ], [ 1.599415245853749, 50.724547409821227 ], [ 1.593564178266005, 50.733536573894774 ], [ 1.595699738731333, 50.746645170812279 ], [ 1.594675882524212, 50.749864307702445 ], [ 1.605047698967, 50.765497045412999 ], [ 1.60409608420479, 50.803184645977261 ], [ 1.609218509393064, 50.80433668033735 ], [ 1.599883916218963, 50.805946049197047 ], [ 1.595430488686829, 50.814761550175646 ], [ 1.594044113251403, 50.817725027774756 ], [ 1.589939886673583, 50.828652807050659 ], [ 1.588711897843331, 50.831501312025679 ], [ 1.578546194760365, 50.855163954828228 ], [ 1.581354388786322, 50.869094502699902 ], [ 1.585456250622192, 50.871455975892154 ], [ 1.612931373189006, 50.872679606380295 ], [ 1.631553188105639, 50.876187036382241 ], [ 1.636223962148532, 50.877036702782945 ], [ 1.66696159981769, 50.892199750106315 ], [ 1.689409275593954, 50.912507434820618 ], [ 1.692683276939787, 50.915376796505377 ], [ 1.702480463250042, 50.921750097926683 ], [ 1.705862134415634, 50.923803770152034 ], [ 1.725273609762711, 50.936285176959395 ], [ 1.744411980091567, 50.943637972021264 ], [ 1.779645929298265, 50.954509984987105 ], [ 1.823041822598084, 50.961483760391779 ], [ 1.828446449226993, 50.962404684060573 ], [ 1.839030732900551, 50.964781973865868 ], [ 1.846962297690548, 50.963348293121371 ], [ 1.867690174494286, 50.973880814832029 ], [ 1.889653333502333, 50.972732171387086 ], [ 1.907154719711994, 50.981282635594944 ], [ 1.912383742552176, 50.982601999551754 ], [ 1.942351995198011, 50.988052749443519 ], [ 1.967847573870905, 50.9887859717468 ], [ 1.972904052651461, 50.989625929894999 ], [ 1.993557000856621, 50.993740613117801 ], [ 2.041204113825099, 50.997272237830423 ], [ 2.051657049469538, 51.004464991211812 ], [ 2.062120210820363, 51.005987977022876 ], [ 2.067712027610976, 51.006505154665248 ], [ 2.08357210424458, 51.008389330272372 ], [ 2.103662473607275, 51.005180158340806 ], [ 2.117311793333644, 50.994674895584382 ], [ 2.120473113362449, 50.991925468262046 ], [ 2.112877382062155, 51.00503951526516 ], [ 2.146494890661595, 51.026889822895555 ], [ 2.175014726762922, 51.015537367794536 ], [ 2.170885597462881, 51.013303587915402 ], [ 2.179918974297839, 51.011309076978392 ], [ 2.184274699384766, 51.024899327573763 ], [ 2.191053527011139, 51.030468392887208 ], [ 2.190033447616984, 51.037215608552927 ], [ 2.175106473383765, 51.04176419204088 ], [ 2.190396583863198, 51.041128495401004 ], [ 2.208475169841433, 51.032409450827721 ], [ 2.234957477299096, 51.037246963769483 ], [ 2.240200608198234, 51.038579400996689 ], [ 2.259274965481092, 51.043536939238287 ], [ 2.264226884021404, 51.044445085540218 ], [ 2.296897045509274, 51.050229321996881 ], [ 2.302421209031847, 51.051013587662553 ], [ 2.350410296561086, 51.060240336427938 ], [ 2.367599810822469, 51.051494103709409 ], [ 2.383894808437893, 51.049010234861406 ], [ 2.427123845618974, 51.0562289053805 ], [ 2.432331516919273, 51.057544091512163 ], [ 2.461919558984425, 51.065288943201388 ], [ 2.46693146939193, 51.066449359299042 ], [ 2.470113537558444, 51.067036835853933 ], [ 2.473280972853785, 51.067669011440117 ], [ 2.488895616058761, 51.071823256257602 ], [ 2.494105821556517, 51.073207585119015 ], [ 2.541447000868247, 51.087756791543754 ], [ 2.546031423866037, 51.08939669830918 ], [ 2.557366803875139, 51.073366245472755 ], [ 2.559218288907168, 51.07005449118212 ], [ 2.5614814979469, 51.066833817944079 ], [ 2.56608946958459, 51.046042845736892 ], [ 2.567000891855533, 51.042673763113754 ], [ 2.575724280158264, 51.014011978162749 ], [ 2.572476115305573, 51.013095041885272 ], [ 2.574803531960109, 51.003613526286799 ], [ 2.582345652583915, 50.997584623115515 ], [ 2.606478113003819, 50.9889086847054 ], [ 2.629709175008308, 50.949333275289121 ], [ 2.617790503628431, 50.935142509988864 ], [ 2.609007066522165, 50.931024888454949 ], [ 2.594753717017189, 50.92075322957848 ], [ 2.590013040064937, 50.919096163778491 ], [ 2.592096548033167, 50.915945365283569 ], [ 2.60271822132907, 50.915046664269731 ], [ 2.607417666759873, 50.909320354595629 ], [ 2.604716953858237, 50.906351525406869 ], [ 2.608896041858398, 50.896290556301707 ], [ 2.607309270589405, 50.872593257708644 ], [ 2.612032828140952, 50.866830599990891 ], [ 2.602139267865069, 50.855935214187305 ], [ 2.599169889749988, 50.853288121264661 ], [ 2.599112701233698, 50.849815994861515 ], [ 2.614633166975491, 50.847666904622081 ], [ 2.616994971680106, 50.840891711330691 ], [ 2.624824280795488, 50.836061878219546 ], [ 2.634982733121742, 50.812756418762227 ], [ 2.658364608042633, 50.814581201226247 ], [ 2.662318372333564, 50.816287663867783 ], [ 2.670175406784508, 50.821036865229765 ], [ 2.682146294795906, 50.813926366517535 ], [ 2.719826413770042, 50.812051918074971 ], [ 2.723564831072494, 50.80950326566559 ], [ 2.725014102053244, 50.795725414025974 ], [ 2.735822580585971, 50.783636309603132 ], [ 2.738555843482577, 50.780591488369765 ], [ 2.752129188679554, 50.777425082571412 ], [ 2.754308163979758, 50.774603095449244 ], [ 2.760956041973114, 50.769259481251005 ], [ 2.759502747062991, 50.762527283080949 ], [ 2.782032646192741, 50.747692075825398 ], [ 2.791224600976021, 50.727527766567334 ], [ 2.809139251513131, 50.719310267598836 ], [ 2.813275390169912, 50.716947630173621 ], [ 2.848567695807279, 50.721760343343057 ], [ 2.86741003091156, 50.705782620540994 ], [ 2.870172980563506, 50.702914068080027 ], [ 2.884267907118117, 50.705898159609127 ], [ 2.897133518342875, 50.695850310139747 ], [ 2.900430450354003, 50.69328658382581 ], [ 2.909936229460408, 50.694361677247919 ], [ 2.909076793438873, 50.700857808814888 ], [ 2.917295764224733, 50.703519661764567 ], [ 2.922327234684227, 50.702805038970332 ], [ 2.930072165170149, 50.711738058534671 ], [ 2.937172014206441, 50.730055954651348 ], [ 2.943586330693333, 50.733791777833815 ], [ 2.937651261304727, 50.742573385843414 ], [ 2.940136784865858, 50.74536514464765 ], [ 2.952080600942685, 50.751848626370212 ], [ 2.971967750137188, 50.750275499823012 ], [ 2.979787280972648, 50.754682598353462 ], [ 2.983294321606595, 50.757186481395678 ], [ 3.009903907293914, 50.768061921879045 ], [ 3.015253711675474, 50.773624284256499 ], [ 3.029981959185744, 50.770427431857286 ], [ 3.035273528870882, 50.770147899919372 ], [ 3.040682860047642, 50.775565578149369 ], [ 3.053762906890539, 50.780154451197575 ], [ 3.058745011756084, 50.780708483226888 ], [ 3.085733669290921, 50.772886886843963 ], [ 3.090193569405091, 50.774391098207516 ], [ 3.102701663297884, 50.78094019005637 ], [ 3.112210676135442, 50.793035500076115 ], [ 3.125772592214624, 50.787773828520635 ], [ 3.147108978193663, 50.789903784641673 ], [ 3.158357356680694, 50.775040865210272 ], [ 3.161602995799611, 50.772264222806541 ], [ 3.174468831185393, 50.757110203786269 ], [ 3.184298495391824, 50.749047535881829 ], [ 3.192547441734552, 50.738922684152797 ], [ 3.196343833358521, 50.737050388953939 ], [ 3.199131571772623, 50.734048999468115 ], [ 3.19300197943879, 50.728441567608662 ], [ 3.195466926181425, 50.72248857527071 ], [ 3.210326121799964, 50.713015583618869 ], [ 3.247510807400943, 50.71032694345601 ], [ 3.257956268959123, 50.702427117771492 ], [ 3.259532239692631, 50.695693754803024 ], [ 3.253688420948107, 50.691138296363896 ], [ 3.261831020793098, 50.675964911358008 ], [ 3.243893457934927, 50.669755653408259 ], [ 3.242113525515659, 50.666681103499336 ], [ 3.244370222577498, 50.65457082221053 ], [ 3.24507482342086, 50.651428514673967 ], [ 3.248819803871853, 50.649455742820223 ], [ 3.247622712994822, 50.638554511983514 ], [ 3.250658872273767, 50.636143316955746 ], [ 3.256616153551023, 50.631069632707643 ], [ 3.258703623419809, 50.628175553077185 ], [ 3.256132250129908, 50.621952630918138 ], [ 3.270676511101871, 50.608783005594979 ], [ 3.27096912283663, 50.605506611789345 ], [ 3.278310445409641, 50.594200100986889 ], [ 3.276637444252227, 50.584834041677226 ], [ 3.276169041875611, 50.581684864957268 ], [ 3.281692299724188, 50.576224589441345 ], [ 3.278059919532037, 50.566755037697199 ], [ 3.284598872330429, 50.561830743886453 ], [ 3.280712110195016, 50.559703488827509 ], [ 3.276054566850304, 50.558268924575849 ], [ 3.281235703851123, 50.552548952990776 ], [ 3.279599684361503, 50.539547192462841 ], [ 3.287028929359155, 50.530868733931904 ], [ 3.286531399925925, 50.527575805557063 ], [ 3.320949819036728, 50.517259000603282 ], [ 3.328858355154782, 50.508127686647896 ], [ 3.331755376100697, 50.50774296702852 ], [ 3.334712232733995, 50.50789657729073 ], [ 3.360271366926943, 50.503695873704871 ], [ 3.372971445153492, 50.492976666714291 ], [ 3.377262379533037, 50.490988895197333 ], [ 3.400257931497297, 50.498564389411086 ], [ 3.405551082516831, 50.498780542418267 ], [ 3.435630086257863, 50.509126531356443 ], [ 3.439442158863216, 50.507228091526763 ], [ 3.444756530880545, 50.506535911498041 ], [ 3.450083111445173, 50.507225773284254 ], [ 3.456074614045987, 50.520703727676882 ], [ 3.47499988874946, 50.532947431380755 ], [ 3.506485229469531, 50.528415592335882 ], [ 3.51798839689971, 50.521447618190564 ], [ 3.513690236192353, 50.511403433037678 ], [ 3.497804011075889, 50.49779766684798 ], [ 3.501588987213127, 50.48784563986279 ], [ 3.506667344346223, 50.489153454017874 ], [ 3.526219056371716, 50.495301434398655 ], [ 3.558633608698135, 50.498417785740351 ], [ 3.568602391797835, 50.500113793310504 ], [ 3.578961427714429, 50.492848836825559 ], [ 3.583316429577347, 50.491015165483844 ], [ 3.607936944064454, 50.496533841953827 ], [ 3.629447729298932, 50.481399771692374 ], [ 3.640293795125631, 50.46585043697678 ], [ 3.643648959105141, 50.463166926467011 ], [ 3.653950024217658, 50.462601221522789 ], [ 3.660986212153609, 50.457590655845699 ], [ 3.660364815817482, 50.444505578331999 ], [ 3.667626060687802, 50.43974464629396 ], [ 3.668833450977225, 50.436452493061623 ], [ 3.671893040152289, 50.412897428409579 ], [ 3.673437246147222, 50.409648156308528 ], [ 3.67295201493764, 50.389065122836918 ], [ 3.668430920990871, 50.382751360113545 ], [ 3.665304280016554, 50.379895336798803 ], [ 3.658407610162423, 50.373207863082705 ], [ 3.657797232879166, 50.370535688274309 ], [ 3.666544685598459, 50.362184098731319 ], [ 3.66497848376454, 50.348761221434771 ], [ 3.676143954409677, 50.33800737031433 ], [ 3.673676028441763, 50.334932300588157 ], [ 3.680066074663605, 50.329231830194644 ], [ 3.684924525142697, 50.327561880683248 ], [ 3.694183072350383, 50.315424915811548 ], [ 3.708085427851052, 50.304858677013478 ], [ 3.710431050862742, 50.303175118828122 ], [ 3.716778068990957, 50.307870221955703 ], [ 3.714352287275244, 50.316782232514804 ], [ 3.726564522306016, 50.310820834571189 ], [ 3.731739940814827, 50.311903597220585 ], [ 3.729810744795322, 50.32687349469542 ], [ 3.734504450705008, 50.332331526883394 ], [ 3.738629140226403, 50.34581944513522 ], [ 3.747527255357721, 50.349788155909295 ], [ 3.758247884804728, 50.348869807941355 ], [ 3.763553995403026, 50.348082909027561 ], [ 3.765482047875418, 50.351240315738714 ], [ 3.781047386293809, 50.353279624239192 ], [ 3.796579757815545, 50.351366722406361 ], [ 3.805724665527986, 50.354620361289967 ], [ 3.810935011903704, 50.35399366578126 ], [ 3.813952846807652, 50.347940332558103 ], [ 3.811658720433605, 50.344884821682648 ], [ 3.821792136550254, 50.345949033157765 ], [ 3.829990329457901, 50.353031997631433 ], [ 3.840149947020946, 50.353861089471053 ], [ 3.854477655078233, 50.350530494014279 ], [ 3.857562146699042, 50.34789636973548 ], [ 3.87070560976864, 50.338700091359406 ], [ 3.885758466910593, 50.339481820195637 ], [ 3.888876152547779, 50.333282089602747 ], [ 3.886059782732903, 50.327062141616267 ], [ 3.91528449185185, 50.330646758818631 ], [ 3.919801085738898, 50.332184443387725 ], [ 3.961806986972046, 50.3480796031305 ], [ 3.967141150370945, 50.347454301610995 ], [ 3.967360227074483, 50.340574933945042 ], [ 3.972104026833654, 50.346499484224978 ], [ 3.982059438232612, 50.343978456608319 ], [ 3.986870362253057, 50.342458587123552 ], [ 3.993216990731949, 50.347705081334347 ], [ 4.013692129445732, 50.351336548015205 ], [ 4.025219905778148, 50.357894464703655 ], [ 4.037613408463342, 50.342904244849059 ], [ 4.052189602608874, 50.338785227348183 ], [ 4.077086279570199, 50.320747075220822 ], [ 4.078661367279373, 50.31043419944757 ], [ 4.078832541048234, 50.309256421120764 ], [ 4.09893428885133, 50.312257549650241 ], [ 4.1082914103935, 50.304137316942708 ], [ 4.118030436974779, 50.302648594449323 ], [ 4.125390231258788, 50.283096058307791 ], [ 4.124120947589082, 50.273274870598257 ], [ 4.134099784114136, 50.274018534768828 ], [ 4.138372509033479, 50.261524074449945 ], [ 4.134955860547661, 50.25908612226894 ], [ 4.153770990173288, 50.256756102111162 ], [ 4.163658233054329, 50.257291679883316 ], [ 4.166824880999691, 50.267058863378068 ], [ 4.152045087089427, 50.276932101846285 ], [ 4.160433391667757, 50.285869024314451 ], [ 4.170685401164704, 50.285565525386865 ], [ 4.179617890357123, 50.276760998763343 ], [ 4.209977458105391, 50.270072895673906 ], [ 4.220819524639793, 50.254295721801483 ], [ 4.204553635588909, 50.240572492656128 ], [ 4.199061832910002, 50.240455476920943 ], [ 4.183380840096236, 50.232147752694708 ], [ 4.166439802458859, 50.215093965645693 ], [ 4.15086674328446, 50.213417559878543 ], [ 4.160419831325873, 50.194845642696372 ], [ 4.156247001727747, 50.192837324714198 ], [ 4.156582046840577, 50.186062631342466 ], [ 4.150044949326249, 50.176595192271996 ], [ 4.155059802450346, 50.167136058376833 ], [ 4.153214161051569, 50.160372636502444 ], [ 4.140635788264619, 50.153709218912738 ], [ 4.129467411064758, 50.138032231595886 ], [ 4.126924898508538, 50.134921070200178 ], [ 4.146143290588269, 50.128959179151728 ], [ 4.163119006673404, 50.135059716454087 ], [ 4.195247103726459, 50.134598622954464 ], [ 4.203383522426551, 50.115316372908303 ], [ 4.197657771663891, 50.109444360805206 ], [ 4.204636264739171, 50.104534852400569 ], [ 4.205374653939119, 50.097988743838542 ], [ 4.227538806961205, 50.079679063351023 ], [ 4.230760160774592, 50.073215476409914 ], [ 4.228160342613593, 50.066702375891872 ], [ 4.201023960994767, 50.056901801386843 ], [ 4.190621938157751, 50.0494220119568 ], [ 4.175988367604115, 50.045799550845963 ], [ 4.171064277025099, 50.047005426166436 ], [ 4.164071791084691, 50.048661913177895 ], [ 4.160781619895149, 50.047525380009624 ], [ 4.135625873251524, 50.018567419366349 ], [ 4.13542486147646, 50.015182762904338 ], [ 4.147204053718898, 50.004033048033996 ], [ 4.162406113611188, 49.996550596213417 ], [ 4.156285363896236, 49.987212177898904 ], [ 4.145595534047194, 49.980251847517252 ], [ 4.140895251736071, 49.978759598994436 ], [ 4.154144492526068, 49.97513194005667 ], [ 4.169033020995594, 49.976859213871968 ], [ 4.173917500186557, 49.976039911543886 ], [ 4.195446374965763, 49.967450057422447 ], [ 4.195946009735208, 49.960851280505992 ], [ 4.197356060963269, 49.954486099107889 ], [ 4.227779513341135, 49.957930832511551 ], [ 4.233068423333546, 49.957823757452779 ], [ 4.232132036209777, 49.955955604323925 ], [ 4.232061454813057, 49.952461661281966 ], [ 4.220206070925438, 49.933588718526757 ], [ 4.217773754701478, 49.916255891458704 ], [ 4.222142019541197, 49.910426532867035 ], [ 4.2336433841469, 49.909116128065513 ], [ 4.236936266293844, 49.903782162620729 ], [ 4.246330172040543, 49.902258249529972 ], [ 4.255733826690944, 49.903976840983553 ], [ 4.251797701431672, 49.890396923421292 ], [ 4.250089307799223, 49.863245039911902 ], [ 4.249553778411145, 49.860105858532556 ], [ 4.249004201058345, 49.856957822303166 ], [ 4.246033688743362, 49.854256784649621 ], [ 4.233751966972502, 49.848631190057425 ], [ 4.230170480174515, 49.836088432254648 ], [ 4.225337281558579, 49.834977978020447 ], [ 4.214773919519458, 49.806115484340594 ], [ 4.219523227919582, 49.804998850506465 ], [ 4.227042058462278, 49.793188540038351 ], [ 4.224916607708271, 49.790217745148851 ], [ 4.209941762159509, 49.782046658195348 ], [ 4.206331990981266, 49.779620382754864 ], [ 4.212018117669043, 49.774217561979995 ], [ 4.2142630037175, 49.771176045957745 ], [ 4.224502783127543, 49.772942645110291 ], [ 4.242039157400487, 49.76546883058699 ], [ 4.246879391333689, 49.755741668499141 ], [ 4.230539022796853, 49.74702967839103 ], [ 4.226127756224736, 49.734242120610901 ], [ 4.227618380432046, 49.731072986470245 ], [ 4.225406391277068, 49.727276152481224 ], [ 4.220371407551268, 49.725987768016154 ], [ 4.205170865526576, 49.72270641632187 ], [ 4.202291769323597, 49.720515287918744 ], [ 4.191381206150377, 49.715644162691262 ], [ 4.192459254781324, 49.712542345275104 ], [ 4.184381494220722, 49.701226559494394 ], [ 4.185269154602072, 49.698872476966272 ], [ 4.179916520224449, 49.698061785420578 ], [ 4.164831488176641, 49.693893610237502 ], [ 4.160116178915777, 49.693048991240047 ], [ 4.151057859348121, 49.690645760462822 ], [ 4.146815922151155, 49.689265951456335 ], [ 4.146698978087315, 49.677854223729426 ], [ 4.126473837595322, 49.678204904863186 ], [ 4.122702212882923, 49.660922610704006 ], [ 4.124870960653013, 49.650612762579541 ], [ 4.117240177166424, 49.641525535806814 ], [ 4.115690350597903, 49.633262823225031 ], [ 4.110419113893718, 49.632646052980391 ], [ 4.095982776491143, 49.629173299520446 ], [ 4.071483439204575, 49.63594316746606 ], [ 4.050554792523084, 49.634930573719807 ], [ 4.047514070631741, 49.637805632428226 ], [ 4.042340992871555, 49.637913001441227 ], [ 4.038597736728176, 49.625264591169788 ], [ 4.026316412978332, 49.619904863611858 ], [ 4.031525469832654, 49.614109088785909 ], [ 4.047557692358591, 49.600653036212833 ], [ 4.060605387219558, 49.596369752705883 ], [ 4.064444818855247, 49.594161251534665 ], [ 4.06039051466183, 49.587977501788714 ], [ 4.062670913550484, 49.574593302929486 ], [ 4.076769667319024, 49.570721297005022 ], [ 4.059685519736369, 49.554496231074111 ], [ 4.050439051936511, 49.551592704973956 ], [ 4.051908014542986, 49.545072872338608 ], [ 4.067545187182295, 49.543138752086172 ], [ 4.075648309154729, 49.538959751925411 ], [ 4.075097003743637, 49.521851609042173 ], [ 4.074145199354372, 49.518588397078354 ], [ 4.060242769900703, 49.521254340859507 ], [ 4.056107822100121, 49.50882397775046 ], [ 4.040860456752973, 49.508380582984444 ], [ 4.040422928022704, 49.50517557957405 ], [ 4.040765753133268, 49.495519328224646 ], [ 4.040928480919074, 49.492650680537288 ], [ 4.041526905979581, 49.484043733387786 ], [ 4.041418936547907, 49.480754920570909 ], [ 4.041378667894413, 49.477402595200765 ], [ 4.042112498813611, 49.470726859645424 ], [ 4.066153508277464, 49.445448374229073 ], [ 4.061410008757462, 49.446730491411522 ], [ 4.056812573842124, 49.445736994337004 ], [ 4.047178495810428, 49.44517349858269 ], [ 4.037578531552175, 49.438083105545999 ], [ 4.039399843304492, 49.435442752220219 ], [ 4.043260095538177, 49.424604917208661 ], [ 4.049129839475472, 49.409012174401141 ], [ 4.047972977986799, 49.405642294757548 ], [ 4.044698018706623, 49.403099723864969 ], [ 4.037098268491009, 49.384125931470912 ], [ 4.035496373111536, 49.359904159430116 ], [ 4.021449936966538, 49.360185476045373 ], [ 4.012728596789205, 49.358308129290258 ], [ 4.011882139754719, 49.361461546037276 ], [ 4.008213630297186, 49.367416251318573 ], [ 3.986643889397854, 49.378920771086094 ], [ 3.981514539401368, 49.3792411785371 ], [ 3.96130902885657, 49.377344940864496 ], [ 3.934720457795717, 49.398408165192734 ], [ 3.933171994682561, 49.401125812751673 ], [ 3.924819556849766, 49.407724919689322 ], [ 3.921319619747846, 49.405360561982214 ], [ 3.910328029775705, 49.395268230552894 ], [ 3.895741367726375, 49.392779288399133 ], [ 3.891037753555052, 49.391546572461507 ], [ 3.874549589870977, 49.383999238253175 ], [ 3.859844244769766, 49.381524809612038 ], [ 3.856059391243472, 49.368346590337502 ], [ 3.853577243328876, 49.366413477394929 ], [ 3.847477287843606, 49.364595617645712 ], [ 3.848856041495342, 49.361394757381525 ], [ 3.857907506378537, 49.353671957615759 ], [ 3.851309581039321, 49.344944958990496 ], [ 3.832779995156077, 49.350260943535595 ], [ 3.828389213819126, 49.351891221611403 ], [ 3.823764617723294, 49.356992800655568 ], [ 3.818507897186358, 49.357010530893781 ], [ 3.803095393896931, 49.358821868144716 ], [ 3.793198187055084, 49.356891602717063 ], [ 3.789366634059109, 49.354714315639157 ], [ 3.779802038336288, 49.352852695089098 ], [ 3.777534921928852, 49.355815777436128 ], [ 3.773533459280152, 49.354187428486171 ], [ 3.757818127122455, 49.347607949612062 ], [ 3.746474734186449, 49.348154976355929 ], [ 3.741086674311541, 49.347585853266551 ], [ 3.741251584495465, 49.344699277305743 ], [ 3.742021916997946, 49.338950361811875 ], [ 3.736195559463417, 49.335552057450158 ], [ 3.731413493507441, 49.334933863437485 ], [ 3.712349848575109, 49.334067917433288 ], [ 3.707044191287749, 49.333352963162106 ], [ 3.693060104315536, 49.328606684215032 ], [ 3.68731481437192, 49.326832633937528 ], [ 3.683020780181921, 49.325571499907724 ], [ 3.669160691161725, 49.324750126900355 ], [ 3.666467215061658, 49.321717597132306 ], [ 3.647595827565335, 49.31595911398238 ], [ 3.644920184034137, 49.313114769373719 ], [ 3.642556154644494, 49.303247845752814 ], [ 3.638339872473547, 49.301355421960729 ], [ 3.64037969753137, 49.298458948374005 ], [ 3.655942614659387, 49.291084756989044 ], [ 3.658993707788807, 49.286771037591286 ], [ 3.651676022342827, 49.278630043540069 ], [ 3.660589712085436, 49.270796340548969 ], [ 3.665133351691961, 49.269431881038962 ], [ 3.660448786869237, 49.268369829448083 ], [ 3.655254563171314, 49.262851338575565 ], [ 3.670256494481239, 49.240743161115631 ], [ 3.675039907178804, 49.240087165150754 ], [ 3.677018931641126, 49.237082321935041 ], [ 3.666006278589579, 49.223109783319117 ], [ 3.651478510655688, 49.221561913161857 ], [ 3.654839218546555, 49.219233175624488 ], [ 3.65481421867583, 49.212922034998073 ], [ 3.662544752146725, 49.208977920793885 ], [ 3.676669870876576, 49.207263165997126 ], [ 3.681936523620106, 49.198746383261884 ], [ 3.697477351192977, 49.206641066545991 ], [ 3.700576790585343, 49.201453506611003 ], [ 3.704654683291817, 49.200665527093257 ], [ 3.703936469656866, 49.197289249627609 ], [ 3.697539502936386, 49.191914076442139 ], [ 3.70648973872475, 49.180317805844886 ], [ 3.725821592779444, 49.175015145837087 ], [ 3.740642860391527, 49.178656118699635 ], [ 3.751147823766605, 49.177700966151946 ], [ 3.748676318720874, 49.158529664159182 ], [ 3.744431604503967, 49.156973562484417 ], [ 3.739563848603768, 49.156886680488647 ], [ 3.734836868864364, 49.155126408032075 ], [ 3.717014248985858, 49.147043013896983 ], [ 3.712178079928595, 49.146190597384482 ], [ 3.7032974250191, 49.143203819356017 ], [ 3.697999344643414, 49.148710240143743 ], [ 3.695606007721926, 49.15114268983276 ], [ 3.68383490641649, 49.154491858079055 ], [ 3.679250876131917, 49.153016311717046 ], [ 3.65477100080051, 49.148791311290275 ], [ 3.624456418009367, 49.151352988656228 ], [ 3.621106675258606, 49.149769923957457 ], [ 3.619818975232008, 49.147537802695432 ], [ 3.619768718780673, 49.141046532152941 ], [ 3.612046669125429, 49.13700410103413 ], [ 3.610441266993268, 49.127517614956624 ], [ 3.600018354156644, 49.120691776806169 ], [ 3.601544642440471, 49.117645113765349 ], [ 3.613413804080142, 49.115903806392303 ], [ 3.620077745376501, 49.107327877474404 ], [ 3.622549906080833, 49.104491812672968 ], [ 3.632240267869279, 49.086089642229197 ], [ 3.639053501955169, 49.08130605737891 ], [ 3.638573108225815, 49.077864817538824 ], [ 3.63211454722015, 49.07240505287308 ], [ 3.607391294615638, 49.071858168409115 ], [ 3.604006751547767, 49.069150748553639 ], [ 3.600591282833614, 49.062558957997481 ], [ 3.590738950768972, 49.060126077589544 ], [ 3.5877062840821, 49.059349675071708 ], [ 3.585204028903415, 49.038869476203409 ], [ 3.586674180539621, 49.035832017796935 ], [ 3.614683590611925, 49.033551828622791 ], [ 3.615770682325265, 49.036423696920423 ], [ 3.649969805025328, 49.041422864508007 ], [ 3.658389846504646, 49.037753231292989 ], [ 3.663540383246524, 49.037311252729353 ], [ 3.677677781191973, 49.016019896292391 ], [ 3.668851981271484, 49.007976380004131 ], [ 3.665158653762466, 49.005631934810118 ], [ 3.660412447303043, 49.004300308565298 ], [ 3.639824623386458, 49.003998184307797 ], [ 3.637845037110143, 49.000843434877801 ], [ 3.625813771932878, 48.9857456624432 ], [ 3.621205907464988, 48.966031070625583 ], [ 3.616661183662187, 48.965164260015037 ], [ 3.602924831769555, 48.965449928768088 ], [ 3.591475045149516, 48.960246284356295 ], [ 3.594094442292384, 48.957625475631666 ], [ 3.60124640088604, 48.946681702273629 ], [ 3.593372760497665, 48.944643612713435 ], [ 3.588351963278277, 48.943724122743504 ], [ 3.574443236904075, 48.939025424542692 ], [ 3.572430344564157, 48.918612285639576 ], [ 3.566684473889303, 48.913495630514674 ], [ 3.54742144885187, 48.915024073596925 ], [ 3.528576443116977, 48.912141028952988 ], [ 3.523972571575875, 48.907484908686421 ], [ 3.52091135317719, 48.905591744859983 ], [ 3.508887712298585, 48.891119647022386 ], [ 3.50283933192999, 48.874894528532124 ], [ 3.50299737092912, 48.871494413538599 ], [ 3.494058696042617, 48.86910345792144 ], [ 3.489643178171765, 48.867799589478061 ], [ 3.485611901804298, 48.866745811460191 ], [ 3.481315314575795, 48.866466388299898 ], [ 3.484515369387585, 48.86023909000717 ], [ 3.486791454596578, 48.857307010403034 ], [ 3.485187443658678, 48.851908494372893 ], [ 3.480155959205937, 48.851605028315149 ], [ 3.470198126053129, 48.850547378022569 ], [ 3.46195547697215, 48.838474288456041 ], [ 3.45925344172535, 48.841065826489071 ], [ 3.445360809339078, 48.843231819828752 ], [ 3.445780476278028, 48.846099166931879 ], [ 3.452232494244518, 48.856300448367513 ], [ 3.448478129203623, 48.858724794989286 ], [ 3.433141887428014, 48.86001337255356 ], [ 3.423062550141156, 48.867567811236952 ], [ 3.408514281426584, 48.863706283909039 ], [ 3.398898010351623, 48.866418711472996 ], [ 3.40102864567102, 48.868722853095719 ], [ 3.40585570446008, 48.875883156635155 ], [ 3.40063495663973, 48.876026647182172 ], [ 3.38795846850047, 48.870969267326892 ], [ 3.383280021648674, 48.872495195661138 ], [ 3.382478976336282, 48.885942488102948 ], [ 3.369828401044838, 48.896144351112461 ], [ 3.375610349120149, 48.909220068979856 ], [ 3.36742650593749, 48.928804779952195 ], [ 3.361725641797895, 48.919559591483214 ], [ 3.330199223018091, 48.907959957190471 ], [ 3.317005118713261, 48.918849930357688 ], [ 3.313075874080099, 48.921216365149419 ], [ 3.312797075287989, 48.924778216571802 ], [ 3.312219518731772, 48.935418058933003 ], [ 3.304749523467959, 48.948773271328022 ], [ 3.300968987710873, 48.946651593492 ], [ 3.283772348675109, 48.940164939774164 ], [ 3.269479541020669, 48.937455186103868 ], [ 3.265160662971461, 48.939065499263137 ], [ 3.259826515272076, 48.945174132802471 ], [ 3.261228728367094, 48.947104477551584 ], [ 3.262903605516941, 48.948935287557049 ], [ 3.25906502307353, 48.951263705684269 ], [ 3.255523481887954, 48.961315855336913 ], [ 3.254925220196378, 48.964635316206888 ], [ 3.245992835698345, 48.976065216235909 ], [ 3.231215509187793, 48.976751045405365 ], [ 3.229176905886321, 48.988417846002534 ], [ 3.224840872040221, 48.987329006627768 ], [ 3.223296688034536, 48.9904521660401 ], [ 3.209318174215672, 48.993786464817845 ], [ 3.208947311970266, 48.996709540481248 ], [ 3.198992501972329, 49.005790433248094 ], [ 3.171569244857128, 49.012495809729167 ], [ 3.163007993740258, 49.019944041173289 ], [ 3.163424336179168, 49.026255747035066 ], [ 3.17654097802434, 49.03140746025381 ], [ 3.181112218169546, 49.044276793125121 ], [ 3.190613823714187, 49.046716812606491 ], [ 3.190666816550859, 49.049971698516124 ], [ 3.180866334158035, 49.056146090229575 ], [ 3.181708300994451, 49.062169147445978 ], [ 3.180064194969418, 49.065489483258148 ], [ 3.167881523404383, 49.076899256661505 ], [ 3.158681073767475, 49.080409393367127 ], [ 3.155087249720756, 49.082428142463989 ], [ 3.165230357711184, 49.099659849124158 ], [ 3.160231352618165, 49.099288984577008 ], [ 3.14573779875396, 49.101771002178261 ], [ 3.1386022652423, 49.106400879244383 ], [ 3.124129138911026, 49.107234878203705 ], [ 3.12161363429436, 49.109080621957617 ], [ 3.115281549069227, 49.106884040140564 ], [ 3.079807963248383, 49.11290086380157 ], [ 3.071884293834119, 49.11755421881616 ], [ 3.069346643367264, 49.114849413288198 ], [ 3.056320678084148, 49.101918050973566 ], [ 3.056752142696446, 49.095776881983006 ], [ 3.064683843204649, 49.088166298968716 ], [ 3.066076434736996, 49.085216404064496 ], [ 3.061683778473238, 49.086468526134283 ], [ 3.034416203417448, 49.088610353897877 ], [ 3.030499905803218, 49.086894080280778 ], [ 3.012773095080267, 49.090619648932908 ], [ 3.003956367363056, 49.088741092374768 ], [ 2.999205991722437, 49.088534356032525 ], [ 2.989884598544972, 49.081565687682087 ], [ 2.988134641942311, 49.072376362816378 ], [ 2.983235380670773, 49.071881252425108 ], [ 2.974612129302587, 49.074837906514603 ], [ 2.974159007238472, 49.077804959117834 ], [ 2.971429150335694, 49.088971535192464 ], [ 2.96733480758323, 49.090651855012766 ], [ 2.954853290036569, 49.085954379729998 ], [ 2.945829938430953, 49.088081583319564 ], [ 2.944317113145102, 49.081813964781595 ], [ 2.937888308971826, 49.077998490127278 ], [ 2.933807009151616, 49.080010372130246 ], [ 2.923981870911707, 49.07828721423931 ], [ 2.90094668496563, 49.085346607620892 ], [ 2.899158922425464, 49.082521852645726 ], [ 2.895104583047073, 49.077051649521643 ], [ 2.890201718022078, 49.078467905216925 ], [ 2.872029298964995, 49.071247832237269 ], [ 2.856089342231936, 49.070033942859695 ], [ 2.854287858399479, 49.073151793927728 ], [ 2.84494647690243, 49.084882814664496 ], [ 2.835219678796263, 49.082999682448552 ], [ 2.821258099242658, 49.086810031425685 ], [ 2.809254131504016, 49.097536126611978 ], [ 2.804769781050472, 49.095757661159567 ], [ 2.791730402174513, 49.090143227703052 ], [ 2.787955884806213, 49.089165572114666 ], [ 2.78398798208695, 49.08863701396443 ], [ 2.788214315887355, 49.082872111880803 ], [ 2.768337097198216, 49.083258042350614 ], [ 2.772711954613082, 49.081378211029225 ], [ 2.785274711243829, 49.0754400261035 ], [ 2.760833394165413, 49.063003639382067 ], [ 2.75603755317904, 49.061528379555746 ], [ 2.735012637577569, 49.060458816699253 ], [ 2.733095857902589, 49.063358840862946 ], [ 2.724357211332059, 49.080458841449158 ], [ 2.720824330695419, 49.075640288349156 ], [ 2.703080625224324, 49.064736059861055 ], [ 2.698320520607755, 49.064427483470276 ], [ 2.690023250456822, 49.06756239011613 ], [ 2.6911545220218, 49.070622410209062 ], [ 2.693519027947703, 49.073451783542957 ], [ 2.678319942294708, 49.085730292140482 ], [ 2.676383854448603, 49.088872065030579 ], [ 2.650967088421173, 49.100246874197197 ], [ 2.640673630859395, 49.099713047306622 ], [ 2.63327296521804, 49.108376218963024 ], [ 2.631693787016174, 49.105116582122442 ], [ 2.619364901252015, 49.094468507185582 ], [ 2.614781020446472, 49.094094256436918 ], [ 2.610338618330215, 49.094943107669472 ], [ 2.609131882094704, 49.091558453635571 ], [ 2.590524279394609, 49.079654846732389 ], [ 2.58657847677443, 49.080126878907365 ], [ 2.58260616790669, 49.080481800711432 ], [ 2.580160923461254, 49.083260631277554 ], [ 2.576746087459164, 49.092428864748321 ], [ 2.559478690938986, 49.097617780106383 ], [ 2.554090549711221, 49.117540467905755 ], [ 2.542285246443354, 49.118853791516109 ], [ 2.542654153053908, 49.122065025666451 ], [ 2.537923557942855, 49.121030952985677 ], [ 2.53266818287268, 49.115930654231342 ], [ 2.531062711643485, 49.09959630822916 ], [ 2.526066653102041, 49.100889453298421 ], [ 2.489930909122947, 49.106361177919347 ], [ 2.501595962598954, 49.119483316343263 ], [ 2.499226639589446, 49.122269724453268 ], [ 2.494844571865785, 49.123510163286937 ], [ 2.477004093141372, 49.127974449089415 ], [ 2.477603110301598, 49.131069985997371 ], [ 2.473884286058867, 49.13298686342398 ], [ 2.461309436210548, 49.136608568192536 ], [ 2.458812898232005, 49.139483486802277 ], [ 2.435398993223324, 49.1339453207774 ], [ 2.436577443874443, 49.136459352949949 ], [ 2.438907184036116, 49.141496226688894 ], [ 2.439898007470541, 49.143649691465676 ], [ 2.440902617873663, 49.145803207144617 ], [ 2.410446570255618, 49.152077435945984 ], [ 2.394792216925078, 49.149814946123733 ], [ 2.373200059492472, 49.159252841070682 ], [ 2.369839222416294, 49.157176375770362 ], [ 2.358038523966082, 49.148150018393096 ], [ 2.354226551273944, 49.150485274031503 ], [ 2.321776943551982, 49.184436219138043 ], [ 2.31795349070899, 49.185232787457352 ], [ 2.310592807616058, 49.18487621002123 ], [ 2.306912920985062, 49.18517875970408 ], [ 2.301197118632794, 49.183887031612628 ], [ 2.299925032522522, 49.180589021907913 ], [ 2.288869982285967, 49.169681295106543 ], [ 2.286412977048152, 49.159920576593059 ], [ 2.28136529257242, 49.159126318546903 ], [ 2.266531093961101, 49.156294595423319 ], [ 2.262132395439537, 49.158101887505275 ], [ 2.259401262740274, 49.155441750551937 ], [ 2.241582561481429, 49.151572535656683 ], [ 2.225832715821711, 49.151598150412759 ], [ 2.216360148420965, 49.15437805303052 ], [ 2.219639199867127, 49.156916861181003 ], [ 2.234054124006885, 49.165694771962997 ], [ 2.220276995272241, 49.179200657846849 ], [ 2.215477868106279, 49.178234440530744 ], [ 2.207218286322556, 49.17488967782635 ], [ 2.187373724622761, 49.173228944984594 ], [ 2.183442463401161, 49.173822731025979 ], [ 2.176583755647501, 49.176545250797247 ], [ 2.178985763013421, 49.173819403419245 ], [ 2.17213485075313, 49.166606657875285 ], [ 2.163930016772899, 49.166100414388055 ], [ 2.161838805841408, 49.168234739891702 ], [ 2.157737987793951, 49.172512833674617 ], [ 2.163401059569572, 49.177623226129931 ], [ 2.157181275023671, 49.182282129828842 ], [ 2.153026059490167, 49.183925296035092 ], [ 2.143260989114189, 49.185546531270994 ], [ 2.139762356488364, 49.183130008233789 ], [ 2.130280266565781, 49.190749155842198 ], [ 2.115910082082474, 49.187992233729702 ], [ 2.095874523387729, 49.190064289378888 ], [ 2.093329118657653, 49.192850329092444 ], [ 2.090240485657076, 49.205450218207851 ], [ 2.080768837878006, 49.207203474513449 ], [ 2.080889546429483, 49.210450069770786 ], [ 2.076698739970752, 49.208440063016255 ], [ 2.069874243995751, 49.203343728888839 ], [ 2.050487730648988, 49.198777995388099 ], [ 2.038367938548296, 49.192406181254285 ], [ 2.038235788165089, 49.192135396447888 ], [ 2.03516327917455, 49.189908030670694 ], [ 2.021784418589549, 49.188676253851952 ], [ 2.018234516066422, 49.186354652678745 ], [ 1.999445258811599, 49.175572505442013 ], [ 1.99019256448748, 49.176763038647415 ], [ 1.974085565914607, 49.183316361495727 ], [ 1.971262820456809, 49.1811074285446 ], [ 1.962697528191392, 49.174605232802314 ], [ 1.958097283407333, 49.172866169270968 ], [ 1.937433378451064, 49.170761469198148 ], [ 1.933924517321878, 49.173346933761337 ], [ 1.882568411920417, 49.162496219114587 ], [ 1.882617484831121, 49.165940412473645 ], [ 1.87676504652679, 49.175308982929721 ], [ 1.874496946002575, 49.174289761693025 ], [ 1.869787654997433, 49.172654175379066 ], [ 1.849073599596104, 49.170488851808649 ], [ 1.838268367649895, 49.166186052946841 ], [ 1.834069124750328, 49.165120426985162 ], [ 1.836639606499748, 49.171547253981913 ], [ 1.831251076300912, 49.176979876615889 ], [ 1.816999439583813, 49.175869646977524 ], [ 1.797775735151281, 49.185147302193691 ], [ 1.794378395648889, 49.1831891751889 ], [ 1.793582141032297, 49.18027695621717 ], [ 1.78930184550726, 49.181492814139631 ], [ 1.776924106540955, 49.185225105532197 ], [ 1.776378532998385, 49.185093683894763 ], [ 1.773148619335561, 49.182471279562456 ], [ 1.756130821201584, 49.174878690029601 ], [ 1.742694623806448, 49.179801433157088 ], [ 1.742877869003614, 49.18298636086115 ], [ 1.738950199891531, 49.192188584199002 ], [ 1.725913439334682, 49.194011556936744 ], [ 1.725709640414914, 49.197273305007215 ], [ 1.715582823738382, 49.20284836664144 ], [ 1.715608438879022, 49.206238400370808 ], [ 1.733979660635411, 49.21198945386746 ], [ 1.735795009219185, 49.221943849514794 ], [ 1.740453152102071, 49.223440195339855 ], [ 1.736324044867529, 49.22557284802469 ], [ 1.710811661195522, 49.237377856150033 ], [ 1.704364206596542, 49.232201775163389 ], [ 1.700983855769704, 49.233954645327401 ], [ 1.701625423811827, 49.242305321294182 ], [ 1.699859116296865, 49.248651963115023 ], [ 1.70142839712839, 49.251788752189753 ], [ 1.708006512915233, 49.256220014358369 ], [ 1.708195243765636, 49.262407787942081 ], [ 1.711645652002558, 49.264521577058055 ], [ 1.727114616765327, 49.265090362700995 ], [ 1.735143087283305, 49.269364510280802 ], [ 1.750536217099487, 49.268023438102169 ], [ 1.754720000171939, 49.270008692095544 ], [ 1.768064865790366, 49.255445758803845 ], [ 1.766896292018626, 49.252035272024237 ], [ 1.786653683166613, 49.248819114479453 ], [ 1.79055168267073, 49.246574583285287 ], [ 1.790288966004029, 49.253692706142949 ], [ 1.800911006206974, 49.27006299490251 ], [ 1.802660237500352, 49.273433872058405 ], [ 1.794083697442113, 49.276486192641066 ], [ 1.796640729824811, 49.286464261192108 ], [ 1.784642970583858, 49.292862162006024 ], [ 1.775349889541743, 49.291167934970339 ], [ 1.772390323086487, 49.293664202312399 ], [ 1.774432054949248, 49.30667610224075 ], [ 1.767545204432986, 49.319282345137459 ], [ 1.770654796110979, 49.325571225506501 ], [ 1.7740042396204, 49.335692194559385 ], [ 1.757628610262666, 49.357029030591846 ], [ 1.76016794588842, 49.365325781054594 ], [ 1.759340781875821, 49.368238985112527 ], [ 1.749902002132914, 49.371458996137882 ], [ 1.742777865462735, 49.380770434072041 ], [ 1.720028831668587, 49.395283864781909 ], [ 1.736381881179255, 49.403528399614387 ], [ 1.74037913441433, 49.405682610069249 ], [ 1.735688940240111, 49.406505671163515 ], [ 1.717574405510538, 49.40369908198641 ], [ 1.713937543310044, 49.409224988863485 ], [ 1.722009563259606, 49.421491168189512 ], [ 1.726078147977116, 49.438065321636508 ], [ 1.733389120505034, 49.441216316972863 ], [ 1.736373114138883, 49.447135360330172 ], [ 1.739918442268634, 49.449302710751191 ], [ 1.748842233278936, 49.451435742747165 ], [ 1.749925418593823, 49.456795374682486 ], [ 1.747433911575391, 49.459448342081821 ], [ 1.760619299145642, 49.464518871787746 ], [ 1.765371215326587, 49.465924711031498 ], [ 1.77577083646431, 49.473437010505386 ], [ 1.775437505116241, 49.486862735757605 ], [ 1.778448718465961, 49.489625657239046 ], [ 1.788633411941296, 49.49014134940883 ], [ 1.787550466945723, 49.506228895772736 ], [ 1.78358406556376, 49.507609334810837 ], [ 1.768074044171835, 49.51202783675231 ], [ 1.755398500602079, 49.506460396850848 ], [ 1.74486776017001, 49.491727466943416 ], [ 1.740505921490235, 49.497983230184623 ], [ 1.725460067795413, 49.499785484940851 ], [ 1.71922673560958, 49.502919722990768 ], [ 1.717972236959116, 49.506735582869588 ], [ 1.719919665253814, 49.508904412708624 ], [ 1.738792477596122, 49.520580381848134 ], [ 1.745518525385973, 49.539156930068813 ], [ 1.744888162605646, 49.53951892475348 ], [ 1.731210718712949, 49.541354058727528 ], [ 1.724905173261464, 49.545539348625901 ], [ 1.729159728034497, 49.555030439637385 ], [ 1.729833815052762, 49.561293134309651 ], [ 1.726288068203981, 49.563862483891583 ], [ 1.72039676654422, 49.569597730423496 ], [ 1.717847611778345, 49.57261772535837 ], [ 1.710406361557492, 49.577248548216723 ], [ 1.697693257178296, 49.572223453224751 ], [ 1.694593320088826, 49.580539889867147 ], [ 1.709640926921481, 49.580206395071102 ], [ 1.720399766010405, 49.58556010590808 ], [ 1.721618334957099, 49.588808513684086 ], [ 1.72014558416367, 49.589655820717148 ], [ 1.693725425742527, 49.601067499685733 ], [ 1.71594326774352, 49.613949797235293 ], [ 1.721685081371746, 49.623321265901758 ], [ 1.718729692065085, 49.629761007354489 ], [ 1.71725171910009, 49.632980833282723 ], [ 1.707251582649643, 49.637763955355311 ], [ 1.704419768934929, 49.639755932166445 ], [ 1.701361132032788, 49.641952123482568 ], [ 1.698684630178748, 49.644350043105405 ], [ 1.708078195023811, 49.646148783363117 ], [ 1.713754472132119, 49.654908443133117 ], [ 1.72155362208406, 49.658567500769927 ], [ 1.722778029928877, 49.66165390262104 ], [ 1.724131297451294, 49.671805307370626 ], [ 1.747081768167495, 49.68007797683952 ], [ 1.752184463108889, 49.680966173163675 ], [ 1.751309113952511, 49.683922793965024 ], [ 1.750298664640712, 49.695819655435443 ], [ 1.746515324416415, 49.697569071811877 ], [ 1.743108716196568, 49.700328748188468 ], [ 1.732927662216849, 49.698551707951495 ], [ 1.717095872912165, 49.684564436431991 ], [ 1.707757768486603, 49.681374193232593 ], [ 1.688619915909778, 49.693705937840136 ], [ 1.715452538260754, 49.710329586910618 ], [ 1.715108595903934, 49.713543097503461 ], [ 1.715538200566003, 49.732877169502252 ], [ 1.725303246252628, 49.731568914364061 ], [ 1.74289082017937, 49.738554190591181 ], [ 1.74545548655896, 49.738571641709768 ], [ 1.740259544649706, 49.750253784447636 ], [ 1.74271983625635, 49.752849176230185 ], [ 1.749885697534762, 49.762115447753168 ], [ 1.763624900650536, 49.757268452695044 ], [ 1.784845324142343, 49.757904210749501 ], [ 1.783329918664631, 49.764466681365604 ], [ 1.780928835321065, 49.767425954124263 ], [ 1.779601447786007, 49.770728395481008 ], [ 1.77368100859618, 49.77635690810876 ], [ 1.759249485700031, 49.78039820645045 ], [ 1.758369133776064, 49.783507247948876 ], [ 1.752718336913145, 49.792147587968749 ], [ 1.749903797096265, 49.794859346350592 ], [ 1.744387342994592, 49.803572469829767 ], [ 1.742318832430051, 49.806390541820591 ], [ 1.733854038958438, 49.813500243304418 ], [ 1.725711120736247, 49.83656132929967 ], [ 1.726224076398243, 49.839945060320922 ], [ 1.725350316999402, 49.843224455129395 ], [ 1.719038920630165, 49.848351717828322 ], [ 1.720038995036709, 49.861668804537068 ], [ 1.718728415060979, 49.865707199859358 ], [ 1.71285852625157, 49.870829683643223 ], [ 1.711815008754511, 49.874169976569142 ], [ 1.71391187963679, 49.877022236029831 ], [ 1.712090195288623, 49.886400933704977 ], [ 1.706177599343336, 49.891441687872351 ], [ 1.697020248449432, 49.8933299762285 ], [ 1.693304187895379, 49.895608301046664 ], [ 1.691652349240491, 49.898735192130516 ], [ 1.690783891748875, 49.90168177094759 ], [ 1.678647335019949, 49.913230869117108 ], [ 1.678450674227218, 49.918134161491452 ], [ 1.652180642903647, 49.927065275070539 ], [ 1.647729047781145, 49.928570404076538 ], [ 1.643493832013028, 49.930302375799442 ], [ 1.624555702737433, 49.934277513698213 ], [ 1.608454461342773, 49.941812805704004 ], [ 1.603803232168951, 49.943394923866357 ], [ 1.577978368414823, 49.963859640081921 ], [ 1.574389500758923, 49.973655253494464 ], [ 1.570107022403823, 49.975357156859168 ], [ 1.561274600548501, 49.978335131660423 ], [ 1.557510085289992, 49.980411015137783 ], [ 1.526949576972206, 49.996577292044293 ], [ 1.525236185191468, 49.998955312013038 ], [ 1.523615336786764, 50.001981239206977 ], [ 1.514481231406091, 50.012651103573461 ], [ 1.497761058534738, 50.019436412178258 ], [ 1.493091484339814, 50.018453777171693 ], [ 1.48631971111735, 50.022996808374387 ], [ 1.475826586641621, 50.030691326010356 ], [ 1.473212483815131, 50.033686191008833 ], [ 1.458859605525205, 50.036965171424036 ], [ 1.452288182731664, 50.041616602297623 ], [ 1.459145908803592, 50.062499063196647 ], [ 1.456457636652584, 50.063713906276774 ], [ 1.453325284528359, 50.064384107828218 ], [ 1.450670651492796, 50.06723416151366 ], [ 1.431667314911159, 50.071151807483339 ], [ 1.421862415126579, 50.069130633096655 ], [ 1.419825631958495, 50.066409483780774 ], [ 1.409260195856225, 50.05707413039184 ], [ 1.404427554812404, 50.057226946084732 ], [ 1.379705037415168, 50.065014676381274 ], [ 1.392618454381714, 50.075461284807254 ], [ 1.413950830535575, 50.085171039125193 ], [ 1.417617311251412, 50.087580874161546 ], [ 1.42135419550044, 50.089084226816382 ], [ 1.451256606732405, 50.10708026616927 ], [ 1.453752264736532, 50.109977156403723 ], [ 1.466520161604207, 50.135826804273826 ], [ 1.468043041092001, 50.139079387651364 ], [ 1.483096844304567, 50.172669950119193 ], [ 1.505551127143501, 50.196575368324197 ], [ 1.545747822964256, 50.214139436259003 ], [ 1.556143851167121, 50.216210759348357 ], [ 1.563634691613197, 50.213155064469674 ], [ 1.559371943426746, 50.210976709134115 ], [ 1.572128265394714, 50.199315212465386 ], [ 1.57423589809826, 50.196016606122129 ], [ 1.587442190449144, 50.190034787419719 ], [ 1.591259491762815, 50.187581772966865 ], [ 1.596264396580287, 50.186175051850356 ], [ 1.616780564423336, 50.190440121202322 ], [ 1.631018807257415, 50.188991804191723 ], [ 1.661371730240278, 50.179563366168082 ], [ 1.665953690741611, 50.177646266913797 ], [ 1.674962494999627, 50.175426515845579 ], [ 1.68054780977857, 50.180596918530448 ], [ 1.683248720815731, 50.183230420941221 ], [ 1.675656785754899, 50.190073362632049 ], [ 1.673107272682174, 50.192345045454431 ], [ 1.664845484411774, 50.211232484561265 ], [ 1.661460383118071, 50.213818119702751 ], [ 1.644007660362391, 50.216438033722397 ], [ 1.639634609824455, 50.217189062309807 ], [ 1.624797504195132, 50.214635216125608 ], [ 1.617026919939712, 50.219352909598719 ], [ 1.595118868021449, 50.243155282052804 ], [ 1.592228280418884, 50.256458401664247 ], [ 1.564968079340561, 50.25600905735363 ], [ 1.550048303836038, 50.260468260485318 ], [ 1.538297712749267, 50.280256928666887 ], [ 1.541985270248283, 50.304996020633354 ], [ 1.54680785547817, 50.327951562401168 ], [ 1.554460067120472, 50.358598707837622 ], [ 1.567350603714963, 50.36335537097451 ], [ 1.580868021123157, 50.358878250221665 ], [ 1.602443529652456, 50.359815848694844 ], [ 1.625985623852732, 50.364336281398785 ] ] ] ] } },
{ "type": "Feature", "properties": { "code_INSEE": 23, "NOM": "NORMANDIE", "population": 3293092, "nb_dentist": 1331 }, "geometry": { "type": "MultiPolygon", "coordinates": [ [ [ [ 1.459145908803592, 50.062499063196647 ], [ 1.452288182731664, 50.041616602297623 ], [ 1.458859605525205, 50.036965171424036 ], [ 1.473212483815131, 50.033686191008833 ], [ 1.475826586641621, 50.030691326010356 ], [ 1.48631971111735, 50.022996808374387 ], [ 1.493091484339814, 50.018453777171693 ], [ 1.497761058534738, 50.019436412178258 ], [ 1.514481231406091, 50.012651103573461 ], [ 1.523615336786764, 50.001981239206977 ], [ 1.525236185191468, 49.998955312013038 ], [ 1.526949576972206, 49.996577292044293 ], [ 1.557510085289992, 49.980411015137783 ], [ 1.561274600548501, 49.978335131660423 ], [ 1.570107022403823, 49.975357156859168 ], [ 1.574389500758923, 49.973655253494464 ], [ 1.577978368414823, 49.963859640081921 ], [ 1.603803232168951, 49.943394923866357 ], [ 1.608454461342773, 49.941812805704004 ], [ 1.624555702737433, 49.934277513698213 ], [ 1.643493832013028, 49.930302375799442 ], [ 1.647729047781145, 49.928570404076538 ], [ 1.652180642903647, 49.927065275070539 ], [ 1.678450674227218, 49.918134161491452 ], [ 1.678647335019949, 49.913230869117108 ], [ 1.690783891748875, 49.90168177094759 ], [ 1.691652349240491, 49.898735192130516 ], [ 1.693304187895379, 49.895608301046664 ], [ 1.697020248449432, 49.8933299762285 ], [ 1.706177599343336, 49.891441687872351 ], [ 1.712090195288623, 49.886400933704977 ], [ 1.71391187963679, 49.877022236029831 ], [ 1.711815008754511, 49.874169976569142 ], [ 1.71285852625157, 49.870829683643223 ], [ 1.718728415060979, 49.865707199859358 ], [ 1.720038995036709, 49.861668804537068 ], [ 1.719038920630165, 49.848351717828322 ], [ 1.725350316999402, 49.843224455129395 ], [ 1.726224076398243, 49.839945060320922 ], [ 1.725711120736247, 49.83656132929967 ], [ 1.733854038958438, 49.813500243304418 ], [ 1.742318832430051, 49.806390541820591 ], [ 1.744387342994592, 49.803572469829767 ], [ 1.749903797096265, 49.794859346350592 ], [ 1.752718336913145, 49.792147587968749 ], [ 1.758369133776064, 49.783507247948876 ], [ 1.759249485700031, 49.78039820645045 ], [ 1.77368100859618, 49.77635690810876 ], [ 1.779601447786007, 49.770728395481008 ], [ 1.780928835321065, 49.767425954124263 ], [ 1.783329918664631, 49.764466681365604 ], [ 1.784845324142343, 49.757904210749501 ], [ 1.763624900650536, 49.757268452695044 ], [ 1.749885697534762, 49.762115447753168 ], [ 1.74271983625635, 49.752849176230185 ], [ 1.740259544649706, 49.750253784447636 ], [ 1.74545548655896, 49.738571641709768 ], [ 1.74289082017937, 49.738554190591181 ], [ 1.725303246252628, 49.731568914364061 ], [ 1.715538200566003, 49.732877169502252 ], [ 1.715108595903934, 49.713543097503461 ], [ 1.715452538260754, 49.710329586910618 ], [ 1.688619915909778, 49.693705937840136 ], [ 1.707757768486603, 49.681374193232593 ], [ 1.717095872912165, 49.684564436431991 ], [ 1.732927662216849, 49.698551707951495 ], [ 1.743108716196568, 49.700328748188468 ], [ 1.746515324416415, 49.697569071811877 ], [ 1.750298664640712, 49.695819655435443 ], [ 1.751309113952511, 49.683922793965024 ], [ 1.752184463108889, 49.680966173163675 ], [ 1.747081768167495, 49.68007797683952 ], [ 1.724131297451294, 49.671805307370626 ], [ 1.722778029928877, 49.66165390262104 ], [ 1.72155362208406, 49.658567500769927 ], [ 1.713754472132119, 49.654908443133117 ], [ 1.708078195023811, 49.646148783363117 ], [ 1.698684630178748, 49.644350043105405 ], [ 1.701361132032788, 49.641952123482568 ], [ 1.704419768934929, 49.639755932166445 ], [ 1.707251582649643, 49.637763955355311 ], [ 1.71725171910009, 49.632980833282723 ], [ 1.718729692065085, 49.629761007354489 ], [ 1.721685081371746, 49.623321265901758 ], [ 1.71594326774352, 49.613949797235293 ], [ 1.693725425742527, 49.601067499685733 ], [ 1.72014558416367, 49.589655820717148 ], [ 1.721618334957099, 49.588808513684086 ], [ 1.720399766010405, 49.58556010590808 ], [ 1.709640926921481, 49.580206395071102 ], [ 1.694593320088826, 49.580539889867147 ], [ 1.697693257178296, 49.572223453224751 ], [ 1.710406361557492, 49.577248548216723 ], [ 1.717847611778345, 49.57261772535837 ], [ 1.72039676654422, 49.569597730423496 ], [ 1.726288068203981, 49.563862483891583 ], [ 1.729833815052762, 49.561293134309651 ], [ 1.729159728034497, 49.555030439637385 ], [ 1.724905173261464, 49.545539348625901 ], [ 1.731210718712949, 49.541354058727528 ], [ 1.744888162605646, 49.53951892475348 ], [ 1.745518525385973, 49.539156930068813 ], [ 1.738792477596122, 49.520580381848134 ], [ 1.719919665253814, 49.508904412708624 ], [ 1.717972236959116, 49.506735582869588 ], [ 1.71922673560958, 49.502919722990768 ], [ 1.725460067795413, 49.499785484940851 ], [ 1.740505921490235, 49.497983230184623 ], [ 1.74486776017001, 49.491727466943416 ], [ 1.755398500602079, 49.506460396850848 ], [ 1.768074044171835, 49.51202783675231 ], [ 1.78358406556376, 49.507609334810837 ], [ 1.787550466945723, 49.506228895772736 ], [ 1.788633411941296, 49.49014134940883 ], [ 1.778448718465961, 49.489625657239046 ], [ 1.775437505116241, 49.486862735757605 ], [ 1.77577083646431, 49.473437010505386 ], [ 1.765371215326587, 49.465924711031498 ], [ 1.760619299145642, 49.464518871787746 ], [ 1.747433911575391, 49.459448342081821 ], [ 1.749925418593823, 49.456795374682486 ], [ 1.748842233278936, 49.451435742747165 ], [ 1.739918442268634, 49.449302710751191 ], [ 1.736373114138883, 49.447135360330172 ], [ 1.733389120505034, 49.441216316972863 ], [ 1.726078147977116, 49.438065321636508 ], [ 1.722009563259606, 49.421491168189512 ], [ 1.713937543310044, 49.409224988863485 ], [ 1.717574405510538, 49.40369908198641 ], [ 1.735688940240111, 49.406505671163515 ], [ 1.74037913441433, 49.405682610069249 ], [ 1.736381881179255, 49.403528399614387 ], [ 1.720028831668587, 49.395283864781909 ], [ 1.742777865462735, 49.380770434072041 ], [ 1.749902002132914, 49.371458996137882 ], [ 1.759340781875821, 49.368238985112527 ], [ 1.76016794588842, 49.365325781054594 ], [ 1.757628610262666, 49.357029030591846 ], [ 1.7740042396204, 49.335692194559385 ], [ 1.770654796110979, 49.325571225506501 ], [ 1.767545204432986, 49.319282345137459 ], [ 1.774432054949248, 49.30667610224075 ], [ 1.772390323086487, 49.293664202312399 ], [ 1.775349889541743, 49.291167934970339 ], [ 1.784642970583858, 49.292862162006024 ], [ 1.796640729824811, 49.286464261192108 ], [ 1.794083697442113, 49.276486192641066 ], [ 1.802660237500352, 49.273433872058405 ], [ 1.800911006206974, 49.27006299490251 ], [ 1.790288966004029, 49.253692706142949 ], [ 1.79055168267073, 49.246574583285287 ], [ 1.786653683166613, 49.248819114479453 ], [ 1.766896292018626, 49.252035272024237 ], [ 1.768064865790366, 49.255445758803845 ], [ 1.754720000171939, 49.270008692095544 ], [ 1.750536217099487, 49.268023438102169 ], [ 1.735143087283305, 49.269364510280802 ], [ 1.727114616765327, 49.265090362700995 ], [ 1.711645652002558, 49.264521577058055 ], [ 1.708195243765636, 49.262407787942081 ], [ 1.708006512915233, 49.256220014358369 ], [ 1.70142839712839, 49.251788752189753 ], [ 1.699859116296865, 49.248651963115023 ], [ 1.701625423811827, 49.242305321294182 ], [ 1.700983855769704, 49.233954645327401 ], [ 1.704364206596542, 49.232201775163389 ], [ 1.702869379452759, 49.22884996905119 ], [ 1.676291302225178, 49.212187848845268 ], [ 1.673206915567621, 49.205626140430482 ], [ 1.676461670078298, 49.202847599072243 ], [ 1.671348132113816, 49.19304448038195 ], [ 1.670338895375929, 49.189607540793581 ], [ 1.671824653107456, 49.180893024843122 ], [ 1.666334184332937, 49.175725044875577 ], [ 1.669326162395709, 49.169239098189017 ], [ 1.661447189600643, 49.156805910266783 ], [ 1.664303912489353, 49.153951225828969 ], [ 1.662682501928934, 49.152503500014653 ], [ 1.65322870431059, 49.14176050870671 ], [ 1.655990790983958, 49.13038935851317 ], [ 1.652876748305173, 49.128942756962495 ], [ 1.64811441469956, 49.12503167155247 ], [ 1.646558773926893, 49.121642079656546 ], [ 1.627034581840312, 49.105126606155828 ], [ 1.620143032462122, 49.096981438346148 ], [ 1.623321873890311, 49.086082883620044 ], [ 1.619511661107372, 49.084177706490706 ], [ 1.608796070629869, 49.077894153537947 ], [ 1.605928246582611, 49.080693635343323 ], [ 1.59908801245755, 49.084067309908583 ], [ 1.594359240732006, 49.082753123465061 ], [ 1.589843080813635, 49.081684045329119 ], [ 1.572262160248154, 49.07680923113179 ], [ 1.569242379762873, 49.074129423156805 ], [ 1.560831872222373, 49.070395870912726 ], [ 1.546672457767986, 49.072590598934696 ], [ 1.541303850238166, 49.073182036749387 ], [ 1.520997808762762, 49.068131586906489 ], [ 1.519954659868481, 49.071113411473661 ], [ 1.516636758277399, 49.079921568558476 ], [ 1.510268798093294, 49.084285305944519 ], [ 1.513149789065198, 49.077873058667514 ], [ 1.503301261259841, 49.059099240928184 ], [ 1.498031881946454, 49.058655767598303 ], [ 1.486847507578295, 49.051761529783938 ], [ 1.47664017728609, 49.053629015004958 ], [ 1.461614478417663, 49.063375040043553 ], [ 1.447279504766417, 49.05351389701088 ], [ 1.451257932860135, 49.051334917835966 ], [ 1.448209150080018, 49.04484734357019 ], [ 1.456845728590248, 49.036432889903558 ], [ 1.457510978933701, 49.029696348513141 ], [ 1.45776231576508, 49.026300036298998 ], [ 1.468018354005644, 49.020306762205202 ], [ 1.47184186568129, 49.018628737030404 ], [ 1.477095507857227, 49.014801296243597 ], [ 1.474046228736989, 49.00969018302208 ], [ 1.478135762858451, 49.008231181822218 ], [ 1.480401248545798, 49.005561800562916 ], [ 1.480170347053126, 49.002240219377548 ], [ 1.470983765443302, 48.991115189080368 ], [ 1.461702357365976, 48.988865009398488 ], [ 1.46886241473169, 48.977768255822099 ], [ 1.470889416211455, 48.974817132026757 ], [ 1.478260402068462, 48.979245933419463 ], [ 1.493874703303887, 48.97935307557168 ], [ 1.507903177403455, 48.983773469784303 ], [ 1.513492536461792, 48.978500562879745 ], [ 1.518387886304566, 48.97836326922377 ], [ 1.514626499932719, 48.976113265986221 ], [ 1.495147283138298, 48.966076089798896 ], [ 1.501028445527607, 48.953504217253062 ], [ 1.510995819945522, 48.953574466109124 ], [ 1.508641107803001, 48.950442257072545 ], [ 1.501523819798819, 48.941053606155137 ], [ 1.497886355222732, 48.938885453601259 ], [ 1.488865349261429, 48.936883269891723 ], [ 1.475517333514068, 48.940006099741979 ], [ 1.461308434485199, 48.937557972747015 ], [ 1.460015684184688, 48.934186505875189 ], [ 1.457442464873445, 48.927506610816067 ], [ 1.44795927665913, 48.924640864127156 ], [ 1.451638101128439, 48.922107072430599 ], [ 1.460567615086734, 48.909539992035022 ], [ 1.461434484405541, 48.899603186216829 ], [ 1.466411126519431, 48.89970300005097 ], [ 1.470909158646257, 48.894732557216102 ], [ 1.465816813841875, 48.879133642119555 ], [ 1.464201095863426, 48.876117675101646 ], [ 1.457628146788769, 48.871517776128705 ], [ 1.453916958047229, 48.870219613166626 ], [ 1.449832053500326, 48.869573114459698 ], [ 1.445455030577277, 48.867753349202069 ], [ 1.431005962168565, 48.86582877211324 ], [ 1.424007968041339, 48.860996480981633 ], [ 1.419237589223904, 48.861410290368262 ], [ 1.404875622448732, 48.860733969505439 ], [ 1.397999300291682, 48.856477400246789 ], [ 1.397229102297373, 48.853597656534447 ], [ 1.390230530214553, 48.846289598995554 ], [ 1.386001269621895, 48.844667449991533 ], [ 1.359781343545975, 48.831195643844787 ], [ 1.356839940150096, 48.815584184826989 ], [ 1.366436248287551, 48.804489304367777 ], [ 1.367976269050256, 48.802711231474717 ], [ 1.370325439110572, 48.800746270982991 ], [ 1.37274303742646, 48.797891632049343 ], [ 1.376939447541833, 48.788620244370037 ], [ 1.37390769262645, 48.78237200013821 ], [ 1.36402236505112, 48.782893730661719 ], [ 1.356386403233231, 48.779415512509388 ], [ 1.355771873045077, 48.779047224847027 ], [ 1.351443700892855, 48.77731435662762 ], [ 1.331946545402158, 48.762173456195391 ], [ 1.322254959601878, 48.760580339559404 ], [ 1.313623275566697, 48.764102140836201 ], [ 1.311366140879191, 48.764888882810645 ], [ 1.306325200219351, 48.765492200272206 ], [ 1.296968708957258, 48.768228872969104 ], [ 1.278410297585375, 48.763149903323232 ], [ 1.273845426359242, 48.762517253791366 ], [ 1.268120457485804, 48.75789131388612 ], [ 1.26326413417466, 48.757856764587089 ], [ 1.254904627926978, 48.76004690614409 ], [ 1.254072388470553, 48.766215097843812 ], [ 1.246022212205875, 48.769677602349411 ], [ 1.241327164265408, 48.769266707913545 ], [ 1.222613145033431, 48.767298394078331 ], [ 1.224259543539812, 48.764507072163568 ], [ 1.22649210219469, 48.760078118186456 ], [ 1.22294957764459, 48.75821720353705 ], [ 1.218547441547436, 48.760022834339289 ], [ 1.188224164581797, 48.772755176938119 ], [ 1.162975277257247, 48.76931076380508 ], [ 1.15825965837895, 48.769499033225088 ], [ 1.149836519443622, 48.776754845553953 ], [ 1.152118102405314, 48.785741455928516 ], [ 1.147555984675455, 48.785014079957833 ], [ 1.121402821755984, 48.78919381845914 ], [ 1.118939315485263, 48.786150290495293 ], [ 1.122737027953021, 48.769143887866406 ], [ 1.113736238684424, 48.746303742966106 ], [ 1.110197215631068, 48.748613890560215 ], [ 1.087854488577651, 48.753179306052452 ], [ 1.088183355981463, 48.756459355156274 ], [ 1.083981086608979, 48.754916543233506 ], [ 1.072604840943066, 48.749425376448677 ], [ 1.063026598057352, 48.758968831441493 ], [ 1.059134517451209, 48.756782407682238 ], [ 1.035263128019402, 48.739918747107495 ], [ 1.036702863157133, 48.730207734053252 ], [ 1.032593226079637, 48.728466608958378 ], [ 1.021969846847879, 48.734624895094633 ], [ 1.018475867812264, 48.732074761452743 ], [ 1.01095549510959, 48.728125904060484 ], [ 0.985639805753516, 48.725829837847428 ], [ 0.982607616373236, 48.727227157292944 ], [ 0.978288066297049, 48.730959853793372 ], [ 0.973678841436746, 48.729172216136803 ], [ 0.959926520556553, 48.724016411903314 ], [ 0.951190548731225, 48.715490224213127 ], [ 0.921202728304834, 48.709177082085425 ], [ 0.919567975712923, 48.712333690443543 ], [ 0.900159487086622, 48.711831671679846 ], [ 0.890362596635955, 48.719432685018923 ], [ 0.876703217748555, 48.715591347604523 ], [ 0.87283722653921, 48.713363053887456 ], [ 0.862793756019365, 48.687998884893148 ], [ 0.850362685415187, 48.682952543636247 ], [ 0.827667106116276, 48.68072356503086 ], [ 0.82379258029286, 48.678484377953275 ], [ 0.814819102863612, 48.670167960187968 ], [ 0.809946104881618, 48.664229720006475 ], [ 0.81974835283734, 48.652954761100233 ], [ 0.823564733807104, 48.650666999963541 ], [ 0.821978008548323, 48.644744142315361 ], [ 0.822817568070732, 48.635338251807148 ], [ 0.831762312109994, 48.633422806141525 ], [ 0.827771267054452, 48.63112748749176 ], [ 0.818206122244393, 48.615043366823819 ], [ 0.822398362148397, 48.608875140712918 ], [ 0.826925769215123, 48.610298653536248 ], [ 0.845908509888593, 48.609014926844715 ], [ 0.849312499194327, 48.585941202462259 ], [ 0.86728421510877, 48.573945563007605 ], [ 0.892943901566205, 48.571829216619427 ], [ 0.905801593647182, 48.565982221258842 ], [ 0.910268064760573, 48.56413507657544 ], [ 0.921330910560371, 48.55935271236627 ], [ 0.925711200618311, 48.559654156755393 ], [ 0.937140665951998, 48.548595706069278 ], [ 0.924168308084833, 48.538030413333836 ], [ 0.931842003730337, 48.534150722446142 ], [ 0.962768398193114, 48.524228281449645 ], [ 0.967740032425012, 48.523881461014604 ], [ 0.966150463696482, 48.520506736172202 ], [ 0.954657963280102, 48.504669495915493 ], [ 0.941553603087991, 48.498692821194304 ], [ 0.951278931566647, 48.493407576530331 ], [ 0.955396876246548, 48.49265962816164 ], [ 0.955507384934856, 48.489475885918722 ], [ 0.953055024653027, 48.480155625959192 ], [ 0.935709061133362, 48.475508748810775 ], [ 0.936714234643086, 48.473006453250449 ], [ 0.937355930902573, 48.470452835432944 ], [ 0.940330555415591, 48.460173373345405 ], [ 0.955272581188523, 48.445816913259677 ], [ 0.963767503476087, 48.441976299700826 ], [ 0.974317219041984, 48.441985890653221 ], [ 0.976415754774011, 48.438772955744767 ], [ 0.973173424296336, 48.436224799814866 ], [ 0.945291353521624, 48.418115215773355 ], [ 0.948381412401698, 48.40164548096201 ], [ 0.929503210876426, 48.390589611113469 ], [ 0.92652912840198, 48.384111765635069 ], [ 0.922214269936249, 48.382524224111236 ], [ 0.907346859921031, 48.370103721890054 ], [ 0.904504283653342, 48.372627474325206 ], [ 0.896387042125352, 48.370908641236696 ], [ 0.894524846701581, 48.367824558529605 ], [ 0.88370658092978, 48.356723691086714 ], [ 0.869033768754711, 48.357234645308999 ], [ 0.853888950214507, 48.349112998114094 ], [ 0.84002806841539, 48.352911151345914 ], [ 0.841974715324625, 48.349895534440179 ], [ 0.827866908801021, 48.342311319980197 ], [ 0.824901718473936, 48.344804005990731 ], [ 0.818405234941474, 48.34941871504752 ], [ 0.813731578223685, 48.348810507307839 ], [ 0.788026905059547, 48.341321795680798 ], [ 0.785431527584539, 48.340436233757714 ], [ 0.785038518398134, 48.337584705369835 ], [ 0.781343361712426, 48.332691201329666 ], [ 0.778367755916738, 48.329953212155019 ], [ 0.769234422701985, 48.321878847820955 ], [ 0.76961456981704, 48.315135451757925 ], [ 0.757285513785213, 48.300771115566306 ], [ 0.760446630381839, 48.298130722742911 ], [ 0.764576489903828, 48.299991002819027 ], [ 0.77858442837911, 48.302109007652049 ], [ 0.7974855967007, 48.291445380911767 ], [ 0.807065820336079, 48.289733193905015 ], [ 0.802328417321091, 48.28819614106947 ], [ 0.794042433003458, 48.284126522985567 ], [ 0.785981370117181, 48.271203541821087 ], [ 0.791516879472444, 48.265231378867234 ], [ 0.787321418000858, 48.261444506105086 ], [ 0.822102004077421, 48.223556750910895 ], [ 0.829446450242969, 48.211369266898537 ], [ 0.806620086502518, 48.204223569850022 ], [ 0.806740116002812, 48.197447758297223 ], [ 0.797655463188835, 48.194461211999595 ], [ 0.793203363329351, 48.193072870714182 ], [ 0.7592087648739, 48.180091347687735 ], [ 0.755327106249439, 48.182114983629461 ], [ 0.751104651398858, 48.18391596276976 ], [ 0.738629653275392, 48.189186673611985 ], [ 0.732118772074271, 48.198162464037559 ], [ 0.723637029505431, 48.19814327875509 ], [ 0.72025965414885, 48.202767986156033 ], [ 0.720350303827706, 48.20628037506016 ], [ 0.687393724191047, 48.240781958609546 ], [ 0.683915921732679, 48.254000046080783 ], [ 0.679096644064564, 48.25508471125864 ], [ 0.652469262958497, 48.263389394526982 ], [ 0.642750967240707, 48.261539743876604 ], [ 0.631906709531357, 48.254760856116548 ], [ 0.631421242556921, 48.251465534687952 ], [ 0.638479796699298, 48.235610810241226 ], [ 0.635061572995964, 48.235515440429126 ], [ 0.631908163465243, 48.234624123901561 ], [ 0.630203136380369, 48.240783131630216 ], [ 0.622456633242002, 48.244921355353405 ], [ 0.613135259788858, 48.242735074940882 ], [ 0.593727412428253, 48.244546937879662 ], [ 0.579191968484603, 48.244412120690953 ], [ 0.574411361357328, 48.244917223548185 ], [ 0.546795148773064, 48.25016245395237 ], [ 0.537335969256488, 48.249236579361913 ], [ 0.537331197279426, 48.252801260458362 ], [ 0.536560278121213, 48.259779703245691 ], [ 0.530306611572298, 48.265500468342935 ], [ 0.525809440230435, 48.265946554879307 ], [ 0.512572433880311, 48.267595218387498 ], [ 0.494423416512452, 48.283487553301143 ], [ 0.497805790597666, 48.28979746730144 ], [ 0.505824321473788, 48.293657567922416 ], [ 0.491583159939295, 48.30716522424008 ], [ 0.475988528932434, 48.300046196371525 ], [ 0.463269877646227, 48.30528333103198 ], [ 0.442805139869632, 48.304635750486781 ], [ 0.438486230622513, 48.306045656188019 ], [ 0.429964775103512, 48.308678491228022 ], [ 0.427652282175597, 48.314857608811437 ], [ 0.426280553718781, 48.317519367381628 ], [ 0.415531404271993, 48.321489031764195 ], [ 0.408564517170583, 48.316322577710373 ], [ 0.395362304273977, 48.321289938358113 ], [ 0.383907026715389, 48.332883968250229 ], [ 0.380632704446112, 48.343064818728998 ], [ 0.384251188982692, 48.343072797317916 ], [ 0.387484052535114, 48.347312055275225 ], [ 0.387348060661944, 48.350594741677057 ], [ 0.380556683366861, 48.369276550626175 ], [ 0.380867871296986, 48.372794116806183 ], [ 0.378658714435957, 48.383232261071463 ], [ 0.376780472897334, 48.385396109318968 ], [ 0.37386388725011, 48.386969816903431 ], [ 0.375707893173831, 48.390098235591417 ], [ 0.372679387048595, 48.410131691973071 ], [ 0.379511929301905, 48.414918668192257 ], [ 0.381724503891885, 48.424788099081447 ], [ 0.376011697454327, 48.430314711510725 ], [ 0.373313811598712, 48.432874394820359 ], [ 0.367808253726491, 48.437739105952758 ], [ 0.367696918093949, 48.441310167827673 ], [ 0.363204788634029, 48.451561915823369 ], [ 0.352889872427476, 48.459694444238949 ], [ 0.350086994958944, 48.458650753295359 ], [ 0.345224268394868, 48.459271176170752 ], [ 0.340996665017395, 48.460976788543888 ], [ 0.336829539730553, 48.462818630846868 ], [ 0.32452395702381, 48.471903228178689 ], [ 0.314738485019807, 48.473194489328876 ], [ 0.309630292930526, 48.473285857312064 ], [ 0.297909302938377, 48.479815653764923 ], [ 0.283554586545469, 48.48145037311393 ], [ 0.278804134305506, 48.48089151701096 ], [ 0.266805866805664, 48.48457653333417 ], [ 0.262724859470205, 48.482862259408257 ], [ 0.261649668004484, 48.479335897069085 ], [ 0.258784752192099, 48.476641344186845 ], [ 0.22546339994316, 48.472860676660673 ], [ 0.221658046813318, 48.473140738640787 ], [ 0.217967846818956, 48.473801449376495 ], [ 0.213565245165645, 48.472834021470703 ], [ 0.194949323855709, 48.463744815662523 ], [ 0.191951842086986, 48.462341654589132 ], [ 0.186796744728894, 48.462813690848243 ], [ 0.172326979193097, 48.463829101109418 ], [ 0.170288532573451, 48.45720007232805 ], [ 0.173646852266989, 48.450879683228941 ], [ 0.169080566155415, 48.449483527866498 ], [ 0.152522264661464, 48.456631043788136 ], [ 0.143925073677591, 48.454948081575424 ], [ 0.145862623640697, 48.452168035912621 ], [ 0.154882195967351, 48.445299989960851 ], [ 0.158317524019836, 48.443077779480106 ], [ 0.153319002091247, 48.437943722921574 ], [ 0.148696608640507, 48.437112523278238 ], [ 0.125777108596479, 48.43417374414539 ], [ 0.121836234091947, 48.435977675519084 ], [ 0.117659141463231, 48.436164318845606 ], [ 0.11159337280185, 48.432316776268713 ], [ 0.109345531079724, 48.423016492347891 ], [ 0.099434104556386, 48.410963096119239 ], [ 0.083676897224325, 48.411026657092556 ], [ 0.083780809278208, 48.410128945451596 ], [ 0.079720581110142, 48.408732608825986 ], [ 0.067361886697222, 48.406059790605696 ], [ 0.064198877320146, 48.403379687122943 ], [ 0.054481921063879, 48.391479876000098 ], [ 0.062524142849597, 48.383027684872481 ], [ 0.039681790819022, 48.380406476725568 ], [ 0.035453001522778, 48.380381768153406 ], [ 0.023083170147241, 48.380206652759718 ], [ 0.018680407125157, 48.38158146622397 ], [ 0.005246419729336, 48.389642635583328 ], [ 0.003370245855751, 48.395996439577594 ], [ -0.00124522159228, 48.397275133451224 ], [ -0.020169804370653, 48.393931358349107 ], [ -0.022101202089766, 48.38778690976595 ], [ -0.051402113777984, 48.378158576299953 ], [ -0.049672396173575, 48.375132927743557 ], [ -0.054531204713415, 48.38200345781555 ], [ -0.057247099440921, 48.384778504540044 ], [ -0.053479243740195, 48.390187687083333 ], [ -0.053658457399056, 48.393505322825618 ], [ -0.057580255509666, 48.429084211660772 ], [ -0.05521900116921, 48.430585571358094 ], [ -0.054086512575162, 48.43390988453271 ], [ -0.049826942156493, 48.447226965604578 ], [ -0.053345478265474, 48.453510578303096 ], [ -0.062548152114119, 48.456514473407815 ], [ -0.067327186342949, 48.457228306062746 ], [ -0.080340075816799, 48.449706728089204 ], [ -0.108255141566782, 48.448024291169816 ], [ -0.118485217690098, 48.448232987035126 ], [ -0.137841511807461, 48.45281849246927 ], [ -0.142193451622499, 48.454296908859206 ], [ -0.148946356108712, 48.458790627077924 ], [ -0.148131725949229, 48.471614958401503 ], [ -0.153515920137723, 48.476946013001545 ], [ -0.150169867273961, 48.478952551321598 ], [ -0.155064370095829, 48.48715954251071 ], [ -0.155446697451536, 48.490138438686841 ], [ -0.155678140230367, 48.49331040423575 ], [ -0.167477085486162, 48.502971749857679 ], [ -0.172087104899622, 48.50213745401723 ], [ -0.166668259204305, 48.514706342987026 ], [ -0.145387582536297, 48.52115965789578 ], [ -0.144603963561672, 48.527752504881633 ], [ -0.179251116786474, 48.541649364381655 ], [ -0.189491502828606, 48.548622354494256 ], [ -0.191725133781898, 48.551677406292889 ], [ -0.195861939497232, 48.555914663856413 ], [ -0.199584040156322, 48.558236325446728 ], [ -0.207346299978305, 48.562519620662847 ], [ -0.215791527789101, 48.559788685760516 ], [ -0.230694919267571, 48.561950497647288 ], [ -0.242639134740838, 48.567999494061716 ], [ -0.246472779398911, 48.565725155251457 ], [ -0.249292614485399, 48.5560778339457 ], [ -0.257471999748663, 48.551955608330893 ], [ -0.260578177757533, 48.54913346569424 ], [ -0.243056810963342, 48.537062343344502 ], [ -0.250837396054292, 48.528080526772655 ], [ -0.268389727853264, 48.520666322848257 ], [ -0.271549753116083, 48.507452174040097 ], [ -0.285282941024555, 48.508648716856385 ], [ -0.285881210195997, 48.515168799080634 ], [ -0.290094241658036, 48.516870909866832 ], [ -0.308956278165293, 48.518327789054332 ], [ -0.312304524234804, 48.52026931008821 ], [ -0.32023907382979, 48.522928997328549 ], [ -0.334972614367208, 48.509082584650471 ], [ -0.336825254032484, 48.502421674812574 ], [ -0.353789055495052, 48.496496339837115 ], [ -0.353151787746396, 48.483773531921457 ], [ -0.365814075266628, 48.487548102310924 ], [ -0.371083122257312, 48.495556383750674 ], [ -0.375751275397086, 48.49609906565513 ], [ -0.38925289634858, 48.499370143887461 ], [ -0.393346292616655, 48.501072088454137 ], [ -0.397656718073911, 48.51051130290562 ], [ -0.400874509190009, 48.507889024704674 ], [ -0.425448606186847, 48.507362847316642 ], [ -0.42447291387561, 48.508192371197566 ], [ -0.428466974208817, 48.510211162429222 ], [ -0.446882697373109, 48.514936684100007 ], [ -0.450727770554175, 48.512817052211822 ], [ -0.455856117293371, 48.512694956195531 ], [ -0.466117492119486, 48.512521997545036 ], [ -0.478198137578169, 48.501570405632201 ], [ -0.482929596136971, 48.502629337033888 ], [ -0.492665194512761, 48.50211826142661 ], [ -0.509293872727288, 48.508840804156172 ], [ -0.512798141683829, 48.506531032326414 ], [ -0.518632472930249, 48.49755156914317 ], [ -0.534906776096907, 48.491548103884355 ], [ -0.537870155739288, 48.488884392247776 ], [ -0.553156649905916, 48.472965952311682 ], [ -0.562327624813, 48.47379865568098 ], [ -0.564255348535802, 48.476856594663523 ], [ -0.567457103909282, 48.474545096667946 ], [ -0.571638759713263, 48.468926069473483 ], [ -0.575807055513121, 48.470079294262163 ], [ -0.593207144757478, 48.4708414600087 ], [ -0.594310682332053, 48.472519073785591 ], [ -0.598928777330041, 48.470740112536824 ], [ -0.613629458806438, 48.460612339295636 ], [ -0.654215209231616, 48.444545473411665 ], [ -0.653906063785077, 48.453912141705423 ], [ -0.653976927372034, 48.45745827104453 ], [ -0.658167588567825, 48.474845434649026 ], [ -0.668839878800365, 48.486457623659469 ], [ -0.669078861007521, 48.483289220651685 ], [ -0.683669612542153, 48.476938441017431 ], [ -0.683610161603086, 48.470690192621774 ], [ -0.687991431693138, 48.469437364527778 ], [ -0.692663227102636, 48.468274391739889 ], [ -0.702105885423391, 48.469664275513168 ], [ -0.703267913023385, 48.47288819429545 ], [ -0.71695499073223, 48.470316806825195 ], [ -0.725250854762831, 48.473469973429957 ], [ -0.730066463101813, 48.472048830772515 ], [ -0.73525784264321, 48.462401975713114 ], [ -0.715918184517923, 48.450895966271197 ], [ -0.75648307764865, 48.436937017002741 ], [ -0.760817400648855, 48.436412345359351 ], [ -0.773966395562763, 48.442713516378745 ], [ -0.777874072452454, 48.465411682008657 ], [ -0.793424355438099, 48.465266758225937 ], [ -0.812743258654203, 48.454920251279013 ], [ -0.815107605783603, 48.457456182851026 ], [ -0.818600841919464, 48.468431039613925 ], [ -0.818080433019391, 48.474121974119591 ], [ -0.821988459208765, 48.476076698416755 ], [ -0.826973013008754, 48.47718599024391 ], [ -0.845825915205473, 48.497832277105246 ], [ -0.860362915434868, 48.501458496522538 ], [ -0.864503024751143, 48.499891742065415 ], [ -0.896032708921183, 48.494871148469386 ], [ -0.899357230912208, 48.497482079951141 ], [ -0.909357144114903, 48.497279287999824 ], [ -0.918084374718067, 48.500720467759784 ], [ -0.923879290855636, 48.513138858223734 ], [ -0.94404232608571, 48.514641580070318 ], [ -0.95388414113314, 48.516791248733888 ], [ -0.962230292360274, 48.512775108151068 ], [ -0.963866928292643, 48.502686456530519 ], [ -0.973776160761286, 48.494834073060851 ], [ -1.002974759850267, 48.489069986876764 ], [ -1.011839178292804, 48.492995251499828 ], [ -1.060748477292294, 48.515391877748492 ], [ -1.062996954082096, 48.513090054871277 ], [ -1.070164514370242, 48.508493814190352 ], [ -1.101200088483345, 48.512884658597471 ], [ -1.117276953956961, 48.521651595910207 ], [ -1.122244366158534, 48.521362170657056 ], [ -1.132158737940946, 48.521729253282643 ], [ -1.145708685507768, 48.517653733650143 ], [ -1.161961315365875, 48.524246788972434 ], [ -1.16672402038977, 48.530079289675342 ], [ -1.188367762309828, 48.528687448333741 ], [ -1.193159579688525, 48.529248053503188 ], [ -1.206893923830755, 48.542193969175237 ], [ -1.208259104803645, 48.539091765919352 ], [ -1.232491924426997, 48.537636279908334 ], [ -1.249015546799895, 48.543667760406422 ], [ -1.249492666484938, 48.543695738491017 ], [ -1.254220514903231, 48.543274290542968 ], [ -1.272910099321553, 48.533720847391052 ], [ -1.269816560962066, 48.531048357188851 ], [ -1.269542451211416, 48.524355600447883 ], [ -1.279003710395456, 48.509177210267872 ], [ -1.28338467997411, 48.508532735793331 ], [ -1.287628902205344, 48.509532696659285 ], [ -1.290184082387909, 48.506791697394213 ], [ -1.304550375041041, 48.498802950412234 ], [ -1.318767825860097, 48.497286445340698 ], [ -1.321807989445524, 48.499797525155607 ], [ -1.32632572225724, 48.498524783808556 ], [ -1.330412169100628, 48.485960649101976 ], [ -1.332738713344997, 48.488857889085686 ], [ -1.341414979725647, 48.489207503642582 ], [ -1.348476814685833, 48.479894209969984 ], [ -1.346532958502888, 48.473118043264094 ], [ -1.374943205284344, 48.459261511028963 ], [ -1.38296658735518, 48.456874924326726 ], [ -1.3993914472498, 48.461159276487983 ], [ -1.404236994323083, 48.461429946215169 ], [ -1.427751546337068, 48.462347454998287 ], [ -1.440356474949602, 48.472175082068432 ], [ -1.435747007930877, 48.4779159018833 ], [ -1.449399368835162, 48.486766414106334 ], [ -1.457581213567148, 48.485432149570485 ], [ -1.466133641590226, 48.487975859017695 ], [ -1.47467047503902, 48.485879178086101 ], [ -1.485861791346898, 48.490736779536789 ], [ -1.48994743514239, 48.489374847606058 ], [ -1.495588266149019, 48.505046850540943 ], [ -1.495732744965292, 48.508312178840853 ], [ -1.498527857358918, 48.511017553052618 ], [ -1.515309304797763, 48.530293644442196 ], [ -1.517780648172585, 48.529848247467783 ], [ -1.519766456592905, 48.539657122273312 ], [ -1.533109820628962, 48.549438555624981 ], [ -1.52717082763099, 48.56190103724775 ], [ -1.521005142809519, 48.567055351956732 ], [ -1.52777313439942, 48.575771864964445 ], [ -1.52774697485676, 48.579079592952397 ], [ -1.54201090103164, 48.580869082549341 ], [ -1.538886980099955, 48.597458962437415 ], [ -1.545464496777929, 48.606091684837622 ], [ -1.554663603338831, 48.609226672100696 ], [ -1.558303039756683, 48.611231660552001 ], [ -1.566049355417807, 48.614826937931781 ], [ -1.571087121326382, 48.626445743052265 ], [ -1.553791688696995, 48.6294875728831 ], [ -1.549446155089854, 48.630158354268147 ], [ -1.520247333808854, 48.627613168048214 ], [ -1.516621028332929, 48.621507119298833 ], [ -1.515647161840534, 48.618255518682993 ], [ -1.512304517798271, 48.616210995261795 ], [ -1.511936620620367, 48.613206669973181 ], [ -1.508060972770868, 48.618687385334937 ], [ -1.480794125508162, 48.619393134198852 ], [ -1.475995142441414, 48.61905122979551 ], [ -1.453438764885716, 48.624168154207425 ], [ -1.44869177056464, 48.623480841506584 ], [ -1.430116553326995, 48.634570467142979 ], [ -1.427017414591035, 48.640829977060569 ], [ -1.422596232972681, 48.642399743172554 ], [ -1.420875802423135, 48.639256448784977 ], [ -1.391553013867364, 48.643927483749231 ], [ -1.371804403807816, 48.641537429816665 ], [ -1.361666728402426, 48.634080824399888 ], [ -1.352426439795815, 48.631329151482632 ], [ -1.347352904936647, 48.6314425298496 ], [ -1.345475419271636, 48.632727260582477 ], [ -1.348358998011055, 48.631937280764575 ], [ -1.351353856193186, 48.632485444905761 ], [ -1.364426534878589, 48.646952104272025 ], [ -1.369988034521727, 48.646477813639486 ], [ -1.377600800359256, 48.650693431812222 ], [ -1.392768814824188, 48.650630197726009 ], [ -1.400674697859504, 48.659103752330189 ], [ -1.380209476274665, 48.682794045624838 ], [ -1.376541316491977, 48.684802612116904 ], [ -1.374995453599467, 48.687787112995622 ], [ -1.372287545799002, 48.693795978829755 ], [ -1.375536026077863, 48.691478700524677 ], [ -1.394562124194991, 48.677941337079638 ], [ -1.399003634202222, 48.676083774039427 ], [ -1.431560504713149, 48.665877050704815 ], [ -1.439353673574835, 48.657073302337473 ], [ -1.444374307724689, 48.656147254679986 ], [ -1.449255513902121, 48.66939739759539 ], [ -1.45739862734744, 48.673651447922893 ], [ -1.486549841334563, 48.686322820655285 ], [ -1.496102140161576, 48.683800484739308 ], [ -1.504902350172105, 48.687396022045576 ], [ -1.50694292492014, 48.690544133103316 ], [ -1.517311719920621, 48.713350036833241 ], [ -1.518700784131888, 48.716657768542007 ], [ -1.529155824270529, 48.729981798271105 ], [ -1.533239867314917, 48.731376145305603 ], [ -1.5527109934921, 48.732427080662433 ], [ -1.556377758482011, 48.734647421639217 ], [ -1.570879692869765, 48.743939478623396 ], [ -1.574582018191963, 48.754158078559591 ], [ -1.570843777496606, 48.767004159288824 ], [ -1.57030879929591, 48.770385007867041 ], [ -1.569351588404357, 48.78823227364073 ], [ -1.572764178785765, 48.815938624180767 ], [ -1.575567979694996, 48.822389524543425 ], [ -1.585923199087904, 48.829829929246372 ], [ -1.609851289289795, 48.833007980026601 ], [ -1.607401115285745, 48.836778051063781 ], [ -1.59498327206423, 48.842508265408149 ], [ -1.591833253763657, 48.845169759915684 ], [ -1.584560360554626, 48.849376685725971 ], [ -1.579524973070652, 48.858857372594535 ], [ -1.577962130718779, 48.86204312087677 ], [ -1.5727865151957, 48.881608809264669 ], [ -1.57211928447291, 48.884895248293383 ], [ -1.571131678735968, 48.890599059554674 ], [ -1.561525430746011, 48.927636556408665 ], [ -1.557702124463763, 48.931583402159546 ], [ -1.559572115357315, 48.912695137954721 ], [ -1.553784910044039, 48.897800438679816 ], [ -1.551396963555564, 48.897990398747581 ], [ -1.55138589065856, 48.908791155808579 ], [ -1.543453192497937, 48.931386422717196 ], [ -1.550168555213655, 48.940319025049163 ], [ -1.562204663893636, 48.940824822971187 ], [ -1.562436726403667, 48.947049186078928 ], [ -1.561830841295217, 48.951206699732303 ], [ -1.561456446579624, 48.96828094457706 ], [ -1.562258427336943, 48.978032307662069 ], [ -1.561999244869278, 48.981311796128104 ], [ -1.559252888992808, 48.998655932337513 ], [ -1.556630864578196, 48.999818456803688 ], [ -1.552133652256841, 48.990685062357144 ], [ -1.550058059938452, 48.991988833468561 ], [ -1.551560084785054, 48.99819168280407 ], [ -1.556966566490841, 49.01128057043357 ], [ -1.556069710784992, 49.024924005769108 ], [ -1.534800801113705, 49.034016132331061 ], [ -1.518343022580549, 49.025450505799938 ], [ -1.513914811960893, 49.0235097141735 ], [ -1.510283669119779, 49.021124495365804 ], [ -1.505912670925324, 49.01936140439544 ], [ -1.504679126216217, 49.020137271430961 ], [ -1.508524150664625, 49.026405411840635 ], [ -1.538189302997176, 49.039553126701385 ], [ -1.542563883549795, 49.041323985168418 ], [ -1.555302980158851, 49.036778975661953 ], [ -1.559912073738129, 49.038252100998974 ], [ -1.569816494501818, 49.030165408527438 ], [ -1.576883281660839, 49.017115117530146 ], [ -1.576108365742473, 49.006777591128561 ], [ -1.581947566191395, 49.004527970897414 ], [ -1.59535810030893, 49.027181028606819 ], [ -1.607321757325131, 49.067649600101163 ], [ -1.606272462362118, 49.068644585293825 ], [ -1.5992305658587, 49.056332157936609 ], [ -1.598095480377525, 49.060221549327267 ], [ -1.600600477775648, 49.07331140307722 ], [ -1.610164614433707, 49.083581408473016 ], [ -1.605426816965442, 49.111881465952607 ], [ -1.5948526799956, 49.130316754410231 ], [ -1.585285095832206, 49.131069394452894 ], [ -1.580298013948052, 49.131475687024967 ], [ -1.594782477082039, 49.140811523354763 ], [ -1.596134017217983, 49.144128113975022 ], [ -1.604218111944262, 49.188541941919091 ], [ -1.60550543297619, 49.191887813860234 ], [ -1.605572365311624, 49.205285564565557 ], [ -1.611920169694893, 49.218046483574696 ], [ -1.572084578581297, 49.222132162286016 ], [ -1.567258566764165, 49.220883487452177 ], [ -1.567628885224323, 49.221184620472052 ], [ -1.587431521755835, 49.232859013459048 ], [ -1.613567099939215, 49.23479644416485 ], [ -1.622800464045982, 49.226256495044694 ], [ -1.624932095998985, 49.215971404993795 ], [ -1.632058598602689, 49.214805885054147 ], [ -1.648981574374344, 49.232534135312157 ], [ -1.65069693379574, 49.235854001012605 ], [ -1.659279827139792, 49.255532546044918 ], [ -1.6606643067288, 49.258829018358981 ], [ -1.665740426255807, 49.266278168979142 ], [ -1.667598678797401, 49.268718713404695 ], [ -1.675793996387269, 49.280342161815327 ], [ -1.661433371505427, 49.280754206508561 ], [ -1.664166304203346, 49.285862513639991 ], [ -1.684740820710803, 49.288829043848978 ], [ -1.69064656294008, 49.294578958954069 ], [ -1.692943602391696, 49.297731485059664 ], [ -1.6985841843592, 49.305688627497688 ], [ -1.699953349524945, 49.308471927345266 ], [ -1.708234349522605, 49.324502397588709 ], [ -1.682834338107468, 49.330767698502122 ], [ -1.702657495335177, 49.33193291238652 ], [ -1.721197273197662, 49.326445291209218 ], [ -1.745723202985263, 49.348014305399211 ], [ -1.749139669991842, 49.350536466274001 ], [ -1.752490278711439, 49.353088144945282 ], [ -1.757903656873248, 49.357521586772705 ], [ -1.760222042518854, 49.359933634350554 ], [ -1.779990343730246, 49.372093154581961 ], [ -1.778985641479707, 49.373897920541914 ], [ -1.76328597205376, 49.372194805313946 ], [ -1.769985200022738, 49.3766310466264 ], [ -1.780348477451907, 49.377734197962738 ], [ -1.79344281749032, 49.371722073508046 ], [ -1.808940423411185, 49.373906636490965 ], [ -1.810499692576177, 49.377311592182764 ], [ -1.822957442149356, 49.398994833397687 ], [ -1.823032878445919, 49.415408136615746 ], [ -1.823063615336488, 49.435613976364387 ], [ -1.823428848410665, 49.43862502878742 ], [ -1.833948865795206, 49.465192225738292 ], [ -1.836419031231685, 49.46824513574466 ], [ -1.84601660769293, 49.474785731328325 ], [ -1.845317951233852, 49.491264965530739 ], [ -1.845644180213215, 49.4944304712253 ], [ -1.849682510185584, 49.50674884836959 ], [ -1.855866900320434, 49.511174282959445 ], [ -1.860493312031059, 49.512132257769608 ], [ -1.870951151303872, 49.513332915615734 ], [ -1.882401203407846, 49.520453636356095 ], [ -1.886621500798737, 49.537328707250978 ], [ -1.881126681042484, 49.54283563339893 ], [ -1.86302900942398, 49.550442237772089 ], [ -1.857915690856313, 49.551394602346484 ], [ -1.854536097492554, 49.55633806895846 ], [ -1.843454881344569, 49.568999338208009 ], [ -1.841156772964603, 49.571639132829141 ], [ -1.841579963440962, 49.579788470514565 ], [ -1.841838637172455, 49.582821330478325 ], [ -1.842242874453616, 49.597219673783975 ], [ -1.844195072591119, 49.61362675071949 ], [ -1.860528720339375, 49.650264667594932 ], [ -1.864843504301063, 49.652333660567628 ], [ -1.870463080549064, 49.656015745661541 ], [ -1.873561743151321, 49.657683055309974 ], [ -1.887468178867527, 49.659681212127694 ], [ -1.894341019267495, 49.663969057904495 ], [ -1.898261221816364, 49.665800743151408 ], [ -1.919442521001151, 49.666529510860407 ], [ -1.945514814386854, 49.677526470154554 ], [ -1.937621630036013, 49.686598484183008 ], [ -1.935886491639268, 49.689901058808914 ], [ -1.946709660748988, 49.705387482506183 ], [ -1.94388781030615, 49.722436614155797 ], [ -1.936062730048006, 49.726103405198742 ], [ -1.910355739601784, 49.72261552023776 ], [ -1.891362372382202, 49.7105972725589 ], [ -1.890332899686229, 49.707235720271093 ], [ -1.880731288407324, 49.705974019156493 ], [ -1.875838861180671, 49.706782456245747 ], [ -1.861134953834989, 49.714924062529654 ], [ -1.852030478079968, 49.71598077995899 ], [ -1.849802113844353, 49.713125941685888 ], [ -1.839749491490247, 49.711203837169435 ], [ -1.827098608853925, 49.69277509501493 ], [ -1.818791785208985, 49.690034888954798 ], [ -1.814472914723972, 49.688819672824792 ], [ -1.794939773083864, 49.687530234293327 ], [ -1.767209322594195, 49.680150074733881 ], [ -1.762674790670492, 49.678680489694287 ], [ -1.719857512818238, 49.679657626404001 ], [ -1.708790157411931, 49.672903609192616 ], [ -1.704437663821784, 49.670821768661483 ], [ -1.694777557174044, 49.670295190364385 ], [ -1.686039576365558, 49.67332389776471 ], [ -1.679176374406198, 49.668952585785632 ], [ -1.683579119243453, 49.667504759549701 ], [ -1.679680454293827, 49.661722952334628 ], [ -1.670778643460632, 49.657780756044616 ], [ -1.654778115941957, 49.657026618802156 ], [ -1.649380239555527, 49.65682824714974 ], [ -1.629515567247006, 49.659945149510563 ], [ -1.625563049062584, 49.65855647792759 ], [ -1.62899118811235, 49.652458060942649 ], [ -1.623595602392701, 49.646749674604621 ], [ -1.60839564371247, 49.645905100155659 ], [ -1.602854409464383, 49.645791162248202 ], [ -1.603100049117582, 49.655773145914857 ], [ -1.595718627491874, 49.654477402909663 ], [ -1.588753352440502, 49.65271545382307 ], [ -1.569004892725483, 49.656682104595454 ], [ -1.553883029275598, 49.654081558570013 ], [ -1.548800719054622, 49.654613984075006 ], [ -1.531088247552977, 49.655302864723168 ], [ -1.505924458951012, 49.662539022328417 ], [ -1.502226673977155, 49.664638165029793 ], [ -1.491635712074586, 49.670043232830004 ], [ -1.488011720190453, 49.668251067488491 ], [ -1.483499238609143, 49.678002780908301 ], [ -1.475625091074158, 49.682486969269505 ], [ -1.472808117317502, 49.695487518169386 ], [ -1.452667267876402, 49.691870820072573 ], [ -1.431857376148437, 49.70051471001041 ], [ -1.426995091539315, 49.701888735535924 ], [ -1.391546575714117, 49.706125646598778 ], [ -1.365450515557964, 49.705859177079056 ], [ -1.351406080035142, 49.702735843410061 ], [ -1.346797673163928, 49.701406804120474 ], [ -1.328948110600822, 49.700504634058504 ], [ -1.324809628820364, 49.698816102173204 ], [ -1.304891693100566, 49.694582450268321 ], [ -1.299849919244958, 49.693518996505667 ], [ -1.268552163493487, 49.694648617442532 ], [ -1.270748184031489, 49.681568475211201 ], [ -1.265524770886844, 49.675803705987512 ], [ -1.261930745797563, 49.673275139777793 ], [ -1.257301111131022, 49.669459933391259 ], [ -1.256472763959949, 49.666834309066353 ], [ -1.239987501455994, 49.650753822229511 ], [ -1.243241025207611, 49.648201543807986 ], [ -1.230153761568362, 49.625494682639761 ], [ -1.228886134446098, 49.611644207973384 ], [ -1.235476298371894, 49.607931762032223 ], [ -1.250156231983784, 49.612116326462569 ], [ -1.2555041296962, 49.61230695632343 ], [ -1.271873821011967, 49.570585621314336 ], [ -1.276675595792506, 49.573737370880991 ], [ -1.271305792498129, 49.583376335167344 ], [ -1.280385930881272, 49.586359250488819 ], [ -1.285580766610375, 49.587066858665821 ], [ -1.297330811780515, 49.581251349486571 ], [ -1.300377861701734, 49.578632397122327 ], [ -1.307362761881317, 49.563246457274296 ], [ -1.307798896723689, 49.560035903191917 ], [ -1.309561857872705, 49.548407925465497 ], [ -1.307772924793956, 49.545717401907829 ], [ -1.304858663030884, 49.537522585988803 ], [ -1.302621863061553, 49.535090893097404 ], [ -1.290845912988518, 49.521269697788753 ], [ -1.289677515721931, 49.518205898036094 ], [ -1.280989959098674, 49.510673732261459 ], [ -1.278419053572732, 49.508019394267727 ], [ -1.273591769176919, 49.503491511582475 ], [ -1.256986682131015, 49.484896068651864 ], [ -1.254041999369581, 49.481867340577509 ], [ -1.234004420596044, 49.465351547611185 ], [ -1.230736434826768, 49.46255860190945 ], [ -1.225604381855906, 49.457913522637675 ], [ -1.223118360683836, 49.455552109899408 ], [ -1.215122902013008, 49.449305365688602 ], [ -1.212361398181788, 49.447277364524282 ], [ -1.199823236308513, 49.437767453610562 ], [ -1.196795309771564, 49.435334329622435 ], [ -1.191718154050315, 49.431460038552373 ], [ -1.18934529853359, 49.429436070125028 ], [ -1.170924821769608, 49.412098220746273 ], [ -1.162070254146685, 49.391818366449336 ], [ -1.165031618519257, 49.385127604021463 ], [ -1.179203626803959, 49.375250071042679 ], [ -1.176800423195453, 49.368393216038591 ], [ -1.177537316443675, 49.364902233976544 ], [ -1.16387603375734, 49.366571093285373 ], [ -1.137163611981364, 49.357281664897258 ], [ -1.136049339201734, 49.354043408550226 ], [ -1.119622540266031, 49.355567989846882 ], [ -1.11539878783878, 49.351508500179797 ], [ -1.116896463580091, 49.36111556391473 ], [ -1.093408226070541, 49.378736279574049 ], [ -1.089834525645649, 49.381125457894001 ], [ -1.073854128246324, 49.389459705580457 ], [ -1.058433180897691, 49.390608551162117 ], [ -1.048767901503165, 49.388331625585458 ], [ -1.024409126111844, 49.392259253857809 ], [ -1.019455982599656, 49.393279083482156 ], [ -0.989825317694337, 49.397203758778645 ], [ -0.98501840623055, 49.395850341428186 ], [ -0.96629307536263, 49.396745201487597 ], [ -0.961539428262704, 49.396433095519058 ], [ -0.930502172357337, 49.393198457077744 ], [ -0.925348298208872, 49.392510977619864 ], [ -0.916462168881212, 49.3864365429381 ], [ -0.912785254108633, 49.38485472009495 ], [ -0.886364306951821, 49.373233944171787 ], [ -0.881651369060634, 49.371594537287457 ], [ -0.865136376694669, 49.366571309847508 ], [ -0.860978714628046, 49.365336335332231 ], [ -0.83226252336587, 49.358673215266556 ], [ -0.82728943275509, 49.357939951150613 ], [ -0.793764196117949, 49.354128964754253 ], [ -0.788978026908386, 49.353487271871671 ], [ -0.750793620181893, 49.349351656360412 ], [ -0.74572495385887, 49.349167001005128 ], [ -0.724522247109212, 49.347015064895807 ], [ -0.719148826343976, 49.346991683605694 ], [ -0.672752256575109, 49.345918911526859 ], [ -0.667549642726481, 49.345969033267963 ], [ -0.649337081827346, 49.346484739695924 ], [ -0.645148799734803, 49.345297443121048 ], [ -0.630396102013026, 49.341548543885771 ], [ -0.625153186908745, 49.340626233806802 ], [ -0.611432970347616, 49.340173485625975 ], [ -0.593495523604339, 49.340852562136106 ], [ -0.572644881844025, 49.343414808915277 ], [ -0.55821811885114, 49.345892280519287 ], [ -0.553247067762384, 49.346101618565307 ], [ -0.511078608990641, 49.34450052831135 ], [ -0.505870816880138, 49.343860008738105 ], [ -0.47158850643419, 49.33803908361832 ], [ -0.466605360654647, 49.337444428095225 ], [ -0.438398725028277, 49.335056729015911 ], [ -0.433620020563894, 49.335039747399392 ], [ -0.402614115632392, 49.333785026874608 ], [ -0.39751455049364, 49.333073868607535 ], [ -0.380078418357168, 49.328560707605298 ], [ -0.375834618521685, 49.327239868987661 ], [ -0.363548603400305, 49.323542991900084 ], [ -0.359523128839929, 49.322179524585827 ], [ -0.343029046893295, 49.315736520860057 ], [ -0.339702723966043, 49.313462320510126 ], [ -0.313650416438842, 49.302510981673358 ], [ -0.309228859576233, 49.300715901002079 ], [ -0.291954391873479, 49.295628122385757 ], [ -0.287497549325168, 49.294553007523923 ], [ -0.283352714200456, 49.293622194000413 ], [ -0.279146215300383, 49.292800883172063 ], [ -0.253851407873815, 49.289994817492904 ], [ -0.230360771293707, 49.283221526566244 ], [ -0.225693865076797, 49.281825912223852 ], [ -0.206260187498581, 49.286230659284755 ], [ -0.174874959325741, 49.286008051298325 ], [ -0.169663223115291, 49.286244054349631 ], [ -0.144240078163937, 49.288834569864889 ], [ -0.139239207636, 49.289603544940633 ], [ -0.092539846067834, 49.29824045931359 ], [ -0.087169039940421, 49.297910170211118 ], [ -0.082722914396081, 49.301775241623972 ], [ -0.071092389861974, 49.306066029558565 ], [ -0.066155453791591, 49.307028179311764 ], [ -0.044972635229489, 49.312701099475177 ], [ -0.040898614413709, 49.314081210507148 ], [ -0.018065403151881, 49.319862749320563 ], [ -0.013498127243564, 49.321065312960819 ], [ 0.010635922901196, 49.330624815698776 ], [ 0.014308465225683, 49.332568737422001 ], [ 0.028093014557512, 49.339862159046639 ], [ 0.031424741472022, 49.341770137425371 ], [ 0.049820330835179, 49.350856198393593 ], [ 0.053299177937314, 49.352866052974264 ], [ 0.058293537685895, 49.356073066511186 ], [ 0.071983190841759, 49.367919099277472 ], [ 0.075406086028041, 49.365852203689435 ], [ 0.101641241049386, 49.387441812097059 ], [ 0.105389827740522, 49.389879189744846 ], [ 0.127870118214219, 49.402116947799726 ], [ 0.132337228551453, 49.403572092682246 ], [ 0.144745211393633, 49.406240123389907 ], [ 0.1487885690064, 49.407396817504484 ], [ 0.1798851954073, 49.413666140745917 ], [ 0.184686202427319, 49.415360902921179 ], [ 0.222823436933719, 49.427241724703627 ], [ 0.270270766127535, 49.42850120150532 ], [ 0.275543044167873, 49.428664981898017 ], [ 0.28058312860623, 49.428787340547125 ], [ 0.285603307878304, 49.429025956774886 ], [ 0.297224420290662, 49.429861637282976 ], [ 0.305603542027172, 49.430471170102329 ], [ 0.309792003719415, 49.430798176063519 ], [ 0.335855780717749, 49.433668008541268 ], [ 0.341030230138509, 49.434402328138759 ], [ 0.338833646621524, 49.437681513440864 ], [ 0.338982824359444, 49.440931306061238 ], [ 0.297344685726484, 49.439127441322725 ], [ 0.285712877762654, 49.444469982629684 ], [ 0.287626033319901, 49.447948283039707 ], [ 0.308700043629875, 49.44904812352906 ], [ 0.311830258583803, 49.449594303125238 ], [ 0.303271015146839, 49.450519100722275 ], [ 0.287893170483822, 49.451254775129804 ], [ 0.274945420248284, 49.446728209640725 ], [ 0.269986562809295, 49.44764171950419 ], [ 0.257973293446166, 49.449177874862329 ], [ 0.253845115641307, 49.449506990945721 ], [ 0.237787926842208, 49.452091527043258 ], [ 0.195024236140236, 49.454858618582847 ], [ 0.171701352514738, 49.460017985796775 ], [ 0.156335790902591, 49.458183151904983 ], [ 0.14518324019071, 49.465475392672936 ], [ 0.114341942153438, 49.470644293358426 ], [ 0.093079715234601, 49.481306048127273 ], [ 0.093312175818372, 49.494532245767495 ], [ 0.088122948260586, 49.50058621927294 ], [ 0.08336559846987, 49.502171591818311 ], [ 0.069789118938589, 49.506322879904133 ], [ 0.066273479258403, 49.515411206944812 ], [ 0.06691606038735, 49.51867338835676 ], [ 0.075546592039502, 49.537174249587885 ], [ 0.078026027548207, 49.53998592519207 ], [ 0.108648337081106, 49.5859176108928 ], [ 0.111463131692884, 49.588988126449806 ], [ 0.12670323523339, 49.606830928432586 ], [ 0.128783287802002, 49.609964463492489 ], [ 0.1406540135734, 49.625890761351847 ], [ 0.142586931205655, 49.629209322723781 ], [ 0.153930073877279, 49.647809899168713 ], [ 0.15179862069289, 49.657506982383694 ], [ 0.158991547150583, 49.665920551479964 ], [ 0.159931473835342, 49.669206427360727 ], [ 0.164907078291669, 49.686190368677579 ], [ 0.175100266155617, 49.694096996434332 ], [ 0.179394419791326, 49.69615668785282 ], [ 0.182166606755901, 49.699178992162345 ], [ 0.205158308136435, 49.712979826166737 ], [ 0.220071014512859, 49.716926617855215 ], [ 0.225343129932344, 49.717640287157465 ], [ 0.241163368893106, 49.720238512662306 ], [ 0.259696870654669, 49.727615754615904 ], [ 0.264878815166491, 49.728748188045714 ], [ 0.270224227833431, 49.730720167384554 ], [ 0.290014535318698, 49.737824011365724 ], [ 0.293790377218975, 49.739607124823245 ], [ 0.299454188567021, 49.740056488726474 ], [ 0.316103663925103, 49.740793113422804 ], [ 0.32042441998487, 49.741463614892048 ], [ 0.334415183897287, 49.746112786273677 ], [ 0.338900890781762, 49.747891988183845 ], [ 0.35131714294811, 49.753268843763067 ], [ 0.355324455262456, 49.755198814979664 ], [ 0.366921482662904, 49.767118640828706 ], [ 0.387149804718835, 49.771877992565507 ], [ 0.424135588432935, 49.784369362671676 ], [ 0.428468432773895, 49.786276656991838 ], [ 0.479087613374146, 49.806282447934919 ], [ 0.483545705891904, 49.808262152829698 ], [ 0.507521509349115, 49.819882350540851 ], [ 0.512590011598895, 49.819644228389322 ], [ 0.520306102588332, 49.823531524521577 ], [ 0.524244195623855, 49.82540918478341 ], [ 0.534401815017007, 49.833731343648211 ], [ 0.557662641936652, 49.843636648319631 ], [ 0.562339618794613, 49.845527756109497 ], [ 0.58140631734102, 49.852045802926838 ], [ 0.602411968576742, 49.854383524590354 ], [ 0.60698131529707, 49.856252756468372 ], [ 0.640399346481086, 49.863814640598505 ], [ 0.645528414949196, 49.864147314900421 ], [ 0.650623813373415, 49.864910527832926 ], [ 0.655782358041532, 49.865512961026319 ], [ 0.668521892741484, 49.867266734427083 ], [ 0.709744655296265, 49.872935819290909 ], [ 0.718798832909074, 49.869483385147817 ], [ 0.745111978034552, 49.871257181471698 ], [ 0.750404414299011, 49.871381733837076 ], [ 0.763890496062586, 49.871746207188927 ], [ 0.795853878536159, 49.877009400898366 ], [ 0.800984771874398, 49.878315108080571 ], [ 0.834184257166154, 49.889692318979066 ], [ 0.839540679261688, 49.889337809857629 ], [ 0.893722428064782, 49.899018614597232 ], [ 0.898440216665712, 49.900330964835547 ], [ 0.924739001578362, 49.905354349896619 ], [ 0.929788965934607, 49.9067429852144 ], [ 0.961439709300511, 49.919711606544105 ], [ 0.972258263433389, 49.91924451268531 ], [ 1.021849290846454, 49.916273844985973 ], [ 1.02573506906333, 49.916552312736279 ], [ 1.035178430163824, 49.918870008405506 ], [ 1.039773747809306, 49.920246700075509 ], [ 1.069810240209366, 49.926780842481016 ], [ 1.085876655250022, 49.935569585844995 ], [ 1.110601541494753, 49.938928162365471 ], [ 1.1152463955437, 49.940572248195735 ], [ 1.14318386011578, 49.949876852506762 ], [ 1.147615792693336, 49.951687141176741 ], [ 1.164732565411446, 49.957803304759814 ], [ 1.168718897777371, 49.959651030680739 ], [ 1.189935755244353, 49.966947910169083 ], [ 1.194521609624577, 49.968039908248087 ], [ 1.202426490319173, 49.971795075807869 ], [ 1.205260823458394, 49.977541937672719 ], [ 1.208677664846801, 49.979820168421234 ], [ 1.230981599080216, 49.987511772477312 ], [ 1.235089298102131, 49.989610516316404 ], [ 1.25633079715354, 50.002106526265628 ], [ 1.259654965971503, 50.004354935512865 ], [ 1.266964141455617, 50.009121341936009 ], [ 1.270733314041971, 50.011429616138486 ], [ 1.334349607572417, 50.047967445697154 ], [ 1.33873464490721, 50.049967374874711 ], [ 1.342387331302408, 50.051759603256869 ], [ 1.369126222141306, 50.063724612607729 ], [ 1.379705037415168, 50.065014676381274 ], [ 1.404427554812404, 50.057226946084732 ], [ 1.409260195856225, 50.05707413039184 ], [ 1.419825631958495, 50.066409483780774 ], [ 1.421862415126579, 50.069130633096655 ], [ 1.431667314911159, 50.071151807483339 ], [ 1.450670651492796, 50.06723416151366 ], [ 1.453325284528359, 50.064384107828218 ], [ 1.456457636652584, 50.063713906276774 ], [ 1.459145908803592, 50.062499063196647 ] ] ] ] } },
{ "type": "Feature", "properties": { "code_INSEE": 31, "NOM": "CHAMPAGNE-ARDENNE-ALSACE-LORRAINE", "population": 5521452, "nb_dentist": 3643 }, "geometry": { "type": "MultiPolygon", "coordinates": [ [ [ [ 4.870795800471052, 50.123112372625471 ], [ 4.872434760937344, 50.092166680933609 ], [ 4.863494667337745, 50.091700869441674 ], [ 4.859797402852783, 50.098269973895327 ], [ 4.850132824572144, 50.100176788091204 ], [ 4.840233675207833, 50.092932270193309 ], [ 4.845305364912193, 50.083782768850448 ], [ 4.840480754174808, 50.082795175269972 ], [ 4.839155309580091, 50.069707930359485 ], [ 4.825639237667732, 50.066460107620138 ], [ 4.820781356184484, 50.065265617468192 ], [ 4.819234866804097, 50.060661942929663 ], [ 4.828004004192005, 50.05692903824243 ], [ 4.82810109745851, 50.049929157559063 ], [ 4.837235785568857, 50.046342780163904 ], [ 4.840269475988837, 50.039963547235864 ], [ 4.822588296127547, 50.026922282581147 ], [ 4.820602573200168, 50.023654607405206 ], [ 4.815687885945887, 49.992623689028164 ], [ 4.8059538719099, 49.984196358756918 ], [ 4.795586826486251, 49.982219482351738 ], [ 4.790552673904654, 49.961897938419533 ], [ 4.790917061456353, 49.958397505518271 ], [ 4.809008250337834, 49.954474544126839 ], [ 4.813847160174019, 49.954268136786709 ], [ 4.849231288706581, 49.946541438063285 ], [ 4.858426349655795, 49.933705964923703 ], [ 4.878691834929759, 49.921921966288039 ], [ 4.885178261669532, 49.912162650295535 ], [ 4.885604995086874, 49.908651668082477 ], [ 4.882876813729208, 49.898450006441387 ], [ 4.861937419746004, 49.869782378874746 ], [ 4.851545302610823, 49.862706584484719 ], [ 4.85239780823965, 49.852107983391967 ], [ 4.855106954424435, 49.849020523762498 ], [ 4.858623713888401, 49.842550832076071 ], [ 4.867279044386061, 49.839084808370181 ], [ 4.873641335356567, 49.818974364768067 ], [ 4.865473847331639, 49.810211716974003 ], [ 4.855101772362194, 49.794571176915682 ], [ 4.857954283478665, 49.791696894158989 ], [ 4.861739130292414, 49.789275618407302 ], [ 4.874959167175414, 49.793198064949408 ], [ 4.883825084902208, 49.79042826035537 ], [ 4.887263112139328, 49.788047474031657 ], [ 4.897636871406629, 49.788919983885251 ], [ 4.906258425494597, 49.785604095601087 ], [ 4.926345817009477, 49.787508217056633 ], [ 4.931437707932499, 49.786708700026061 ], [ 4.939627512196156, 49.79256411921746 ], [ 4.942984748828946, 49.790677306262126 ], [ 4.946673747992661, 49.79714310010673 ], [ 4.955675461788288, 49.800539990165433 ], [ 4.99147186870093, 49.800221394615349 ], [ 5.001781609956532, 49.793671699770393 ], [ 5.010731766019052, 49.781562305750313 ], [ 5.0149118519876, 49.779507073208457 ], [ 5.041812263697279, 49.770530309525931 ], [ 5.046833988048272, 49.770140507101026 ], [ 5.069025761266042, 49.761631918835917 ], [ 5.089717223590442, 49.764793113881524 ], [ 5.096602341185609, 49.759785464686196 ], [ 5.122393118351515, 49.729992755198268 ], [ 5.124873530468828, 49.726947406676501 ], [ 5.123263100673649, 49.720548819508174 ], [ 5.123073185502462, 49.71730731539634 ], [ 5.130783818436675, 49.713046909214313 ], [ 5.141008096790259, 49.712247323289937 ], [ 5.143643411618671, 49.709306632834846 ], [ 5.151701452669491, 49.71766764327743 ], [ 5.160857277541723, 49.715186446390753 ], [ 5.165421151529547, 49.70936163630958 ], [ 5.164750133799928, 49.696115225393811 ], [ 5.16620840269326, 49.692916231205878 ], [ 5.194929097403817, 49.693147667357088 ], [ 5.199660084619937, 49.692316162759298 ], [ 5.208661256425101, 49.694436316720513 ], [ 5.215667082725869, 49.689176254084096 ], [ 5.231140047199089, 49.690358741402314 ], [ 5.246232028618723, 49.686943882256813 ], [ 5.268383917830704, 49.695953558407012 ], [ 5.280510856484431, 49.689137836601844 ], [ 5.281174853689565, 49.685691499303232 ], [ 5.282208716057644, 49.685573229322983 ], [ 5.286558087676099, 49.681823934405053 ], [ 5.315559551127929, 49.666298896585722 ], [ 5.319152297335819, 49.663668403373357 ], [ 5.332622053478534, 49.653504123267169 ], [ 5.320583620610571, 49.647261852829303 ], [ 5.307344600007333, 49.633040226255538 ], [ 5.304912875416414, 49.630056770099408 ], [ 5.311374282504283, 49.614354345283971 ], [ 5.314977388989866, 49.612029220524505 ], [ 5.321965153677724, 49.614188350592642 ], [ 5.340104104104197, 49.6181286312341 ], [ 5.346857380408641, 49.630845250765113 ], [ 5.388625964474584, 49.618308174449034 ], [ 5.393536658328451, 49.617087738502732 ], [ 5.428929263956734, 49.59540127711162 ], [ 5.430971712953224, 49.592384480045546 ], [ 5.428995149370379, 49.589196355843704 ], [ 5.439330787951453, 49.569802583128649 ], [ 5.453856943220801, 49.565967292860144 ], [ 5.446262856512074, 49.553389170802042 ], [ 5.441352531336299, 49.552139394404826 ], [ 5.442548974501552, 49.550272119396944 ], [ 5.465261229335955, 49.536307726131156 ], [ 5.464030343751353, 49.526199349813716 ], [ 5.447196704778724, 49.517881411050702 ], [ 5.463425146696228, 49.50896574494147 ], [ 5.466285113139453, 49.498926746656522 ], [ 5.470910562309612, 49.497214004328988 ], [ 5.484814750254646, 49.506685869498092 ], [ 5.526401168722605, 49.511392240466925 ], [ 5.531455666822166, 49.512518688727837 ], [ 5.533446889025263, 49.513412250545031 ], [ 5.542475260916023, 49.516972871118888 ], [ 5.55398287987622, 49.527871949474289 ], [ 5.569193374966605, 49.527343833496417 ], [ 5.59382568052281, 49.521361296770287 ], [ 5.60710225005, 49.5069858227072 ], [ 5.61098415884341, 49.505931102568169 ], [ 5.617419679521615, 49.514352921595979 ], [ 5.621110589411244, 49.520648636770105 ], [ 5.61795821137699, 49.53034727571896 ], [ 5.628092322715349, 49.538059062958681 ], [ 5.632797885525038, 49.539557590593759 ], [ 5.632922229586385, 49.543061768104479 ], [ 5.645202916675375, 49.549691441171611 ], [ 5.660805927863338, 49.552353557945196 ], [ 5.669230534098087, 49.5485087415206 ], [ 5.679833234434567, 49.548292974118681 ], [ 5.698122560575361, 49.542339388159967 ], [ 5.701263034650717, 49.539517860257448 ], [ 5.721682428501961, 49.541012716751929 ], [ 5.730060870876851, 49.544475320128655 ], [ 5.742718044368581, 49.539270942106299 ], [ 5.757155410124201, 49.542567575717946 ], [ 5.758513219355593, 49.559100675063569 ], [ 5.772744497233694, 49.562553084851672 ], [ 5.815257456157443, 49.54493791438945 ], [ 5.810481995069827, 49.543537887451208 ], [ 5.815282004112991, 49.539334892756493 ], [ 5.817198950777845, 49.536997230903502 ], [ 5.836172714201341, 49.54177982989988 ], [ 5.844180625786088, 49.529667751845281 ], [ 5.835261375459572, 49.526522265060542 ], [ 5.836045648985664, 49.519957038662632 ], [ 5.86401168112962, 49.501250218044603 ], [ 5.888261062556604, 49.497338148507595 ], [ 5.893401589220522, 49.496918731514739 ], [ 5.911798165918243, 49.501631361801159 ], [ 5.931451419536081, 49.498774250196618 ], [ 5.936199909407793, 49.499954370047796 ], [ 5.945433857195012, 49.499640347689471 ], [ 5.951237266668329, 49.494894369634117 ], [ 5.955344744582982, 49.493328274065306 ], [ 5.970201351495959, 49.490221870938711 ], [ 5.974236282569299, 49.466414700239639 ], [ 5.985664526925183, 49.45954972031938 ], [ 5.979316099672002, 49.454048722725773 ], [ 5.982054421729599, 49.451067155715997 ], [ 6.001038969756709, 49.455580897614503 ], [ 6.025685727177103, 49.453546325379776 ], [ 6.027221812107541, 49.450341864779254 ], [ 6.037181137313654, 49.448680258530729 ], [ 6.042151281888355, 49.447808904637618 ], [ 6.056343603019172, 49.465404565578609 ], [ 6.076591642524234, 49.463605588038583 ], [ 6.086263906535822, 49.455758946942247 ], [ 6.095623216544668, 49.452848549228285 ], [ 6.100813289621163, 49.452886623671432 ], [ 6.099041049279653, 49.463320936862402 ], [ 6.10291930662806, 49.469733764960026 ], [ 6.122158725386621, 49.474501179870771 ], [ 6.129603483876077, 49.491138006052552 ], [ 6.13998644336807, 49.489547142552695 ], [ 6.144611624503042, 49.487736182766675 ], [ 6.157536507504485, 49.493156597536455 ], [ 6.156763905468995, 49.50283694430378 ], [ 6.175179341288442, 49.508733009337234 ], [ 6.179634072402429, 49.507060149577633 ], [ 6.211438931077468, 49.50631146498953 ], [ 6.216733217184862, 49.506818678436424 ], [ 6.217000592129093, 49.50998674078847 ], [ 6.22639445777848, 49.50999787888361 ], [ 6.23563861912906, 49.508069394971329 ], [ 6.242694059418337, 49.512180376366786 ], [ 6.276153824089486, 49.503535784380993 ], [ 6.27948299863068, 49.49748194173344 ], [ 6.280569191459831, 49.494160290455042 ], [ 6.294515499564781, 49.487026362278776 ], [ 6.299230983707864, 49.488211350248179 ], [ 6.295624908507998, 49.481715888098044 ], [ 6.319860785629728, 49.47709597878783 ], [ 6.331354069068094, 49.469961659526788 ], [ 6.333777653066821, 49.466890384906556 ], [ 6.343425903541021, 49.468378537452239 ], [ 6.347110209177774, 49.46602779908968 ], [ 6.351247790069366, 49.467037831636766 ], [ 6.360962714850651, 49.461299048356302 ], [ 6.364391072331419, 49.459485597794654 ], [ 6.368856903084708, 49.459820205690598 ], [ 6.367599248063411, 49.466539186387976 ], [ 6.403200151965123, 49.465957609354824 ], [ 6.422406831370689, 49.476013694625429 ], [ 6.431843009017014, 49.474460209025956 ], [ 6.436885649994299, 49.468937468059529 ], [ 6.440433357293579, 49.466668618506269 ], [ 6.453939912373881, 49.46389104816911 ], [ 6.468186133224034, 49.46473429668476 ], [ 6.481532240428637, 49.45492287312706 ], [ 6.484898961849948, 49.452468878882925 ], [ 6.500554584520821, 49.449722959987746 ], [ 6.53029580615909, 49.435291694724341 ], [ 6.535419161701173, 49.434161423812149 ], [ 6.554641052603302, 49.419049688603963 ], [ 6.538352104870509, 49.411006869803877 ], [ 6.540528347724292, 49.401145041619635 ], [ 6.551364140226692, 49.397138291144309 ], [ 6.55233983075242, 49.394095454188928 ], [ 6.584599794328006, 49.384433379927195 ], [ 6.585931658273093, 49.3708970567885 ], [ 6.596177391403511, 49.369233868661617 ], [ 6.598570366910261, 49.363052946370061 ], [ 6.587068453977007, 49.351598510005431 ], [ 6.574899162169773, 49.358050960598852 ], [ 6.569626628630385, 49.357702985312372 ], [ 6.564997675826969, 49.356103069262396 ], [ 6.56538040302655, 49.349289277843901 ], [ 6.577572716696589, 49.338418907500859 ], [ 6.578704443937542, 49.335083022321143 ], [ 6.592111772064347, 49.33364110457179 ], [ 6.590861306715452, 49.324976881400538 ], [ 6.588885366759619, 49.322102158163887 ], [ 6.615992292813295, 49.302683983490581 ], [ 6.62862904660479, 49.298633110530474 ], [ 6.631761883665701, 49.296028164518781 ], [ 6.640485256106043, 49.293686500555864 ], [ 6.652021503481935, 49.284248776145773 ], [ 6.653230482366546, 49.281116465128825 ], [ 6.667845816612216, 49.280438907778937 ], [ 6.660752794293516, 49.260721000251053 ], [ 6.661529999820194, 49.257331625642401 ], [ 6.665016006673388, 49.254723850694027 ], [ 6.680232183737238, 49.25428725975484 ], [ 6.688785362077088, 49.246223154959502 ], [ 6.685103134031003, 49.243743899715568 ], [ 6.692921494564438, 49.217549095856846 ], [ 6.697286328518719, 49.215570202372113 ], [ 6.722114564966939, 49.219422555602087 ], [ 6.730622594901464, 49.206712099448275 ], [ 6.712838405023865, 49.189558279560075 ], [ 6.717530368752584, 49.179756080486904 ], [ 6.719746585707956, 49.17659145585516 ], [ 6.726909320278314, 49.171779597102585 ], [ 6.730152795972305, 49.169167944542458 ], [ 6.743224935863092, 49.164297679871567 ], [ 6.747885272170848, 49.165916743571067 ], [ 6.773788441482377, 49.167645343585143 ], [ 6.784133792160286, 49.168148519993018 ], [ 6.829631525880659, 49.152667163778965 ], [ 6.834462614278524, 49.151379093614132 ], [ 6.840668476485165, 49.15419654655291 ], [ 6.843840626271128, 49.15551743383427 ], [ 6.847700510053309, 49.157410333599408 ], [ 6.845309618653943, 49.160142165615042 ], [ 6.844707817143187, 49.172916141547688 ], [ 6.858743910560575, 49.175752324013857 ], [ 6.860935369142823, 49.178625436013967 ], [ 6.861286646496487, 49.182043622398403 ], [ 6.850139922956533, 49.193517026473103 ], [ 6.851165165663166, 49.20046000079882 ], [ 6.841082475717293, 49.208585825585814 ], [ 6.840444104315638, 49.214231685075575 ], [ 6.858445475474115, 49.221631064765326 ], [ 6.879987127914925, 49.21259520354797 ], [ 6.884807711363716, 49.211107646186008 ], [ 6.894287742459846, 49.210198387177478 ], [ 6.924295612834027, 49.223077131934112 ], [ 6.934805251789757, 49.222131197373095 ], [ 6.940357488543043, 49.216548921173256 ], [ 6.943566946225514, 49.213770475628927 ], [ 6.950209622723771, 49.208638000006871 ], [ 6.953543483737124, 49.206062186034949 ], [ 6.95756087571477, 49.203805855617233 ], [ 6.976574946741916, 49.20864336894406 ], [ 6.996648315060673, 49.197455739315359 ], [ 6.998807107194946, 49.194287420465251 ], [ 7.008091381402926, 49.193744606972452 ], [ 7.013078472420784, 49.188627375435999 ], [ 7.01543969958666, 49.191267228023825 ], [ 7.020264178248079, 49.192726553771827 ], [ 7.033706048082251, 49.188261942165632 ], [ 7.028265540564699, 49.171313045698774 ], [ 7.046367826104129, 49.131904794779565 ], [ 7.045659112863651, 49.128453603118238 ], [ 7.045846098772991, 49.118382223189101 ], [ 7.057567930750496, 49.112540322385478 ], [ 7.067036074015215, 49.115227268363775 ], [ 7.071995089756619, 49.124746522446976 ], [ 7.085937028069689, 49.129153038907241 ], [ 7.089675755857298, 49.131501722462602 ], [ 7.080470461343021, 49.14247387462472 ], [ 7.082144691649352, 49.153436424528095 ], [ 7.103086953824985, 49.154614415386995 ], [ 7.110838600609258, 49.150424472658038 ], [ 7.103630881922321, 49.145376925412251 ], [ 7.10423924193516, 49.138684985821826 ], [ 7.124926138267965, 49.141200179278478 ], [ 7.130930988001168, 49.135628169236234 ], [ 7.131684927095262, 49.132181056077172 ], [ 7.135634149544956, 49.129749445289285 ], [ 7.158799069868923, 49.120775187880405 ], [ 7.16408073304508, 49.126921752742632 ], [ 7.184878292150729, 49.129629855030032 ], [ 7.196065693331104, 49.122081984108029 ], [ 7.198331807843667, 49.115178036865167 ], [ 7.201847189484123, 49.11759423579705 ], [ 7.211110119620372, 49.124896217465484 ], [ 7.245445986386592, 49.129711990744845 ], [ 7.249111236509764, 49.127394533319674 ], [ 7.279324912348359, 49.123270283648566 ], [ 7.283683035364197, 49.117577442645626 ], [ 7.29340045771601, 49.115159683732855 ], [ 7.30203521107234, 49.121514098626371 ], [ 7.304114111229403, 49.12407793480579 ], [ 7.31368596199374, 49.136538926792859 ], [ 7.325955217430657, 49.143445585638716 ], [ 7.362774563846758, 49.145176768655517 ], [ 7.362421323458931, 49.148476218837004 ], [ 7.366178006541963, 49.172012391053997 ], [ 7.376353023114102, 49.174271950698852 ], [ 7.38150552143617, 49.175272990832347 ], [ 7.445343563380005, 49.184718329224239 ], [ 7.446640685294567, 49.182869467924093 ], [ 7.43490931888253, 49.177899634782257 ], [ 7.443693256995594, 49.171110127149291 ], [ 7.433546798667601, 49.16777454437095 ], [ 7.438599941021801, 49.164409506629639 ], [ 7.4505575119609, 49.168208954491647 ], [ 7.456797979656989, 49.164132813759728 ], [ 7.475832857463115, 49.168765985558515 ], [ 7.491342992297492, 49.168512064632075 ], [ 7.495108549647377, 49.158429693663059 ], [ 7.503565461465846, 49.150530832005416 ], [ 7.48980381689177, 49.14002296108761 ], [ 7.489582983498186, 49.136528120549947 ], [ 7.49856196603594, 49.13356285347384 ], [ 7.504946744742289, 49.124138076606734 ], [ 7.51782967094043, 49.11877338312167 ], [ 7.521466195720418, 49.108883336569662 ], [ 7.523859918979872, 49.105821292384682 ], [ 7.531179053158297, 49.097133886700846 ], [ 7.558859709176142, 49.082378942053523 ], [ 7.568486160395937, 49.079905580106391 ], [ 7.604695074631916, 49.081746775906858 ], [ 7.630777418409051, 49.070737080562424 ], [ 7.632307798766159, 49.057032485657842 ], [ 7.635286252333697, 49.054170331242467 ], [ 7.671083820314851, 49.045972684135201 ], [ 7.691726173875188, 49.049220638594818 ], [ 7.697077434910625, 49.049749893916221 ], [ 7.69584828055664, 49.056301408706737 ], [ 7.720645873838958, 49.052734293326743 ], [ 7.730602265881605, 49.054459005540451 ], [ 7.732229514556344, 49.044360193628577 ], [ 7.737334631918454, 49.044744229764447 ], [ 7.766453510411168, 49.046680643386878 ], [ 7.778385318800946, 49.057637252760941 ], [ 7.788753732441776, 49.058593174712243 ], [ 7.799933815678385, 49.064163946959361 ], [ 7.832946054038646, 49.047713985552029 ], [ 7.847330885951796, 49.043701385274488 ], [ 7.852164058488856, 49.038091786655734 ], [ 7.855489869736038, 49.035416746078276 ], [ 7.859629995094014, 49.035294121972058 ], [ 7.867407863156962, 49.033492285163192 ], [ 7.870724787581851, 49.036276499891422 ], [ 7.890090550113803, 49.047947881870058 ], [ 7.915270657052897, 49.041909834120965 ], [ 7.920272634241346, 49.043209298242282 ], [ 7.937040105229903, 49.056232385060198 ], [ 7.965415254153431, 49.040484270426568 ], [ 7.976319364777962, 49.02830187560928 ], [ 7.997337531485146, 49.028022480515936 ], [ 8.020573693476862, 49.019375354146327 ], [ 8.051136442074229, 49.012757525797795 ], [ 8.068136470228737, 48.999308133979603 ], [ 8.086944560107353, 48.990563777515703 ], [ 8.091376040143516, 48.989258216915019 ], [ 8.128978534771923, 48.983058767054807 ], [ 8.132861949772067, 48.981072181834683 ], [ 8.147114141791253, 48.977486927254411 ], [ 8.162481067111255, 48.977420386866036 ], [ 8.193517454593481, 48.976475248615316 ], [ 8.202865900103513, 48.969355751297719 ], [ 8.221430767806325, 48.975243666913215 ], [ 8.230294974643313, 48.967295826210183 ], [ 8.201638298346554, 48.959153571379218 ], [ 8.189310425609182, 48.948225389153166 ], [ 8.187146829524165, 48.945056847257021 ], [ 8.184988871522844, 48.941942095759842 ], [ 8.168506064771439, 48.924505026370518 ], [ 8.165527908535537, 48.921785855798269 ], [ 8.141568344543655, 48.896070572440266 ], [ 8.123191497901423, 48.868120089763408 ], [ 8.121444206127217, 48.864941611585166 ], [ 8.108216993915311, 48.835263034474615 ], [ 8.107298674435826, 48.828407929708732 ], [ 8.106525277626933, 48.825115466238451 ], [ 8.087015537833365, 48.802011575322666 ], [ 8.083462241268144, 48.799432215341788 ], [ 8.062412842381024, 48.78918770683503 ], [ 8.041571217182756, 48.790727868880055 ], [ 8.031856127590691, 48.78814587902847 ], [ 8.017477073617917, 48.762751552287646 ], [ 7.982993512079799, 48.761087986428336 ], [ 7.978115025079537, 48.760246315511495 ], [ 7.968759902657639, 48.753048426989572 ], [ 7.967702336434637, 48.729787578380602 ], [ 7.966976379893499, 48.726312142387762 ], [ 7.924600903513755, 48.690535861798963 ], [ 7.921391147886764, 48.687964916326287 ], [ 7.89625145519963, 48.66721015552821 ], [ 7.892999661945272, 48.664595180469504 ], [ 7.845043728482685, 48.645532044035718 ], [ 7.83592277664938, 48.633674012774812 ], [ 7.834842034826757, 48.630221337792293 ], [ 7.830463708924884, 48.62006257328197 ], [ 7.805009461533841, 48.593192904265692 ], [ 7.800177080929047, 48.583168586340861 ], [ 7.805467571455921, 48.558838466082896 ], [ 7.805161949236726, 48.513500732446616 ], [ 7.793973719480336, 48.501669126078674 ], [ 7.771475464412513, 48.492436896930506 ], [ 7.768410179418001, 48.489892451195821 ], [ 7.766162146038956, 48.463972727493712 ], [ 7.763981521551028, 48.4538400582341 ], [ 7.753418554693885, 48.434607468119324 ], [ 7.751579310040548, 48.431346522379826 ], [ 7.733546806613039, 48.398685116455049 ], [ 7.730965954524616, 48.382204598962616 ], [ 7.735052400087259, 48.365844901130927 ], [ 7.736098542648456, 48.362594394977009 ], [ 7.73721921959237, 48.359422000891342 ], [ 7.743502896203334, 48.340332696471428 ], [ 7.744637131850773, 48.336871173723047 ], [ 7.744002202773475, 48.326387094658408 ], [ 7.738099325973584, 48.320575775409495 ], [ 7.705078493320359, 48.309636294178787 ], [ 7.693936762541995, 48.302120548155578 ], [ 7.680779275063895, 48.257323703572993 ], [ 7.679568700137098, 48.254180935046321 ], [ 7.678301171141831, 48.250851127493 ], [ 7.66615116492259, 48.221100811566664 ], [ 7.641849864158217, 48.203996190962577 ], [ 7.637130651729072, 48.195871355564208 ], [ 7.635272923851501, 48.192681486345187 ], [ 7.613793357836401, 48.169665055686323 ], [ 7.599499634121482, 48.155630752544035 ], [ 7.598897621277625, 48.135427870805266 ], [ 7.580142969538858, 48.124440803766646 ], [ 7.577859342531649, 48.121392856503647 ], [ 7.577109107206784, 48.118483593758384 ], [ 7.579774552399214, 48.106842575716335 ], [ 7.575988861873336, 48.09390190951936 ], [ 7.569674911598505, 48.084214064772922 ], [ 7.573386153261873, 48.059633506800843 ], [ 7.568590049165842, 48.036338588632319 ], [ 7.575301149924691, 48.027532367725975 ], [ 7.578458485322441, 48.024885520519092 ], [ 7.605850994572252, 48.00335305308348 ], [ 7.608582759609926, 48.000325283290358 ], [ 7.622157237439382, 47.973658776544774 ], [ 7.606746197266808, 47.951285857104871 ], [ 7.603342642656289, 47.948561692931307 ], [ 7.599898312652273, 47.946136522195317 ], [ 7.582633896721869, 47.929891253383275 ], [ 7.580515934526323, 47.923852969393728 ], [ 7.580987149586202, 47.920769574874271 ], [ 7.583459718420041, 47.901435469578423 ], [ 7.582515312905528, 47.898263087206317 ], [ 7.556152920219032, 47.877573629676249 ], [ 7.555642420460003, 47.870534879351652 ], [ 7.556105591022269, 47.86719040646382 ], [ 7.563369209239025, 47.851167786996257 ], [ 7.562403255941556, 47.841018459049998 ], [ 7.545847714588939, 47.81265177821782 ], [ 7.544378205905841, 47.809553548556984 ], [ 7.541059844106557, 47.803452887635878 ], [ 7.530228253735433, 47.783444408615765 ], [ 7.531570275885147, 47.769373895264906 ], [ 7.533371431322183, 47.766031599782892 ], [ 7.53821232460405, 47.757261380686714 ], [ 7.539848064608009, 47.754340053567795 ], [ 7.548325881604244, 47.738729566261007 ], [ 7.547199878433359, 47.72883831916441 ], [ 7.538457927608181, 47.717052227561894 ], [ 7.534945968803338, 47.714718305539819 ], [ 7.517210463309248, 47.704857124377291 ], [ 7.513752001020247, 47.702818057901787 ], [ 7.512126938273298, 47.696092223249451 ], [ 7.519797930523807, 47.683417434013677 ], [ 7.521763734380326, 47.663011190617723 ], [ 7.524674068728646, 47.660193744480125 ], [ 7.537290346969867, 47.64959742998235 ], [ 7.564569667381101, 47.634568036987723 ], [ 7.567355007841549, 47.631736194941816 ], [ 7.569510863149164, 47.628721554363587 ], [ 7.574324358820218, 47.615802100068152 ], [ 7.593035844848655, 47.600820973461772 ], [ 7.592744055654579, 47.597586559664997 ], [ 7.584266162607233, 47.575712756113369 ], [ 7.574802363624133, 47.576138679052782 ], [ 7.565024732911751, 47.576323662655774 ], [ 7.557756561430111, 47.571567981220504 ], [ 7.55176911327688, 47.563380763729462 ], [ 7.547565799035977, 47.561732597527545 ], [ 7.517362820046511, 47.545767703626389 ], [ 7.507876091951605, 47.544755720810713 ], [ 7.504502653504082, 47.542965787357709 ], [ 7.499111440545363, 47.538242351639646 ], [ 7.499031138583051, 47.535234086440092 ], [ 7.502446726396213, 47.528844920251487 ], [ 7.520962669335888, 47.533393073556702 ], [ 7.530015374335464, 47.526324174147668 ], [ 7.523452061664464, 47.5170400652419 ], [ 7.508542426714824, 47.515580691342869 ], [ 7.500922805133304, 47.518499203854553 ], [ 7.497798337099137, 47.521225603251565 ], [ 7.498597181945144, 47.517750577696965 ], [ 7.508729500690068, 47.509911250603849 ], [ 7.509519973793835, 47.499566013538086 ], [ 7.489963310657768, 47.483741264805907 ], [ 7.480658370157234, 47.480791002769941 ], [ 7.470657274589937, 47.48159044658 ], [ 7.464232380370407, 47.486994319952018 ], [ 7.454618831717598, 47.489427388632748 ], [ 7.438881170102716, 47.496294762858753 ], [ 7.434762802735294, 47.497966414670387 ], [ 7.421954042313812, 47.483523624474394 ], [ 7.421224587469309, 47.480170416517751 ], [ 7.431159559910435, 47.481460419506739 ], [ 7.453484634447722, 47.473575570083256 ], [ 7.444629910862784, 47.46191388215788 ], [ 7.430066591745788, 47.45927782390352 ], [ 7.422546620250425, 47.447753140765137 ], [ 7.403802207958061, 47.437690578121469 ], [ 7.400343883532324, 47.435387240759169 ], [ 7.386297665366162, 47.431969130595348 ], [ 7.35614889407292, 47.434238731702571 ], [ 7.338910856520212, 47.44057211976294 ], [ 7.328806759640688, 47.440840550149197 ], [ 7.324561308733348, 47.438952041836892 ], [ 7.303975511478328, 47.438255422831041 ], [ 7.245486976241663, 47.420194311689116 ], [ 7.244339983047694, 47.42733997039192 ], [ 7.236761148790824, 47.43027582236239 ], [ 7.235902018241212, 47.436878950178141 ], [ 7.227923652199993, 47.439657421427292 ], [ 7.210451555486266, 47.436117620638839 ], [ 7.206223183077102, 47.43489142467164 ], [ 7.196511889426776, 47.435747166889271 ], [ 7.172161933684982, 47.445502687031073 ], [ 7.178251165329536, 47.458138623282821 ], [ 7.177992991669145, 47.468108773764712 ], [ 7.187729611499515, 47.483461747429288 ], [ 7.197923081136125, 47.490161769717858 ], [ 7.202312979051688, 47.491698058570051 ], [ 7.198164745738456, 47.49357851337259 ], [ 7.163992286373631, 47.490109619250362 ], [ 7.130345969302942, 47.503026582392046 ], [ 7.142173394204372, 47.525024031346121 ], [ 7.137885353811495, 47.530656874241281 ], [ 7.136668309608197, 47.533674663614214 ], [ 7.132810108131837, 47.539201850089718 ], [ 7.131576553954342, 47.540291199034414 ], [ 7.12802170040221, 47.541832365784934 ], [ 7.118633398383313, 47.547311425154398 ], [ 7.114064393541836, 47.547968583834091 ], [ 7.10621565261163, 47.551337086807997 ], [ 7.107617665010189, 47.553640214757202 ], [ 7.107531779933873, 47.55858266446009 ], [ 7.108258806564376, 47.561801910203584 ], [ 7.102382887293472, 47.570598710001853 ], [ 7.094360710703056, 47.573494628051243 ], [ 7.092879679845488, 47.57693566096728 ], [ 7.088723760037314, 47.583544035493581 ], [ 7.086323684741392, 47.58490805736777 ], [ 7.086786738849519, 47.587649894963683 ], [ 7.085388396578593, 47.593052768695401 ], [ 7.081668319004867, 47.594760337646967 ], [ 7.078390891334227, 47.596857894154709 ], [ 7.074772030542214, 47.598850104828458 ], [ 7.074506229333341, 47.598859390304284 ], [ 7.041412251968874, 47.599821466466018 ], [ 7.025380219142367, 47.592381411390072 ], [ 7.02436204433859, 47.589126840998638 ], [ 7.019563096856302, 47.588382045669142 ], [ 7.019478565740803, 47.593981951133237 ], [ 7.009212608036158, 47.599391468904031 ], [ 7.006715563632884, 47.601451062504005 ], [ 7.011232758470325, 47.605703056484202 ], [ 7.00764708444187, 47.607466610789579 ], [ 7.006179174757824, 47.61933266560505 ], [ 7.007600520893648, 47.621573075913631 ], [ 7.006924692931504, 47.626418049567185 ], [ 7.010525076946669, 47.630151790700182 ], [ 7.016566869598203, 47.6450492051734 ], [ 7.017172325260463, 47.648128707590054 ], [ 7.019805334989483, 47.650678774399644 ], [ 7.034478362269503, 47.649460674150752 ], [ 7.039244101810811, 47.650395445844993 ], [ 7.037741407493142, 47.65344865004684 ], [ 7.03523665432686, 47.659654833936642 ], [ 7.045281826570259, 47.670374857002599 ], [ 7.041660150105926, 47.672410910452029 ], [ 7.037637450519073, 47.675145658816156 ], [ 7.039996632062138, 47.678101332198558 ], [ 7.045892655005104, 47.683340891323013 ], [ 7.038634267980653, 47.687945083661106 ], [ 7.03634238957435, 47.69222410774158 ], [ 7.03865241876098, 47.692585902738756 ], [ 7.035735932313569, 47.694966825153536 ], [ 7.027565261265227, 47.705369648742568 ], [ 7.029376365230569, 47.708659832343159 ], [ 7.03741787750652, 47.721558460741591 ], [ 7.035193460318246, 47.724104634915868 ], [ 7.032078754918176, 47.726185782777733 ], [ 7.029399659841141, 47.728377998856352 ], [ 7.020600787076793, 47.734439671555009 ], [ 7.018794033938739, 47.737403694930585 ], [ 7.01577782732496, 47.743464323579452 ], [ 7.011684723411431, 47.741631127463343 ], [ 6.998425443186269, 47.745825137349165 ], [ 6.993443664236131, 47.74674331416945 ], [ 6.974542419133374, 47.751469422804675 ], [ 6.938479126596746, 47.770820374661007 ], [ 6.923451893165135, 47.770063509793346 ], [ 6.922358322197791, 47.772091696505449 ], [ 6.918969784915133, 47.773998483126881 ], [ 6.907545836916493, 47.777714635613385 ], [ 6.902091832797494, 47.776445762225052 ], [ 6.891696237396048, 47.778341797890327 ], [ 6.887429639766592, 47.779961412235444 ], [ 6.864959499976705, 47.784607271907831 ], [ 6.862196895571719, 47.787437800393917 ], [ 6.84296689915236, 47.813670428902569 ], [ 6.846179818400742, 47.822945196999214 ], [ 6.841830416710843, 47.824781922045581 ], [ 6.82353885454816, 47.813053724588563 ], [ 6.820459138066981, 47.815803346433974 ], [ 6.791946102445589, 47.83016438223224 ], [ 6.788986971838772, 47.834828374515006 ], [ 6.791101631781247, 47.837832521733823 ], [ 6.790661200178509, 47.84422609995228 ], [ 6.784952258300551, 47.849573494944352 ], [ 6.738163767223296, 47.862049066913762 ], [ 6.73729353759014, 47.865473557548611 ], [ 6.735246594420146, 47.864926105986093 ], [ 6.730734217611713, 47.866448276982631 ], [ 6.710113221572093, 47.875823978468169 ], [ 6.703674079511477, 47.881424298066285 ], [ 6.699113033782639, 47.882279988789641 ], [ 6.691324611220637, 47.885840875064652 ], [ 6.689376616719101, 47.887298640020326 ], [ 6.686831553125478, 47.888261589977525 ], [ 6.683083745325971, 47.890424475111232 ], [ 6.669323797694872, 47.893288195883841 ], [ 6.645202637536648, 47.904085429978728 ], [ 6.639864067823315, 47.910053058618253 ], [ 6.640878327692112, 47.917021718028245 ], [ 6.629285566266584, 47.928182581189056 ], [ 6.61250243493228, 47.936042447416888 ], [ 6.610445247573251, 47.938907477082182 ], [ 6.605983463364059, 47.944467883935708 ], [ 6.601244258410251, 47.944379071888314 ], [ 6.59635831365014, 47.943312607494647 ], [ 6.568707770014936, 47.934498803947221 ], [ 6.558255300497129, 47.922969635373029 ], [ 6.555909088751356, 47.919959757102973 ], [ 6.542013717784274, 47.902533685640279 ], [ 6.537051851879521, 47.90225993691206 ], [ 6.503443600747436, 47.896250449871779 ], [ 6.47826179705484, 47.885441771747374 ], [ 6.475807142812945, 47.888451281101098 ], [ 6.457046651646823, 47.9078329310084 ], [ 6.460947022343451, 47.917509941509302 ], [ 6.448608840610214, 47.922719435468856 ], [ 6.431921362286486, 47.943809696562624 ], [ 6.408419952934105, 47.943196931607069 ], [ 6.407328203504638, 47.946444394498187 ], [ 6.404507164730144, 47.952831628954627 ], [ 6.388352805848898, 47.960018394078737 ], [ 6.378690805699351, 47.958657266295077 ], [ 6.364992669189373, 47.962572334054563 ], [ 6.360996689454704, 47.9602546877937 ], [ 6.322461137559465, 47.950082550738017 ], [ 6.306804022388239, 47.950776550381171 ], [ 6.29282718912608, 47.955645741671091 ], [ 6.277333655412201, 47.953809178972108 ], [ 6.274023065347359, 47.951658716913904 ], [ 6.262957134579508, 47.946139020732872 ], [ 6.259912269820963, 47.944368103556897 ], [ 6.250767167050757, 47.939082213086358 ], [ 6.246110134739873, 47.939427190353726 ], [ 6.23798705817888, 47.932842101983447 ], [ 6.233409229970769, 47.933598729483506 ], [ 6.219608881804224, 47.935662191411211 ], [ 6.214423423157552, 47.930382055921775 ], [ 6.209344424843642, 47.931052384820667 ], [ 6.204514153167029, 47.93229214509752 ], [ 6.208137730995035, 47.942343974521684 ], [ 6.207055828520945, 47.945733074539532 ], [ 6.182055953348249, 47.956932781808675 ], [ 6.179247463524502, 47.954595028643048 ], [ 6.171045412623205, 47.952637092184673 ], [ 6.161246931402925, 47.95829610079803 ], [ 6.160789840632001, 47.96119950017102 ], [ 6.155256226352354, 47.964428449461899 ], [ 6.149584178308148, 47.96849842394996 ], [ 6.161293135773436, 47.972786345439935 ], [ 6.163942771275543, 47.975606125367435 ], [ 6.159123543356163, 47.99128982297254 ], [ 6.152863161707955, 47.99611414142511 ], [ 6.156057875262002, 48.006944059224672 ], [ 6.152408705421196, 48.009446596389765 ], [ 6.131397185816509, 48.02408441735875 ], [ 6.127380808663497, 48.022227936749594 ], [ 6.1143024221135, 48.018071884610862 ], [ 6.109234931642145, 48.012469113204922 ], [ 6.10459825374185, 48.013510201132895 ], [ 6.085548791404376, 48.01345308963657 ], [ 6.080853412987299, 48.012801660594597 ], [ 6.072221446713897, 48.015549073900154 ], [ 6.068036028687039, 48.01350592244156 ], [ 6.036863693612464, 48.001454689437359 ], [ 6.022306088822266, 47.987609671349695 ], [ 6.023003897678403, 47.97797353242359 ], [ 6.009431962015269, 47.96784804505527 ], [ 6.008770842341964, 47.961398777265657 ], [ 6.002262047573589, 47.956089699024979 ], [ 5.970777924185805, 47.957205159256311 ], [ 5.970446233561745, 47.953917448528287 ], [ 5.96890203591351, 47.947409299793286 ], [ 5.964593698936735, 47.946113204800362 ], [ 5.956055455264604, 47.938664482689632 ], [ 5.947634899409206, 47.936183387665793 ], [ 5.942522566619951, 47.936311578061847 ], [ 5.932627694246654, 47.937927917320458 ], [ 5.937566223475748, 47.950628555670953 ], [ 5.941547657405403, 47.95232105733745 ], [ 5.959702648428788, 47.966553342813597 ], [ 5.957967793484978, 47.969586882275493 ], [ 5.950300861182295, 47.973507893437564 ], [ 5.947534412840536, 47.979710055499986 ], [ 5.943046905245572, 47.979813485880072 ], [ 5.927390138955624, 47.974395928246011 ], [ 5.92133024712706, 47.971025575833906 ], [ 5.919171401609459, 47.967864275784997 ], [ 5.918042584312357, 47.947359782836166 ], [ 5.912835049126257, 47.946750563455872 ], [ 5.907548161509652, 47.94664738875931 ], [ 5.902822892609266, 47.945539496310083 ], [ 5.893410217787421, 47.937864897463193 ], [ 5.896862811869899, 47.931638024045874 ], [ 5.884726375202113, 47.926047148569488 ], [ 5.888908547476491, 47.913039339030135 ], [ 5.890457885032252, 47.909759176321728 ], [ 5.88918914189105, 47.907367890608874 ], [ 5.886493944742868, 47.902634182957556 ], [ 5.883190689995503, 47.900256824555655 ], [ 5.851352604159495, 47.90589756124546 ], [ 5.848193505884435, 47.903434705181105 ], [ 5.84509440481354, 47.897088937963311 ], [ 5.842544433727331, 47.894232936362229 ], [ 5.821859845711278, 47.869111435597119 ], [ 5.824675870389621, 47.859398646736643 ], [ 5.827301245433084, 47.854670452709946 ], [ 5.828521108403117, 47.851948335829327 ], [ 5.823562174080479, 47.852292986816963 ], [ 5.805624932822801, 47.847320146527473 ], [ 5.80109837585795, 47.846978088615636 ], [ 5.796619215179167, 47.849822703768112 ], [ 5.798882826583155, 47.855712371545707 ], [ 5.789061368510162, 47.855198903055893 ], [ 5.761191706403181, 47.859343486545917 ], [ 5.758831600021269, 47.856670396139997 ], [ 5.753406354287994, 47.85164681688012 ], [ 5.744204434055419, 47.848854724902324 ], [ 5.748488323801458, 47.829770927348441 ], [ 5.746056257349766, 47.823596127033348 ], [ 5.74334904616075, 47.821146989547643 ], [ 5.731428429854807, 47.817634115569213 ], [ 5.728007451580521, 47.818452249375042 ], [ 5.718715595636478, 47.821081631181961 ], [ 5.713645979381805, 47.821568345841889 ], [ 5.708478197062107, 47.821967053945741 ], [ 5.693678391937937, 47.821749809817675 ], [ 5.685750770911532, 47.812782355296306 ], [ 5.676611542335547, 47.779158255407637 ], [ 5.680107184813329, 47.777736487227614 ], [ 5.682246818079994, 47.775391094588748 ], [ 5.679969716046155, 47.769967881716482 ], [ 5.70335348386595, 47.769574389875856 ], [ 5.708914359626044, 47.764663857865365 ], [ 5.707806016843861, 47.76151950351985 ], [ 5.706342035425068, 47.751115755530073 ], [ 5.709419919989213, 47.744947651112867 ], [ 5.692377728066195, 47.736929634835739 ], [ 5.68964831112683, 47.733903440176867 ], [ 5.692494430707979, 47.727885164884121 ], [ 5.69589450675169, 47.725177167082791 ], [ 5.692511733208754, 47.724003269712 ], [ 5.685198449352327, 47.722694423865029 ], [ 5.687022696003807, 47.72022997516963 ], [ 5.684206441971076, 47.712279466183261 ], [ 5.693219827550648, 47.703957948348446 ], [ 5.694992784963186, 47.693641327558893 ], [ 5.693806030023823, 47.690219394238056 ], [ 5.692037658351185, 47.687162075220293 ], [ 5.675428329152814, 47.682563119329743 ], [ 5.667652482862501, 47.685478637253773 ], [ 5.663716373996276, 47.684910969165053 ], [ 5.659723167780346, 47.684533592763216 ], [ 5.659333921743551, 47.681543493155758 ], [ 5.653261271513545, 47.67716055405895 ], [ 5.648860722455142, 47.675549257254843 ], [ 5.629558047392904, 47.676741639128664 ], [ 5.615389877608559, 47.673340177183753 ], [ 5.606094142616107, 47.675204889081513 ], [ 5.60234035982554, 47.675063391217741 ], [ 5.596813676190795, 47.671647088442981 ], [ 5.585264884300948, 47.690571752557361 ], [ 5.583657359237879, 47.70088259484347 ], [ 5.575158976001073, 47.704735285515063 ], [ 5.571029337067954, 47.706798341938587 ], [ 5.567389257559025, 47.70712145901436 ], [ 5.565433204064695, 47.703904427023183 ], [ 5.530594301507151, 47.674009294848894 ], [ 5.510298089620041, 47.674230871736341 ], [ 5.506625643423465, 47.676660087980402 ], [ 5.502300665767907, 47.677410151687425 ], [ 5.482769853452175, 47.684643612237863 ], [ 5.478993585434718, 47.682301356107502 ], [ 5.469339702098669, 47.674833270773078 ], [ 5.444412543131321, 47.670890726759581 ], [ 5.434216852505902, 47.671256623355376 ], [ 5.421266862621906, 47.676442390623023 ], [ 5.406486225793119, 47.673622917677406 ], [ 5.398975346947878, 47.653074797481544 ], [ 5.401685565071911, 47.648444530635821 ], [ 5.405615948380384, 47.648129525689313 ], [ 5.403200244213377, 47.645090494935019 ], [ 5.387811707510987, 47.636211886944729 ], [ 5.374919756207661, 47.621355200034913 ], [ 5.374078595885616, 47.604541652785841 ], [ 5.365785587919037, 47.602791934298416 ], [ 5.358711884196062, 47.594272118916493 ], [ 5.355722631840178, 47.591693978316947 ], [ 5.342323782120141, 47.596691398555642 ], [ 5.343756122400072, 47.603542553881823 ], [ 5.337818289265562, 47.60902865997226 ], [ 5.333294303780532, 47.610632022795912 ], [ 5.323299581794979, 47.611993014080063 ], [ 5.316021315178829, 47.607220916633985 ], [ 5.306356648295071, 47.607277200833671 ], [ 5.278141622260313, 47.58825459310404 ], [ 5.277900851417146, 47.581361486205196 ], [ 5.27326148236963, 47.580551476655273 ], [ 5.256230376205997, 47.576550708574594 ], [ 5.239655571333654, 47.597653247118302 ], [ 5.256009710994274, 47.619219904336639 ], [ 5.258600652410209, 47.622222420263171 ], [ 5.246325934701725, 47.620135997433529 ], [ 5.242875146546892, 47.618203293212432 ], [ 5.240284836761936, 47.616776254354669 ], [ 5.23694216535616, 47.616777314657227 ], [ 5.237409374969626, 47.620298198308255 ], [ 5.211364553557775, 47.641657900088148 ], [ 5.188387700869606, 47.649609301546185 ], [ 5.176227322844171, 47.651385202206711 ], [ 5.173409890810857, 47.653535656128277 ], [ 5.178340930532252, 47.680951862214251 ], [ 5.173442140751385, 47.680817942100411 ], [ 5.160200988724014, 47.678155040074905 ], [ 5.155672989816432, 47.668388071667437 ], [ 5.136232521195891, 47.651952258844346 ], [ 5.127204946257837, 47.648461273537471 ], [ 5.117441326589467, 47.650565535813186 ], [ 5.116859294245957, 47.652016747570002 ], [ 5.107397590419819, 47.651332405009441 ], [ 5.102370703118877, 47.657338660372318 ], [ 5.082662386481591, 47.659447384173269 ], [ 5.076587055930885, 47.664975903075877 ], [ 5.067122973702002, 47.667367660425938 ], [ 5.062023823955421, 47.667178618717458 ], [ 5.052569088432964, 47.669839127802426 ], [ 5.046803814367603, 47.675567635497089 ], [ 5.056238156673408, 47.694814264640556 ], [ 5.031233570309253, 47.694134835119655 ], [ 5.033098557706813, 47.707715964047814 ], [ 5.029154279179683, 47.709927319724486 ], [ 5.008993002410035, 47.700956644949628 ], [ 5.004009587315704, 47.700375882261667 ], [ 5.00209889816691, 47.693538866950107 ], [ 4.993925013309156, 47.689284780629102 ], [ 4.968570473183173, 47.687328478217438 ], [ 4.971371409563678, 47.690234447038691 ], [ 4.956705660950273, 47.699745369313739 ], [ 4.953758878806218, 47.70631311744048 ], [ 4.956914000493714, 47.709051428038833 ], [ 4.964211683746344, 47.713421810247844 ], [ 4.964464377805212, 47.722808095099182 ], [ 4.97080102868558, 47.727824441662854 ], [ 4.971535369793364, 47.731080285732581 ], [ 4.96444063144412, 47.734827939627181 ], [ 4.960496207439649, 47.732814325565549 ], [ 4.965073643245581, 47.742218011361381 ], [ 4.958989456059425, 47.761874953275694 ], [ 4.954453741595465, 47.762716019989369 ], [ 4.946346926197881, 47.765957130048982 ], [ 4.939113930571174, 47.762052754259592 ], [ 4.92477501988628, 47.7606237818339 ], [ 4.921426512603418, 47.765882537153402 ], [ 4.916800007546219, 47.766822651059286 ], [ 4.920816024395105, 47.76783720508665 ], [ 4.921896500731283, 47.775940179495755 ], [ 4.917958002519535, 47.777094101753377 ], [ 4.939148483926462, 47.783893554223454 ], [ 4.943088985589675, 47.785718882134695 ], [ 4.947261031703953, 47.786928028156943 ], [ 4.955365575927451, 47.78971900317741 ], [ 4.986103258689579, 47.803597796730187 ], [ 4.992111334873384, 47.813444134606939 ], [ 4.994125369238139, 47.81974797676024 ], [ 4.990219996420165, 47.821119777799076 ], [ 4.984920940788621, 47.825269941539439 ], [ 4.984281185566464, 47.824605554577111 ], [ 4.984618803644969, 47.827561792047206 ], [ 4.973256388719824, 47.831201681508844 ], [ 4.961535956302886, 47.840761245379888 ], [ 4.962141435937732, 47.854264198234929 ], [ 4.954094249598077, 47.866768148083516 ], [ 4.944541097633287, 47.866386717457189 ], [ 4.927456338700798, 47.871547997971412 ], [ 4.928136462345659, 47.886967033594885 ], [ 4.923381244625156, 47.892401474918991 ], [ 4.919541730364354, 47.89430980748957 ], [ 4.916130890745448, 47.896976209591855 ], [ 4.9059609400007, 47.916469588430701 ], [ 4.903607450804827, 47.919550497165275 ], [ 4.894663403576391, 47.922602815545702 ], [ 4.874585979084054, 47.919522185145262 ], [ 4.856782652696382, 47.895634337597393 ], [ 4.853034165306533, 47.897539009631089 ], [ 4.834024121912728, 47.906794597389855 ], [ 4.829473792081284, 47.912284802678819 ], [ 4.829962663214945, 47.915589922511408 ], [ 4.845857457235848, 47.922902861997031 ], [ 4.865209625773096, 47.941564346535039 ], [ 4.863158116857697, 47.944567532846584 ], [ 4.856120626737971, 47.953275705036681 ], [ 4.845032699657948, 47.960426699376868 ], [ 4.819692408053305, 47.962469045472012 ], [ 4.810958911736555, 47.959867407039248 ], [ 4.801641614346877, 47.962540059388942 ], [ 4.796723921416084, 47.962570322078982 ], [ 4.787781134309598, 47.965254131714097 ], [ 4.785711627262117, 47.971460675980936 ], [ 4.795259313368201, 47.983440372447113 ], [ 4.807631175400536, 47.988840804683612 ], [ 4.796214252476418, 47.995397779645025 ], [ 4.78942039083988, 48.007869268893302 ], [ 4.784606563999568, 48.00672720269128 ], [ 4.749530795934069, 48.004310615513546 ], [ 4.719943437560294, 48.008896455192733 ], [ 4.717126135680564, 48.011367924446084 ], [ 4.704238539921611, 48.020241373102181 ], [ 4.700887790654203, 48.02285515609794 ], [ 4.672960313746553, 48.015019534723081 ], [ 4.647584394393302, 48.024693563122185 ], [ 4.621946144587088, 48.024347613565858 ], [ 4.619446657087087, 48.026416226402581 ], [ 4.616807126156614, 48.031375968635324 ], [ 4.612164066194013, 48.030053528502584 ], [ 4.578156777296065, 48.028570238627324 ], [ 4.563343289013544, 48.015401818837297 ], [ 4.554719597739122, 48.012275794903857 ], [ 4.552643825628461, 48.009188931897768 ], [ 4.545599963055227, 48.004988295856478 ], [ 4.535774236920139, 48.006566094649735 ], [ 4.535513735504014, 48.003131196299456 ], [ 4.542963047430264, 47.990432549371342 ], [ 4.555441180706521, 47.984768625592245 ], [ 4.55996887567823, 47.971423196258208 ], [ 4.556580230854477, 47.969226853937386 ], [ 4.552383081923181, 47.967788179116518 ], [ 4.531441698182371, 47.969899034848538 ], [ 4.516449007614187, 47.966348978315793 ], [ 4.495481947078882, 47.968048710906508 ], [ 4.446962307157797, 47.95619873583378 ], [ 4.438110908995661, 47.959376652746236 ], [ 4.433946149212541, 47.961461716193618 ], [ 4.416465846232708, 47.968280201113181 ], [ 4.392313082579244, 47.962106210933548 ], [ 4.371695758624345, 47.96133151839183 ], [ 4.34735383130131, 47.956338658969983 ], [ 4.312801983207039, 47.96249901086604 ], [ 4.305655099233434, 47.954163071806285 ], [ 4.299288612142416, 47.948608247424914 ], [ 4.300410658462984, 47.945193600895998 ], [ 4.302089904200479, 47.938289504096218 ], [ 4.293424106944968, 47.925676234837972 ], [ 4.288658540420612, 47.926853699004262 ], [ 4.274316193117278, 47.923517884010131 ], [ 4.259501163247898, 47.92557680863824 ], [ 4.246330770496884, 47.930424608253666 ], [ 4.223899973838143, 47.948499467694184 ], [ 4.22754844178203, 47.962007087590734 ], [ 4.225955650726299, 47.971942125576483 ], [ 4.221154100288291, 47.971218062155849 ], [ 4.20195189643621, 47.972576966906637 ], [ 4.195329329350812, 47.967757312260112 ], [ 4.195372225854182, 47.964309749818 ], [ 4.204572449044909, 47.961083714590679 ], [ 4.206055992331241, 47.947360872790853 ], [ 4.20039796554648, 47.941829516960659 ], [ 4.185451737312472, 47.940163154582216 ], [ 4.184257159385326, 47.953855832722354 ], [ 4.167336557803863, 47.96001031921358 ], [ 4.162735651829087, 47.95857086635209 ], [ 4.141785207880992, 47.943925700087604 ], [ 4.141839484200893, 47.937111884290687 ], [ 4.137273191123476, 47.937786196980177 ], [ 4.122115368247464, 47.931658662862411 ], [ 4.113711684792182, 47.928156468258258 ], [ 4.094618891320172, 47.928335915792644 ], [ 4.09271594119177, 47.941278109387966 ], [ 4.089797547685492, 47.943969295431685 ], [ 4.06093809162293, 47.945709417759659 ], [ 4.054892851532968, 47.930031386237211 ], [ 4.045912031449175, 47.926898575541394 ], [ 4.033215983172406, 47.932339082426431 ], [ 4.025042207621126, 47.928648572415788 ], [ 4.019887135137923, 47.928684437337736 ], [ 4.005536276240809, 47.942371439511845 ], [ 4.001885878535016, 47.940584586103803 ], [ 3.985625378679789, 47.93051590639233 ], [ 3.981186165716528, 47.930166055776823 ], [ 3.976532657628109, 47.931266848731248 ], [ 3.963109393249125, 47.935454718949288 ], [ 3.949414338163165, 47.932056125909966 ], [ 3.926450315448321, 47.934570472597912 ], [ 3.92370772693604, 47.932432042872136 ], [ 3.9184886654316, 47.928017906244698 ], [ 3.914043572162238, 47.92961859294811 ], [ 3.905178417251708, 47.926483193938552 ], [ 3.895692514430003, 47.928553919982264 ], [ 3.894031096523884, 47.929295581341428 ], [ 3.896826946223605, 47.932289297272391 ], [ 3.902393114146816, 47.938294716534884 ], [ 3.905655394120089, 47.959140587615025 ], [ 3.913529212058396, 47.97208452276422 ], [ 3.903716892654806, 47.991635912086913 ], [ 3.902269857147979, 47.994841925733787 ], [ 3.895730626098326, 47.999832736087704 ], [ 3.885815162900325, 48.000276798178433 ], [ 3.882089093951394, 47.997964878897932 ], [ 3.880446936324853, 47.981444685691272 ], [ 3.861800247119898, 47.976443941006913 ], [ 3.86333941988862, 47.979600569717668 ], [ 3.859899036368724, 47.984008651270891 ], [ 3.850027151148848, 47.983657427045088 ], [ 3.849393745370534, 47.986793902858075 ], [ 3.839811254672736, 48.003890037244375 ], [ 3.844554066272112, 48.003613099215571 ], [ 3.862835195774071, 48.006270335335486 ], [ 3.870812332360219, 48.00286370543359 ], [ 3.870626275005212, 48.006230943400944 ], [ 3.870242018976445, 48.016313326339649 ], [ 3.847997277777986, 48.029389991459929 ], [ 3.843396684937656, 48.035371669843094 ], [ 3.83961031850981, 48.036064690393324 ], [ 3.832152371195681, 48.036234633449816 ], [ 3.829136564076156, 48.039018723234356 ], [ 3.821979739572413, 48.043919558966437 ], [ 3.828647451723325, 48.048066516250145 ], [ 3.826351950081775, 48.063516410009193 ], [ 3.822803311203852, 48.065827053561797 ], [ 3.806635879095883, 48.082389312104283 ], [ 3.798608039273143, 48.086169610198496 ], [ 3.798965161942987, 48.089361855397001 ], [ 3.805649535479616, 48.100520135438195 ], [ 3.803843470819676, 48.103673108869671 ], [ 3.801659513595967, 48.106729628339977 ], [ 3.79824233746516, 48.10911053672946 ], [ 3.791315007286315, 48.117598200470034 ], [ 3.782116746383648, 48.11991828040896 ], [ 3.776493096263042, 48.128666296923257 ], [ 3.76893254545462, 48.132855262524814 ], [ 3.763974994969548, 48.132122582134038 ], [ 3.752958313185683, 48.125957281274985 ], [ 3.740650102284673, 48.131983390186477 ], [ 3.73980302829162, 48.138692743506446 ], [ 3.742117362145929, 48.141701763988586 ], [ 3.754540988902349, 48.152088394117001 ], [ 3.745479998935092, 48.167533531923461 ], [ 3.741052902095449, 48.169343113716643 ], [ 3.716541654838955, 48.174182648296124 ], [ 3.721798408368942, 48.158178284945315 ], [ 3.70572810956196, 48.14520055410199 ], [ 3.698163878109132, 48.148692019074197 ], [ 3.694415099256005, 48.155049127705048 ], [ 3.693632025197142, 48.151742266616047 ], [ 3.691074903608822, 48.145413273508453 ], [ 3.667869602845758, 48.139211903612114 ], [ 3.666662503653017, 48.14263819915832 ], [ 3.6596404416315, 48.159576911036453 ], [ 3.650654619835159, 48.168184314266952 ], [ 3.648805116265266, 48.170930010704673 ], [ 3.640509577481532, 48.184616811488915 ], [ 3.636498368487159, 48.186735105575458 ], [ 3.623548325341134, 48.192005196316885 ], [ 3.593966709028626, 48.178696288481738 ], [ 3.58999193241761, 48.180587863446497 ], [ 3.575186376716995, 48.18874134782557 ], [ 3.579607941873529, 48.190672342098914 ], [ 3.609202404455454, 48.210661304012469 ], [ 3.621602401116198, 48.225614505901312 ], [ 3.619329176969439, 48.228127892155996 ], [ 3.608005809938176, 48.231830879411213 ], [ 3.604683908161378, 48.229886361477078 ], [ 3.599993871392976, 48.235507002463272 ], [ 3.62444342068781, 48.255166765989145 ], [ 3.62434746858791, 48.258442485591353 ], [ 3.622872947162992, 48.261374552231963 ], [ 3.615187464586969, 48.272536020323578 ], [ 3.610952379419317, 48.274609451316024 ], [ 3.582508892254575, 48.282841840438621 ], [ 3.587536346635674, 48.298481778646916 ], [ 3.563179813538873, 48.310818768429293 ], [ 3.564072008459664, 48.321080556412198 ], [ 3.559032349746979, 48.320357678518334 ], [ 3.543903764788739, 48.319789334656932 ], [ 3.543961410637944, 48.32275819577201 ], [ 3.545108770964418, 48.334548383919476 ], [ 3.540824718291112, 48.336547421846177 ], [ 3.504410493695752, 48.36548991228868 ], [ 3.495724642307472, 48.369350295591786 ], [ 3.474875443634077, 48.369264732778497 ], [ 3.47298172707371, 48.371899421687424 ], [ 3.470803437935181, 48.374445235727777 ], [ 3.47048136111594, 48.374671438276046 ], [ 3.465280828602026, 48.374512029690891 ], [ 3.450114955190817, 48.37285218265157 ], [ 3.431583891372665, 48.360847181168204 ], [ 3.426582014857636, 48.361693018978968 ], [ 3.414008022321336, 48.376537591976657 ], [ 3.414791559501114, 48.390273038820339 ], [ 3.420871666862377, 48.409018812745316 ], [ 3.421937987244879, 48.412235830730033 ], [ 3.416642071166388, 48.415835215162147 ], [ 3.402286153497643, 48.415407950888913 ], [ 3.411361546868848, 48.418039823573551 ], [ 3.41183326806363, 48.421321945380953 ], [ 3.4071942236532, 48.42267845002182 ], [ 3.392493281271921, 48.425157069412165 ], [ 3.396729998686517, 48.434886207487168 ], [ 3.400909243253477, 48.4368783763395 ], [ 3.405713934467712, 48.453289509751514 ], [ 3.39689037716646, 48.461488006494903 ], [ 3.397319677900065, 48.468170805017678 ], [ 3.384093581302608, 48.47802919249802 ], [ 3.387681417138432, 48.48015862383906 ], [ 3.403747291057514, 48.485988579556803 ], [ 3.40752341550388, 48.487792902241488 ], [ 3.42433495381876, 48.491539395009873 ], [ 3.433434016969627, 48.490391026166996 ], [ 3.43492380914254, 48.497051689189661 ], [ 3.422266812922431, 48.515413206424611 ], [ 3.405398135568547, 48.528021195224042 ], [ 3.408473979263999, 48.529944769912632 ], [ 3.414639888327184, 48.533791624439964 ], [ 3.445940864954796, 48.528793603089063 ], [ 3.450707227373633, 48.528667678048372 ], [ 3.475620426273425, 48.541281724354889 ], [ 3.480918727302672, 48.541431334207331 ], [ 3.483774926564543, 48.547060095650806 ], [ 3.465516159102208, 48.57048567886504 ], [ 3.469022693533556, 48.57305363325667 ], [ 3.480668279039765, 48.57913311855544 ], [ 3.485303514206287, 48.580463632435269 ], [ 3.496645742476792, 48.589925060737833 ], [ 3.515219489049124, 48.590988534105243 ], [ 3.505273682136243, 48.602986055594769 ], [ 3.508635583195541, 48.605598382180609 ], [ 3.556545449320644, 48.617311884628826 ], [ 3.555753716140838, 48.620688810439191 ], [ 3.540940957464829, 48.630192991861378 ], [ 3.5211633757836, 48.633699319385947 ], [ 3.522655744537914, 48.639089853667741 ], [ 3.53323646131016, 48.646508885482945 ], [ 3.528070601715628, 48.645758315990037 ], [ 3.512619301784239, 48.643981803876287 ], [ 3.492289362812898, 48.647242776836976 ], [ 3.476594057381479, 48.637960737012015 ], [ 3.451090614365103, 48.634650896058673 ], [ 3.458809170112631, 48.651280208738612 ], [ 3.44256120861009, 48.664357280940621 ], [ 3.446181312602114, 48.666898322464689 ], [ 3.442698073347999, 48.672506083284709 ], [ 3.456627697052244, 48.682869481715805 ], [ 3.470957133269156, 48.687230155718801 ], [ 3.47254312506259, 48.697369861143159 ], [ 3.477620066148572, 48.698330054419785 ], [ 3.464600929178352, 48.707277109337731 ], [ 3.467159144285343, 48.72284556645031 ], [ 3.466954499035947, 48.725805529123676 ], [ 3.466749910958151, 48.728774477983187 ], [ 3.46705148936515, 48.732092219155291 ], [ 3.467395516492024, 48.738629748714565 ], [ 3.442734829899285, 48.737806334986217 ], [ 3.436810445867787, 48.743206731559653 ], [ 3.437314948315985, 48.749860608361153 ], [ 3.436594654488697, 48.753182097269871 ], [ 3.432914542725064, 48.755551964628459 ], [ 3.409360222350992, 48.752783884931837 ], [ 3.39983112898698, 48.755325536011426 ], [ 3.397143530601315, 48.761441501031271 ], [ 3.409984005537595, 48.78372122388415 ], [ 3.414979025942951, 48.783739956438723 ], [ 3.428537867564761, 48.780823032306124 ], [ 3.442194849105526, 48.784847523789139 ], [ 3.442603847512232, 48.788137781001886 ], [ 3.440933856970108, 48.801517800828066 ], [ 3.421145972488698, 48.802488535143688 ], [ 3.407443401265644, 48.806951956020775 ], [ 3.416612206487786, 48.817829699762186 ], [ 3.420846742781134, 48.81602513308939 ], [ 3.434608915210016, 48.812027672205744 ], [ 3.449506826608223, 48.81208051185844 ], [ 3.470214960829793, 48.82069776039485 ], [ 3.474847240242198, 48.819375373477776 ], [ 3.477904783522534, 48.814173830874658 ], [ 3.480923325307695, 48.812192101441099 ], [ 3.483785712336654, 48.813952317394886 ], [ 3.487201753434533, 48.815188572867996 ], [ 3.485241372887913, 48.825503291477887 ], [ 3.491284529629069, 48.835137739146553 ], [ 3.486805521963496, 48.848601332843074 ], [ 3.485187443658678, 48.851908494372893 ], [ 3.486791454596578, 48.857307010403034 ], [ 3.484515369387585, 48.86023909000717 ], [ 3.481315314575795, 48.866466388299898 ], [ 3.485611901804298, 48.866745811460191 ], [ 3.489643178171765, 48.867799589478061 ], [ 3.494058696042617, 48.86910345792144 ], [ 3.50299737092912, 48.871494413538599 ], [ 3.50283933192999, 48.874894528532124 ], [ 3.508887712298585, 48.891119647022386 ], [ 3.52091135317719, 48.905591744859983 ], [ 3.523972571575875, 48.907484908686421 ], [ 3.528576443116977, 48.912141028952988 ], [ 3.54742144885187, 48.915024073596925 ], [ 3.566684473889303, 48.913495630514674 ], [ 3.572430344564157, 48.918612285639576 ], [ 3.574443236904075, 48.939025424542692 ], [ 3.588351963278277, 48.943724122743504 ], [ 3.593372760497665, 48.944643612713435 ], [ 3.60124640088604, 48.946681702273629 ], [ 3.594094442292384, 48.957625475631666 ], [ 3.591475045149516, 48.960246284356295 ], [ 3.602924831769555, 48.965449928768088 ], [ 3.616661183662187, 48.965164260015037 ], [ 3.621205907464988, 48.966031070625583 ], [ 3.625813771932878, 48.9857456624432 ], [ 3.637845037110143, 49.000843434877801 ], [ 3.639824623386458, 49.003998184307797 ], [ 3.660412447303043, 49.004300308565298 ], [ 3.665158653762466, 49.005631934810118 ], [ 3.668851981271484, 49.007976380004131 ], [ 3.677677781191973, 49.016019896292391 ], [ 3.663540383246524, 49.037311252729353 ], [ 3.658389846504646, 49.037753231292989 ], [ 3.649969805025328, 49.041422864508007 ], [ 3.615770682325265, 49.036423696920423 ], [ 3.614683590611925, 49.033551828622791 ], [ 3.586674180539621, 49.035832017796935 ], [ 3.585204028903415, 49.038869476203409 ], [ 3.5877062840821, 49.059349675071708 ], [ 3.590738950768972, 49.060126077589544 ], [ 3.600591282833614, 49.062558957997481 ], [ 3.604006751547767, 49.069150748553639 ], [ 3.607391294615638, 49.071858168409115 ], [ 3.63211454722015, 49.07240505287308 ], [ 3.638573108225815, 49.077864817538824 ], [ 3.639053501955169, 49.08130605737891 ], [ 3.632240267869279, 49.086089642229197 ], [ 3.622549906080833, 49.104491812672968 ], [ 3.620077745376501, 49.107327877474404 ], [ 3.613413804080142, 49.115903806392303 ], [ 3.601544642440471, 49.117645113765349 ], [ 3.600018354156644, 49.120691776806169 ], [ 3.610441266993268, 49.127517614956624 ], [ 3.612046669125429, 49.13700410103413 ], [ 3.619768718780673, 49.141046532152941 ], [ 3.619818975232008, 49.147537802695432 ], [ 3.621106675258606, 49.149769923957457 ], [ 3.624456418009367, 49.151352988656228 ], [ 3.65477100080051, 49.148791311290275 ], [ 3.679250876131917, 49.153016311717046 ], [ 3.68383490641649, 49.154491858079055 ], [ 3.695606007721926, 49.15114268983276 ], [ 3.697999344643414, 49.148710240143743 ], [ 3.7032974250191, 49.143203819356017 ], [ 3.712178079928595, 49.146190597384482 ], [ 3.717014248985858, 49.147043013896983 ], [ 3.734836868864364, 49.155126408032075 ], [ 3.739563848603768, 49.156886680488647 ], [ 3.744431604503967, 49.156973562484417 ], [ 3.748676318720874, 49.158529664159182 ], [ 3.751147823766605, 49.177700966151946 ], [ 3.740642860391527, 49.178656118699635 ], [ 3.725821592779444, 49.175015145837087 ], [ 3.70648973872475, 49.180317805844886 ], [ 3.697539502936386, 49.191914076442139 ], [ 3.703936469656866, 49.197289249627609 ], [ 3.704654683291817, 49.200665527093257 ], [ 3.700576790585343, 49.201453506611003 ], [ 3.697477351192977, 49.206641066545991 ], [ 3.681936523620106, 49.198746383261884 ], [ 3.676669870876576, 49.207263165997126 ], [ 3.662544752146725, 49.208977920793885 ], [ 3.65481421867583, 49.212922034998073 ], [ 3.654839218546555, 49.219233175624488 ], [ 3.651478510655688, 49.221561913161857 ], [ 3.666006278589579, 49.223109783319117 ], [ 3.677018931641126, 49.237082321935041 ], [ 3.675039907178804, 49.240087165150754 ], [ 3.670256494481239, 49.240743161115631 ], [ 3.655254563171314, 49.262851338575565 ], [ 3.660448786869237, 49.268369829448083 ], [ 3.665133351691961, 49.269431881038962 ], [ 3.660589712085436, 49.270796340548969 ], [ 3.651676022342827, 49.278630043540069 ], [ 3.658993707788807, 49.286771037591286 ], [ 3.655942614659387, 49.291084756989044 ], [ 3.64037969753137, 49.298458948374005 ], [ 3.638339872473547, 49.301355421960729 ], [ 3.642556154644494, 49.303247845752814 ], [ 3.644920184034137, 49.313114769373719 ], [ 3.647595827565335, 49.31595911398238 ], [ 3.666467215061658, 49.321717597132306 ], [ 3.669160691161725, 49.324750126900355 ], [ 3.683020780181921, 49.325571499907724 ], [ 3.68731481437192, 49.326832633937528 ], [ 3.693060104315536, 49.328606684215032 ], [ 3.707044191287749, 49.333352963162106 ], [ 3.712349848575109, 49.334067917433288 ], [ 3.731413493507441, 49.334933863437485 ], [ 3.736195559463417, 49.335552057450158 ], [ 3.742021916997946, 49.338950361811875 ], [ 3.741251584495465, 49.344699277305743 ], [ 3.741086674311541, 49.347585853266551 ], [ 3.746474734186449, 49.348154976355929 ], [ 3.757818127122455, 49.347607949612062 ], [ 3.773533459280152, 49.354187428486171 ], [ 3.777534921928852, 49.355815777436128 ], [ 3.779802038336288, 49.352852695089098 ], [ 3.789366634059109, 49.354714315639157 ], [ 3.793198187055084, 49.356891602717063 ], [ 3.803095393896931, 49.358821868144716 ], [ 3.818507897186358, 49.357010530893781 ], [ 3.823764617723294, 49.356992800655568 ], [ 3.828389213819126, 49.351891221611403 ], [ 3.832779995156077, 49.350260943535595 ], [ 3.851309581039321, 49.344944958990496 ], [ 3.857907506378537, 49.353671957615759 ], [ 3.848856041495342, 49.361394757381525 ], [ 3.847477287843606, 49.364595617645712 ], [ 3.853577243328876, 49.366413477394929 ], [ 3.856059391243472, 49.368346590337502 ], [ 3.859844244769766, 49.381524809612038 ], [ 3.874549589870977, 49.383999238253175 ], [ 3.891037753555052, 49.391546572461507 ], [ 3.895741367726375, 49.392779288399133 ], [ 3.910328029775705, 49.395268230552894 ], [ 3.921319619747846, 49.405360561982214 ], [ 3.924819556849766, 49.407724919689322 ], [ 3.933171994682561, 49.401125812751673 ], [ 3.934720457795717, 49.398408165192734 ], [ 3.96130902885657, 49.377344940864496 ], [ 3.981514539401368, 49.3792411785371 ], [ 3.986643889397854, 49.378920771086094 ], [ 4.008213630297186, 49.367416251318573 ], [ 4.011882139754719, 49.361461546037276 ], [ 4.012728596789205, 49.358308129290258 ], [ 4.021449936966538, 49.360185476045373 ], [ 4.035496373111536, 49.359904159430116 ], [ 4.037098268491009, 49.384125931470912 ], [ 4.044698018706623, 49.403099723864969 ], [ 4.047972977986799, 49.405642294757548 ], [ 4.049129839475472, 49.409012174401141 ], [ 4.043260095538177, 49.424604917208661 ], [ 4.039399843304492, 49.435442752220219 ], [ 4.037578531552175, 49.438083105545999 ], [ 4.047178495810428, 49.44517349858269 ], [ 4.056812573842124, 49.445736994337004 ], [ 4.061410008757462, 49.446730491411522 ], [ 4.066153508277464, 49.445448374229073 ], [ 4.042112498813611, 49.470726859645424 ], [ 4.041378667894413, 49.477402595200765 ], [ 4.041418936547907, 49.480754920570909 ], [ 4.041526905979581, 49.484043733387786 ], [ 4.040928480919074, 49.492650680537288 ], [ 4.040765753133268, 49.495519328224646 ], [ 4.040422928022704, 49.50517557957405 ], [ 4.040860456752973, 49.508380582984444 ], [ 4.056107822100121, 49.50882397775046 ], [ 4.060242769900703, 49.521254340859507 ], [ 4.074145199354372, 49.518588397078354 ], [ 4.075097003743637, 49.521851609042173 ], [ 4.075648309154729, 49.538959751925411 ], [ 4.067545187182295, 49.543138752086172 ], [ 4.051908014542986, 49.545072872338608 ], [ 4.050439051936511, 49.551592704973956 ], [ 4.059685519736369, 49.554496231074111 ], [ 4.076769667319024, 49.570721297005022 ], [ 4.062670913550484, 49.574593302929486 ], [ 4.06039051466183, 49.587977501788714 ], [ 4.064444818855247, 49.594161251534665 ], [ 4.060605387219558, 49.596369752705883 ], [ 4.047557692358591, 49.600653036212833 ], [ 4.031525469832654, 49.614109088785909 ], [ 4.026316412978332, 49.619904863611858 ], [ 4.038597736728176, 49.625264591169788 ], [ 4.042340992871555, 49.637913001441227 ], [ 4.047514070631741, 49.637805632428226 ], [ 4.050554792523084, 49.634930573719807 ], [ 4.071483439204575, 49.63594316746606 ], [ 4.095982776491143, 49.629173299520446 ], [ 4.110419113893718, 49.632646052980391 ], [ 4.115690350597903, 49.633262823225031 ], [ 4.117240177166424, 49.641525535806814 ], [ 4.124870960653013, 49.650612762579541 ], [ 4.122702212882923, 49.660922610704006 ], [ 4.126473837595322, 49.678204904863186 ], [ 4.146698978087315, 49.677854223729426 ], [ 4.146815922151155, 49.689265951456335 ], [ 4.151057859348121, 49.690645760462822 ], [ 4.160116178915777, 49.693048991240047 ], [ 4.164831488176641, 49.693893610237502 ], [ 4.179916520224449, 49.698061785420578 ], [ 4.185269154602072, 49.698872476966272 ], [ 4.184381494220722, 49.701226559494394 ], [ 4.192459254781324, 49.712542345275104 ], [ 4.191381206150377, 49.715644162691262 ], [ 4.202291769323597, 49.720515287918744 ], [ 4.205170865526576, 49.72270641632187 ], [ 4.220371407551268, 49.725987768016154 ], [ 4.225406391277068, 49.727276152481224 ], [ 4.227618380432046, 49.731072986470245 ], [ 4.226127756224736, 49.734242120610901 ], [ 4.230539022796853, 49.74702967839103 ], [ 4.246879391333689, 49.755741668499141 ], [ 4.242039157400487, 49.76546883058699 ], [ 4.224502783127543, 49.772942645110291 ], [ 4.2142630037175, 49.771176045957745 ], [ 4.212018117669043, 49.774217561979995 ], [ 4.206331990981266, 49.779620382754864 ], [ 4.209941762159509, 49.782046658195348 ], [ 4.224916607708271, 49.790217745148851 ], [ 4.227042058462278, 49.793188540038351 ], [ 4.219523227919582, 49.804998850506465 ], [ 4.214773919519458, 49.806115484340594 ], [ 4.225337281558579, 49.834977978020447 ], [ 4.230170480174515, 49.836088432254648 ], [ 4.233751966972502, 49.848631190057425 ], [ 4.246033688743362, 49.854256784649621 ], [ 4.249004201058345, 49.856957822303166 ], [ 4.249553778411145, 49.860105858532556 ], [ 4.250089307799223, 49.863245039911902 ], [ 4.251797701431672, 49.890396923421292 ], [ 4.255733826690944, 49.903976840983553 ], [ 4.246330172040543, 49.902258249529972 ], [ 4.236936266293844, 49.903782162620729 ], [ 4.2336433841469, 49.909116128065513 ], [ 4.222142019541197, 49.910426532867035 ], [ 4.217773754701478, 49.916255891458704 ], [ 4.220206070925438, 49.933588718526757 ], [ 4.232061454813057, 49.952461661281966 ], [ 4.232132036209777, 49.955955604323925 ], [ 4.233068423333546, 49.957823757452779 ], [ 4.258202247293359, 49.96399125935735 ], [ 4.290488764783626, 49.964158198789804 ], [ 4.310615282871205, 49.968570947403705 ], [ 4.319253870524073, 49.964390564760578 ], [ 4.33518504089252, 49.962744479488322 ], [ 4.346404519369717, 49.955164982958706 ], [ 4.349362350320719, 49.952230601798298 ], [ 4.380828857322907, 49.953721287797407 ], [ 4.393817554899239, 49.948533996017083 ], [ 4.399174227833039, 49.948400986797864 ], [ 4.419210533052946, 49.946445277096544 ], [ 4.442352521039082, 49.939661097267411 ], [ 4.445803697823173, 49.937167651220996 ], [ 4.479779448131642, 49.947129259867076 ], [ 4.506043345465234, 49.94731191598423 ], [ 4.511319079127619, 49.946806631577537 ], [ 4.524165635276286, 49.951319121396409 ], [ 4.540829254428675, 49.968234385040454 ], [ 4.566153615207829, 49.971461736544406 ], [ 4.570190429728734, 49.973629111001188 ], [ 4.574077199470845, 49.978592340651858 ], [ 4.576036185393558, 49.981118620784812 ], [ 4.595972161558444, 49.985963345575733 ], [ 4.633237816901799, 49.987466444079494 ], [ 4.668016652765757, 49.996350156752953 ], [ 4.689349442930045, 49.995788235953128 ], [ 4.694599379274189, 49.99649733190779 ], [ 4.687521872850729, 50.001617185276501 ], [ 4.685947767946547, 50.008376909625802 ], [ 4.68854237084878, 50.011368787683303 ], [ 4.686632841559629, 50.027781722711865 ], [ 4.690632662173245, 50.033997289043057 ], [ 4.698734605573949, 50.052741964320219 ], [ 4.697027681957481, 50.059287624494381 ], [ 4.686844295498189, 50.057703295754216 ], [ 4.68188414672818, 50.067626203895877 ], [ 4.700055208577005, 50.092645533707469 ], [ 4.708045841074342, 50.096487137214439 ], [ 4.713411749632792, 50.097005225597847 ], [ 4.715218049416406, 50.100043217600252 ], [ 4.746798497535335, 50.110314625345644 ], [ 4.751345563705828, 50.11174102047034 ], [ 4.751017900481349, 50.121276588241514 ], [ 4.755962332072947, 50.121637160908485 ], [ 4.765172786993238, 50.13739571266035 ], [ 4.774679754567564, 50.140285908444369 ], [ 4.779678394000365, 50.141336432856086 ], [ 4.802541281023228, 50.151063731242743 ], [ 4.822806886464996, 50.167643091593803 ], [ 4.83169576086965, 50.155105955880224 ], [ 4.874876253473946, 50.153385740509592 ], [ 4.881308854020958, 50.143999104257468 ], [ 4.889952142235088, 50.140372051352848 ], [ 4.895352793961409, 50.139767824933593 ], [ 4.895655694141873, 50.136277722892537 ], [ 4.870795800471052, 50.123112372625471 ] ] ] ] } },
{ "type": "Feature", "properties": { "code_INSEE": 53, "NOM": "BRETAGNE", "population": 3149701, "nb_dentist": 2040 }, "geometry": { "type": "MultiPolygon", "coordinates": [ [ [ [ -3.082446478922152, 48.864622043132442 ], [ -3.076111485384494, 48.858378004843672 ], [ -3.078761181117971, 48.857774136821426 ], [ -3.08513420958408, 48.862004669147233 ], [ -3.094173826879417, 48.858765612820505 ], [ -3.089684355531565, 48.857199627155737 ], [ -3.083934456167933, 48.847895394759547 ], [ -3.099514243318601, 48.830873128260137 ], [ -3.078830945854003, 48.830890915875187 ], [ -3.097467138723671, 48.802563426335269 ], [ -3.100741406863953, 48.785175660120977 ], [ -3.112482103978882, 48.778088484313471 ], [ -3.116332971434915, 48.775662852923574 ], [ -3.125345009966751, 48.772214258135527 ], [ -3.122321578502011, 48.765766177218744 ], [ -3.120943129555532, 48.759260620534569 ], [ -3.118392852497851, 48.761827240162262 ], [ -3.111677171710472, 48.765762102278131 ], [ -3.102455303777126, 48.766135308537606 ], [ -3.099673424517334, 48.769065115948337 ], [ -3.10246651131223, 48.779278046594001 ], [ -3.09462241173924, 48.783630278886193 ], [ -3.085474836384275, 48.810365009389606 ], [ -3.082750240352363, 48.813345340155514 ], [ -3.065899132606551, 48.821338070454331 ], [ -3.047483361638875, 48.817086180791101 ], [ -3.02184008373271, 48.821043720314222 ], [ -3.012408741724963, 48.818741168326774 ], [ -3.013162079266417, 48.808474878605608 ], [ -3.006439240782325, 48.803113043871257 ], [ -3.008707276246396, 48.800049378537238 ], [ -3.045662722037926, 48.787538483197679 ], [ -3.044230569069107, 48.784255562101229 ], [ -3.01425899419693, 48.780737653792023 ], [ -3.023743437494094, 48.778247465952475 ], [ -3.022474760230093, 48.772114751420389 ], [ -3.014520292050956, 48.767753686879026 ], [ -2.99049068525463, 48.76300136791783 ], [ -2.985222522398581, 48.7629863666522 ], [ -2.964351920269224, 48.763139422715405 ], [ -2.955368216753209, 48.766664220817638 ], [ -2.95063874567366, 48.765872145653503 ], [ -2.935677311218244, 48.756462078818821 ], [ -2.940076093325948, 48.743832032867374 ], [ -2.936786759530984, 48.734110440646823 ], [ -2.947903857632454, 48.727215066784574 ], [ -2.947329677940604, 48.723735023871278 ], [ -2.930428695793755, 48.716694402014781 ], [ -2.923258020986656, 48.707445228458987 ], [ -2.890431930657802, 48.697221816384186 ], [ -2.880770098453843, 48.674239573830469 ], [ -2.86680247504057, 48.672349372240191 ], [ -2.858037190271923, 48.675063087900298 ], [ -2.854191809727702, 48.669191247056062 ], [ -2.850298033650558, 48.667254155494206 ], [ -2.846012873326595, 48.665588720934167 ], [ -2.838061278631638, 48.657555023086296 ], [ -2.829382509378966, 48.655788882198742 ], [ -2.825845180900513, 48.643362109361099 ], [ -2.818238636225672, 48.617839638975909 ], [ -2.815726812262792, 48.611648871902688 ], [ -2.824090041245011, 48.599180072687489 ], [ -2.818894151089379, 48.593427490342954 ], [ -2.808791488967828, 48.592081798339457 ], [ -2.791890805823298, 48.584717094265066 ], [ -2.781723413887376, 48.585221359538856 ], [ -2.774170705548049, 48.576533162927625 ], [ -2.772317911457803, 48.570336638388326 ], [ -2.715853951919928, 48.554451921728351 ], [ -2.723320475932973, 48.545704359394882 ], [ -2.718108372048521, 48.536043353891039 ], [ -2.720944608200671, 48.533164804935375 ], [ -2.712566424106848, 48.530808456601029 ], [ -2.713246355417398, 48.522604218864146 ], [ -2.710095666691855, 48.520356731330288 ], [ -2.688137404628383, 48.496067299626517 ], [ -2.679742589748136, 48.491734496667696 ], [ -2.675613036169573, 48.491066353598605 ], [ -2.682991766119106, 48.496169665429143 ], [ -2.676733233366251, 48.509420948736057 ], [ -2.679775586964621, 48.526961802912936 ], [ -2.676850845649246, 48.533424063583055 ], [ -2.666609925534207, 48.53340837771524 ], [ -2.650644970997168, 48.524645665900103 ], [ -2.634931114419577, 48.524725467504297 ], [ -2.630160779098594, 48.526322716593739 ], [ -2.631562024782141, 48.537962392337398 ], [ -2.628061461098754, 48.539887029588222 ], [ -2.624695695849753, 48.542436455899498 ], [ -2.60408762251699, 48.552285047803238 ], [ -2.575346590894596, 48.575894249101623 ], [ -2.548719751385199, 48.59711474116736 ], [ -2.53283639607973, 48.597584698996947 ], [ -2.503488125571643, 48.60574615363857 ], [ -2.498811507107728, 48.607432346807656 ], [ -2.473552496586899, 48.624611733801636 ], [ -2.47138310359257, 48.634810168352345 ], [ -2.480480046162981, 48.63840376188768 ], [ -2.481465987370167, 48.644300273798954 ], [ -2.440637753120321, 48.650998095883701 ], [ -2.42129820690853, 48.646245781587425 ], [ -2.419039591170877, 48.632472862239055 ], [ -2.420930366462613, 48.629194966321243 ], [ -2.413466673009111, 48.634088070115013 ], [ -2.408989969684905, 48.635914622759636 ], [ -2.409649067364318, 48.641492637235579 ], [ -2.399274337850552, 48.643127008760437 ], [ -2.383442564302649, 48.652147992384862 ], [ -2.348606462997559, 48.661030445250525 ], [ -2.330177005281703, 48.67327051160936 ], [ -2.323202154167131, 48.682696854204607 ], [ -2.314162771733588, 48.682568751522666 ], [ -2.309416262770023, 48.671773199905829 ], [ -2.288826273515913, 48.664017408046604 ], [ -2.313597713730704, 48.633542458746227 ], [ -2.325023619500482, 48.627541091485917 ], [ -2.334236758960463, 48.621601692930717 ], [ -2.337472052778864, 48.619725528620407 ], [ -2.332970816946031, 48.619323430554218 ], [ -2.324054339311283, 48.618559960586992 ], [ -2.320316668989773, 48.61363346888043 ], [ -2.311882120540777, 48.611846850874812 ], [ -2.300097971005221, 48.623146079526961 ], [ -2.291082083524286, 48.625161262949348 ], [ -2.286485321693522, 48.626772044139386 ], [ -2.287136332114409, 48.630250012998232 ], [ -2.266618482542366, 48.641770865956715 ], [ -2.251023157068109, 48.644686846732483 ], [ -2.249349806734247, 48.639946785699479 ], [ -2.253578075008294, 48.633566933128314 ], [ -2.245189225040009, 48.624787041191425 ], [ -2.242341638489513, 48.614698698850162 ], [ -2.2294307438784, 48.608497016324641 ], [ -2.221974882779778, 48.595230262304511 ], [ -2.211412883313791, 48.587706606689721 ], [ -2.213362486659486, 48.573864249080181 ], [ -2.209127483151917, 48.57362628854144 ], [ -2.205558669595299, 48.575441450482039 ], [ -2.205424583730923, 48.578873002951873 ], [ -2.192342689238664, 48.59353543591569 ], [ -2.193838133255324, 48.60722651065479 ], [ -2.184906613768659, 48.604614478464896 ], [ -2.18674291162551, 48.581330580014388 ], [ -2.184178981559484, 48.57876507348788 ], [ -2.167110230677362, 48.577200741713774 ], [ -2.16479211813333, 48.580141126927394 ], [ -2.156706670584604, 48.587703879531915 ], [ -2.169694060441795, 48.597163875196003 ], [ -2.150262680053483, 48.616513690064096 ], [ -2.145313566361264, 48.617476100277152 ], [ -2.128851621171896, 48.604747135136812 ], [ -2.12370802477526, 48.604410028560324 ], [ -2.149212782499541, 48.629043799430825 ], [ -2.148224672932464, 48.632403764075136 ], [ -2.13422817645727, 48.635974261870679 ], [ -2.124092954259194, 48.63524842862099 ], [ -2.113150157116786, 48.641415960735209 ], [ -2.086822485754932, 48.634612449685839 ], [ -2.08227414586089, 48.635807346777383 ], [ -2.074563215874794, 48.639588669562748 ], [ -2.054588511360321, 48.637662784643524 ], [ -2.050178864581461, 48.635939208585931 ], [ -2.05096944945537, 48.626108084286415 ], [ -2.035975192894814, 48.62557209402722 ], [ -2.031640645806196, 48.623763584254149 ], [ -2.032610722374423, 48.620423665626056 ], [ -2.029795698095683, 48.614620976349038 ], [ -2.03345103694628, 48.61277180293802 ], [ -2.030744621760085, 48.606964515420763 ], [ -2.030363181082347, 48.603988191716532 ], [ -2.022678624207671, 48.601663116035816 ], [ -2.01590600578728, 48.590276673648603 ], [ -2.013644029843092, 48.587514840923731 ], [ -2.003893626334478, 48.586141063490643 ], [ -1.99703228219645, 48.581156908260475 ], [ -2.010811088042294, 48.572122095918601 ], [ -2.006894935706884, 48.566112901983587 ], [ -2.002587534905394, 48.567366951558718 ], [ -1.992523187195773, 48.553404737312405 ], [ -1.995831145286585, 48.551219573546298 ], [ -1.990653437546582, 48.551166829821817 ], [ -1.98516465524025, 48.545565570863715 ], [ -1.975885344919363, 48.542628727458634 ], [ -1.973978242973168, 48.535984537955954 ], [ -1.97559508543883, 48.53271698584701 ], [ -1.989694374462845, 48.523012452044796 ], [ -1.984063405566347, 48.517453176311228 ], [ -1.983500821682347, 48.500413676538287 ], [ -1.98824059833098, 48.499195946521077 ], [ -1.992992565123076, 48.500528447971767 ], [ -1.999356494491262, 48.494158014206008 ], [ -2.001377525096453, 48.491602987398174 ], [ -1.981089722182972, 48.498306521733596 ], [ -1.976357338213302, 48.498460023180563 ], [ -1.980342461063298, 48.500861765271011 ], [ -1.9800733515033, 48.508021008075403 ], [ -1.969414114208433, 48.515633695007665 ], [ -1.96688861683845, 48.522481580484303 ], [ -1.962483558522471, 48.524107972619618 ], [ -1.950395631357863, 48.521259637696033 ], [ -1.948554376014394, 48.535235083546162 ], [ -1.948036901044402, 48.538807904882553 ], [ -1.962692433700487, 48.53619535435012 ], [ -1.967440610044392, 48.540179069742138 ], [ -1.96099202687326, 48.549335828358757 ], [ -1.963070374961691, 48.555936898642422 ], [ -1.973371991250355, 48.557326752042705 ], [ -1.974857090759137, 48.567810187945128 ], [ -1.984662746345028, 48.580504615876812 ], [ -1.978379385145807, 48.583994719810754 ], [ -1.960586490358522, 48.576004936491778 ], [ -1.955327114339561, 48.576404619815719 ], [ -1.963932358483138, 48.583355150220811 ], [ -1.962081929957654, 48.592634764291944 ], [ -1.971736574793415, 48.590572960902719 ], [ -1.986195379623371, 48.593879083588263 ], [ -1.996142623860996, 48.592325769694341 ], [ -2.000697668180604, 48.597334914408378 ], [ -1.996983832359879, 48.603692173453823 ], [ -2.010715869073735, 48.599355712943606 ], [ -2.006273800172719, 48.612576014107013 ], [ -2.014327446884229, 48.617040768161218 ], [ -2.017126521776718, 48.627369041248436 ], [ -2.02538295012598, 48.636313143881033 ], [ -2.025335521680502, 48.646851497944283 ], [ -2.023300611507018, 48.650019880746513 ], [ -1.999845758442678, 48.658362046467083 ], [ -1.992134318869241, 48.663083930125943 ], [ -1.986287173194097, 48.668961903871356 ], [ -1.983262277831082, 48.682039615554643 ], [ -1.963723835855992, 48.683964110442332 ], [ -1.961394217722433, 48.68078969663221 ], [ -1.946285622623601, 48.683932603546317 ], [ -1.943606155582039, 48.68625184930211 ], [ -1.950987668473357, 48.690316167092107 ], [ -1.933666634164463, 48.697163082745938 ], [ -1.925432080832079, 48.693142019813642 ], [ -1.905292838614533, 48.690323229877478 ], [ -1.895700402787866, 48.693412408732819 ], [ -1.892455080984504, 48.696258286131155 ], [ -1.888423268931747, 48.698559578431777 ], [ -1.872967817955713, 48.696912816185879 ], [ -1.846143850019359, 48.708135790393698 ], [ -1.847318402837201, 48.694246493950494 ], [ -1.838701801840039, 48.681467116236504 ], [ -1.861815499340892, 48.667350652465203 ], [ -1.863727304940533, 48.660558773149525 ], [ -1.864518406767795, 48.65707491012499 ], [ -1.87060302295057, 48.643695678102311 ], [ -1.85709402810486, 48.624619704816304 ], [ -1.847728616022324, 48.618765409330301 ], [ -1.845280698877847, 48.616404867351484 ], [ -1.79595344964592, 48.606589642607069 ], [ -1.79081920078296, 48.606021581021203 ], [ -1.773098070017235, 48.603471962353183 ], [ -1.768553375616511, 48.603401968512536 ], [ -1.767713835064951, 48.602390286606585 ], [ -1.673028957048382, 48.611393019236701 ], [ -1.667887396955006, 48.610423503439193 ], [ -1.642636943867464, 48.613907753220403 ], [ -1.637599988117642, 48.614725976074467 ], [ -1.576213991000873, 48.625545875476554 ], [ -1.571087121326382, 48.626445743052265 ], [ -1.566049355417807, 48.614826937931781 ], [ -1.558303039756683, 48.611231660552001 ], [ -1.554663603338831, 48.609226672100696 ], [ -1.545464496777929, 48.606091684837622 ], [ -1.538886980099955, 48.597458962437415 ], [ -1.54201090103164, 48.580869082549341 ], [ -1.52774697485676, 48.579079592952397 ], [ -1.52777313439942, 48.575771864964445 ], [ -1.521005142809519, 48.567055351956732 ], [ -1.52717082763099, 48.56190103724775 ], [ -1.533109820628962, 48.549438555624981 ], [ -1.519766456592905, 48.539657122273312 ], [ -1.517780648172585, 48.529848247467783 ], [ -1.515309304797763, 48.530293644442196 ], [ -1.498527857358918, 48.511017553052618 ], [ -1.495732744965292, 48.508312178840853 ], [ -1.495588266149019, 48.505046850540943 ], [ -1.48994743514239, 48.489374847606058 ], [ -1.485861791346898, 48.490736779536789 ], [ -1.47467047503902, 48.485879178086101 ], [ -1.466133641590226, 48.487975859017695 ], [ -1.457581213567148, 48.485432149570485 ], [ -1.449399368835162, 48.486766414106334 ], [ -1.435747007930877, 48.4779159018833 ], [ -1.440356474949602, 48.472175082068432 ], [ -1.427751546337068, 48.462347454998287 ], [ -1.404236994323083, 48.461429946215169 ], [ -1.3993914472498, 48.461159276487983 ], [ -1.38296658735518, 48.456874924326726 ], [ -1.374943205284344, 48.459261511028963 ], [ -1.346532958502888, 48.473118043264094 ], [ -1.348476814685833, 48.479894209969984 ], [ -1.341414979725647, 48.489207503642582 ], [ -1.332738713344997, 48.488857889085686 ], [ -1.330412169100628, 48.485960649101976 ], [ -1.32632572225724, 48.498524783808556 ], [ -1.321807989445524, 48.499797525155607 ], [ -1.318767825860097, 48.497286445340698 ], [ -1.304550375041041, 48.498802950412234 ], [ -1.290184082387909, 48.506791697394213 ], [ -1.287628902205344, 48.509532696659285 ], [ -1.28338467997411, 48.508532735793331 ], [ -1.279003710395456, 48.509177210267872 ], [ -1.269542451211416, 48.524355600447883 ], [ -1.269816560962066, 48.531048357188851 ], [ -1.272910099321553, 48.533720847391052 ], [ -1.254220514903231, 48.543274290542968 ], [ -1.249492666484938, 48.543695738491017 ], [ -1.249015546799895, 48.543667760406422 ], [ -1.232491924426997, 48.537636279908334 ], [ -1.208259104803645, 48.539091765919352 ], [ -1.206893923830755, 48.542193969175237 ], [ -1.193159579688525, 48.529248053503188 ], [ -1.188367762309828, 48.528687448333741 ], [ -1.16672402038977, 48.530079289675342 ], [ -1.161961315365875, 48.524246788972434 ], [ -1.145708685507768, 48.517653733650143 ], [ -1.132158737940946, 48.521729253282643 ], [ -1.122244366158534, 48.521362170657056 ], [ -1.117276953956961, 48.521651595910207 ], [ -1.101200088483345, 48.512884658597471 ], [ -1.070164514370242, 48.508493814190352 ], [ -1.067460235862457, 48.505613909354992 ], [ -1.074920047387348, 48.501133403073702 ], [ -1.077392444830402, 48.491094724089848 ], [ -1.07358617497747, 48.474893880857536 ], [ -1.06464945506035, 48.466912954846997 ], [ -1.067159976055882, 48.4603320573475 ], [ -1.06533229431244, 48.451251425789991 ], [ -1.068721156356293, 48.448675965555836 ], [ -1.081435909698818, 48.438573093758478 ], [ -1.078226599523465, 48.422008949112843 ], [ -1.078454583377142, 48.418496803314781 ], [ -1.079734741381962, 48.417380730833997 ], [ -1.079478143582907, 48.413903264822466 ], [ -1.064323429001106, 48.399929310080317 ], [ -1.052792576523178, 48.38092893308859 ], [ -1.056579887734915, 48.379186723248139 ], [ -1.057253180701563, 48.375821448332559 ], [ -1.064837817292574, 48.367237267216495 ], [ -1.059735435493396, 48.366817753705945 ], [ -1.05578003290625, 48.341134088358466 ], [ -1.053602426964229, 48.338127662238691 ], [ -1.045829711977082, 48.329655060410047 ], [ -1.059221559643881, 48.312187274617941 ], [ -1.060960289272074, 48.311091538017394 ], [ -1.065875256882589, 48.309679407700685 ], [ -1.088449703659114, 48.290125650386621 ], [ -1.093643133614732, 48.272881927826795 ], [ -1.099932365516412, 48.268375327160967 ], [ -1.098671843793124, 48.251309689832482 ], [ -1.080599817058456, 48.21950036316759 ], [ -1.082530400926725, 48.216226111446872 ], [ -1.087119872395883, 48.210039675492148 ], [ -1.08188846374575, 48.205148133198833 ], [ -1.077649974850458, 48.203150293966452 ], [ -1.07435650896104, 48.200470974875735 ], [ -1.078229272049277, 48.179965612405667 ], [ -1.079822438452138, 48.176874127491871 ], [ -1.072702394269972, 48.165785505498548 ], [ -1.073925816901178, 48.159301000725655 ], [ -1.068943582235697, 48.159482039931063 ], [ -1.060683396055215, 48.14873841203832 ], [ -1.059299481707526, 48.125485680681706 ], [ -1.057021803586011, 48.122464587255017 ], [ -1.052935887648463, 48.106044255862649 ], [ -1.049132815939739, 48.08959594469983 ], [ -1.047249675051708, 48.086606147832669 ], [ -1.040331607301894, 48.078085601169605 ], [ -1.025491924138632, 48.069844859550486 ], [ -1.021497175678883, 48.068404585893262 ], [ -1.028221607486429, 48.061029360197196 ], [ -1.029935160932591, 48.057762960435973 ], [ -1.033182886010381, 48.051353329587847 ], [ -1.0280889129446, 48.038462492404072 ], [ -1.033554286871846, 48.032607520337351 ], [ -1.021412716936666, 48.017443838621681 ], [ -1.017261116164222, 48.008043419061899 ], [ -1.021712288858815, 47.995402296483654 ], [ -1.030416812011287, 47.992472965752121 ], [ -1.035241062761233, 47.992010074046682 ], [ -1.050315971049407, 47.984634142034196 ], [ -1.068830170081645, 47.98294926026756 ], [ -1.072251890990795, 47.982064780191088 ], [ -1.078713813155621, 47.984408859575389 ], [ -1.083363434425529, 47.985698193486222 ], [ -1.092993250599475, 47.987507870179307 ], [ -1.098002530979247, 47.987017901290095 ], [ -1.107516083746772, 47.988875524171597 ], [ -1.122299648007592, 47.986510535860148 ], [ -1.129886364152303, 47.971221901503867 ], [ -1.148706850675075, 47.968215722670493 ], [ -1.152451666937114, 47.966344140354366 ], [ -1.16128885556184, 47.952946211695064 ], [ -1.159513986008305, 47.939220868111668 ], [ -1.162791914899366, 47.937924120522545 ], [ -1.16715087079472, 47.934173687785375 ], [ -1.16313267204448, 47.92808895336227 ], [ -1.168644259729215, 47.915474668888258 ], [ -1.175714960833029, 47.910951503513758 ], [ -1.176174710922617, 47.897723199257591 ], [ -1.179919072604602, 47.895580097116607 ], [ -1.192156019658985, 47.891024748622819 ], [ -1.197126477992007, 47.885592734098495 ], [ -1.197464032299506, 47.879019563231083 ], [ -1.189162721358864, 47.867708331649482 ], [ -1.191996835724695, 47.865435008457347 ], [ -1.203022811757432, 47.856847743731556 ], [ -1.206104205574885, 47.858386530666174 ], [ -1.213082232169706, 47.857216634250477 ], [ -1.217566279792175, 47.856009898308002 ], [ -1.222125802389136, 47.850365969013623 ], [ -1.214178354602925, 47.842513469255806 ], [ -1.216083304094191, 47.836153992512109 ], [ -1.22086665407234, 47.821723346402301 ], [ -1.223153463575234, 47.819009132607484 ], [ -1.227872181615528, 47.820289992258111 ], [ -1.238251734325716, 47.809991462970707 ], [ -1.240192542768622, 47.802287070126923 ], [ -1.237061724045941, 47.799597314963769 ], [ -1.245882346289054, 47.776717547680398 ], [ -1.251009117850232, 47.777622051576145 ], [ -1.337149998176977, 47.794634277255746 ], [ -1.339993106293133, 47.795213959706437 ], [ -1.364477839245798, 47.799666983265709 ], [ -1.365536158509353, 47.806036440076177 ], [ -1.374824179320673, 47.80882664551374 ], [ -1.381227738256499, 47.821414122058592 ], [ -1.391975992389017, 47.828547273729313 ], [ -1.405523000070748, 47.825000819569148 ], [ -1.409149277644898, 47.827406348686296 ], [ -1.411961877852316, 47.828553406599696 ], [ -1.414845907396808, 47.827498262390641 ], [ -1.419284742380683, 47.82904356862003 ], [ -1.427416606784309, 47.832170905550733 ], [ -1.456579104693004, 47.831750184319709 ], [ -1.465113940175489, 47.834859670755826 ], [ -1.479636076680886, 47.834810075898709 ], [ -1.481872618292927, 47.8318038237134 ], [ -1.48068652792294, 47.828694108552767 ], [ -1.474307036703336, 47.823998007271662 ], [ -1.468448077037148, 47.805904134150914 ], [ -1.471140046348429, 47.803069938474273 ], [ -1.494999262958199, 47.798505334362481 ], [ -1.503981061432981, 47.801080924347218 ], [ -1.512189951563869, 47.797221963776728 ], [ -1.530422342690659, 47.784780145454576 ], [ -1.556429299079451, 47.783725417720298 ], [ -1.575392542353227, 47.778234431009061 ], [ -1.585307506421296, 47.778901139349657 ], [ -1.594141305214127, 47.776030294660686 ], [ -1.59491038521095, 47.773322469800384 ], [ -1.598107419993388, 47.76652531356207 ], [ -1.601773654711968, 47.764541961343383 ], [ -1.619634200036339, 47.763567534732466 ], [ -1.627131285226485, 47.75982716966648 ], [ -1.626098246947205, 47.75655920688785 ], [ -1.636800646621788, 47.741754922069546 ], [ -1.638130845279059, 47.722209405593546 ], [ -1.641237275786794, 47.721824629454368 ], [ -1.644386799894535, 47.722087220909366 ], [ -1.648814295640186, 47.720306326937425 ], [ -1.661157194690487, 47.710203350738901 ], [ -1.686443002321474, 47.712600245310419 ], [ -1.706146624733053, 47.708950128600996 ], [ -1.711269756297184, 47.700421262991057 ], [ -1.715724908807047, 47.699448047771213 ], [ -1.729713421084011, 47.699342430436701 ], [ -1.732593496971893, 47.701840689959866 ], [ -1.736124962196001, 47.704150179835061 ], [ -1.75024949050289, 47.706750749604154 ], [ -1.771608096485924, 47.698675769751951 ], [ -1.786275575754682, 47.699879210829017 ], [ -1.820054650746572, 47.705605179746861 ], [ -1.828414107077228, 47.709543327467287 ], [ -1.837780398540203, 47.706757233557163 ], [ -1.841527203868938, 47.705501886926797 ], [ -1.853487914637505, 47.708035574627182 ], [ -1.85830385134989, 47.7082502382531 ], [ -1.878257440329681, 47.695199611937326 ], [ -1.883073511673482, 47.694989363986195 ], [ -1.888114375516495, 47.695481929956927 ], [ -1.936440229661367, 47.686523499790276 ], [ -1.956328806011855, 47.671188322639928 ], [ -1.961339380809294, 47.670939430840725 ], [ -1.969284367395409, 47.6742360585488 ], [ -1.969041912530722, 47.687810393032478 ], [ -1.97305575220781, 47.694033738377314 ], [ -1.973400966511847, 47.694154318642603 ], [ -1.977135921241354, 47.691668418698164 ], [ -2.012283940017583, 47.666454473024686 ], [ -2.016925810557447, 47.666832293177102 ], [ -2.035332963585691, 47.668474941964988 ], [ -2.043094573646405, 47.66569569037452 ], [ -2.047426471538964, 47.663785782354914 ], [ -2.052004976996452, 47.650401433761829 ], [ -2.082054100531313, 47.649448443521699 ], [ -2.097035597340315, 47.631359844014298 ], [ -2.086554702123863, 47.623744659928313 ], [ -2.084145972090108, 47.609959238725196 ], [ -2.085300001157778, 47.606535504815945 ], [ -2.086480870928721, 47.603254893668769 ], [ -2.102524078844298, 47.595301798416607 ], [ -2.100458313115556, 47.578858497959416 ], [ -2.10506436688377, 47.577538317955202 ], [ -2.103211174257577, 47.575166023242623 ], [ -2.096731167462953, 47.572635372680772 ], [ -2.097499534258328, 47.569237273103226 ], [ -2.103891635266355, 47.549113054213393 ], [ -2.097167496157682, 47.540224972964666 ], [ -2.098851619995684, 47.533449207703441 ], [ -2.143959648317211, 47.52496117883868 ], [ -2.148712188717281, 47.523560349993026 ], [ -2.155170811737761, 47.518728060904863 ], [ -2.153629061573052, 47.508269124578149 ], [ -2.155255447342102, 47.497805123763463 ], [ -2.157795975102502, 47.494751732667176 ], [ -2.16623284548717, 47.490877276129929 ], [ -2.186385327419605, 47.493228165703599 ], [ -2.189111948234152, 47.499376234326448 ], [ -2.185606358505833, 47.509067748084455 ], [ -2.198455396207182, 47.511128640376342 ], [ -2.203240744164071, 47.510499812590133 ], [ -2.216831953839933, 47.507058669594443 ], [ -2.244283639694042, 47.493609630626381 ], [ -2.248655733855887, 47.49529796050296 ], [ -2.261677370382046, 47.500465550375118 ], [ -2.255948085228342, 47.509349109285573 ], [ -2.259526485326739, 47.51174955401747 ], [ -2.279494205598244, 47.510881478163768 ], [ -2.29744966089285, 47.515505653882705 ], [ -2.298099260844191, 47.515476083338747 ], [ -2.297050162453897, 47.512014345858127 ], [ -2.300480175292347, 47.498135866788992 ], [ -2.313425848226593, 47.483064939976167 ], [ -2.316133207568742, 47.462515071860636 ], [ -2.355923423453749, 47.455979016477137 ], [ -2.367209809046701, 47.463190817456564 ], [ -2.377583819574197, 47.462756539375924 ], [ -2.395334043162087, 47.456574566875361 ], [ -2.410409358681902, 47.458833397504215 ], [ -2.420087724607991, 47.466900251430566 ], [ -2.423027387309399, 47.47712155981737 ], [ -2.42761669378332, 47.475788593528065 ], [ -2.440349788161216, 47.465818531629623 ], [ -2.452868253969563, 47.460964054028025 ], [ -2.458489165173294, 47.448121720718291 ], [ -2.468693692337917, 47.44904965063315 ], [ -2.481556687452986, 47.443074656616893 ], [ -2.493776677877049, 47.449382632869707 ], [ -2.497395186614355, 47.459606771456805 ], [ -2.489697516701614, 47.472495227712457 ], [ -2.499569808079891, 47.488767390100449 ], [ -2.49497242558323, 47.494678495808706 ], [ -2.48470851943786, 47.494820015925882 ], [ -2.464253160301215, 47.485135280513546 ], [ -2.448211042740038, 47.493340968853886 ], [ -2.427578265420183, 47.49415212677637 ], [ -2.422940188187523, 47.492527771254238 ], [ -2.420456149379298, 47.495206047819366 ], [ -2.438728662037048, 47.496446501034455 ], [ -2.441533940631784, 47.499022218373419 ], [ -2.463880243600109, 47.509479352541796 ], [ -2.466830843720913, 47.511894316065607 ], [ -2.495759181371244, 47.516306557993808 ], [ -2.499912619693512, 47.518095477368654 ], [ -2.502608546549685, 47.520990876796731 ], [ -2.520680225854845, 47.526099561812032 ], [ -2.53533322422623, 47.525827708203707 ], [ -2.544238659226619, 47.522678660822457 ], [ -2.545112485613754, 47.519162886158455 ], [ -2.556991995163919, 47.512992396538813 ], [ -2.577102746218526, 47.516930245562158 ], [ -2.598005595553687, 47.516955283477955 ], [ -2.623327335566658, 47.505049405668615 ], [ -2.632430638487366, 47.507514912206645 ], [ -2.633557190084502, 47.510997976311991 ], [ -2.639798866743425, 47.515992995024249 ], [ -2.658646236447088, 47.517983887263391 ], [ -2.663121126513909, 47.519228191072898 ], [ -2.679118315212363, 47.494523529029614 ], [ -2.711771991396043, 47.504503813775706 ], [ -2.727033602103544, 47.50597367176421 ], [ -2.750087780646383, 47.498527554618001 ], [ -2.780511400373092, 47.495124072648899 ], [ -2.791258787288822, 47.487630428798326 ], [ -2.799894653465176, 47.487082678698357 ], [ -2.804640412534496, 47.488479584418599 ], [ -2.809880736210454, 47.488299117136151 ], [ -2.81935206073547, 47.48857468536589 ], [ -2.847097502112939, 47.498249169175438 ], [ -2.85232632216904, 47.518620390997967 ], [ -2.869387854737245, 47.530434027095367 ], [ -2.872908808515276, 47.533000422166822 ], [ -2.88683420774948, 47.537568344845916 ], [ -2.897373388046001, 47.536682763509241 ], [ -2.901165805051399, 47.537709131465775 ], [ -2.900983582551464, 47.541004060314954 ], [ -2.910415295741397, 47.543594582023026 ], [ -2.913523132418096, 47.546135719277345 ], [ -2.911143762322841, 47.556429608527807 ], [ -2.908171711334705, 47.559333575219988 ], [ -2.903388383117135, 47.560695483304549 ], [ -2.877950362332207, 47.559175180927589 ], [ -2.869401409919165, 47.550435726400337 ], [ -2.859780710753936, 47.549755982870167 ], [ -2.861502468773414, 47.539577947817392 ], [ -2.853404939971934, 47.537331736495545 ], [ -2.849626870136071, 47.539344967453893 ], [ -2.846088721021657, 47.545498032240495 ], [ -2.830702338160945, 47.545719125859819 ], [ -2.823959697005003, 47.542446271322305 ], [ -2.816999819238481, 47.554049535404076 ], [ -2.808345456530681, 47.551096926784837 ], [ -2.802595030741663, 47.541861498482163 ], [ -2.787762115765345, 47.549630911158971 ], [ -2.774171901740881, 47.539845145382344 ], [ -2.759140072647738, 47.53727749647441 ], [ -2.745191871719428, 47.541667160581852 ], [ -2.734748733320796, 47.541604484122161 ], [ -2.728778403578109, 47.546952533171854 ], [ -2.730288911638945, 47.55034384887017 ], [ -2.727756997434855, 47.56190321790325 ], [ -2.718798007180112, 47.569626661915571 ], [ -2.715216087511199, 47.579260572829426 ], [ -2.719365338176589, 47.588848942605139 ], [ -2.718590939880445, 47.595809009929816 ], [ -2.722752362531426, 47.602012363976414 ], [ -2.738619877684693, 47.603145417187363 ], [ -2.769724448001815, 47.616329765297095 ], [ -2.774697437456188, 47.621697193104318 ], [ -2.765330622112931, 47.622106620010335 ], [ -2.740928004202799, 47.615161284276105 ], [ -2.743492652812412, 47.627317870713824 ], [ -2.746323207671794, 47.62459728045782 ], [ -2.753812019404398, 47.627314496691177 ], [ -2.757374254838858, 47.636930766665749 ], [ -2.778345984802724, 47.629738365088635 ], [ -2.777483142923737, 47.626459857082736 ], [ -2.780067333946671, 47.62345273599162 ], [ -2.791483203392929, 47.617696649747586 ], [ -2.811212137853734, 47.621245625291955 ], [ -2.830143898399314, 47.616383249736593 ], [ -2.85925160837044, 47.622279890124737 ], [ -2.866641248134794, 47.617855597516289 ], [ -2.858048158349575, 47.6152189367332 ], [ -2.865807024528005, 47.606759505204131 ], [ -2.861333246355508, 47.60066639268188 ], [ -2.869903068052129, 47.598384680493851 ], [ -2.883424914657208, 47.602892799454175 ], [ -2.888307480618277, 47.603720314321329 ], [ -2.890974486748989, 47.578943720587752 ], [ -2.90328218175951, 47.584079484661679 ], [ -2.910765948497511, 47.592257106667127 ], [ -2.916293212514319, 47.586632859525281 ], [ -2.924125692506856, 47.586758362317113 ], [ -2.919482578284296, 47.596372963527131 ], [ -2.926743622396439, 47.597827220356024 ], [ -2.930471274362977, 47.604344316842827 ], [ -2.939928670898047, 47.593635403551936 ], [ -2.947674991861592, 47.606852557950262 ], [ -2.94828528852412, 47.620812780758229 ], [ -2.940896472789811, 47.625432070548086 ], [ -2.935700078211992, 47.625290564067953 ], [ -2.943378873721739, 47.629132815475835 ], [ -2.956806391334037, 47.626931054991651 ], [ -2.961258153551689, 47.635928817593737 ], [ -2.957924984334115, 47.638247521654101 ], [ -2.962780004859432, 47.638667336880502 ], [ -2.97376365393959, 47.655147690284196 ], [ -2.975513727401021, 47.657766068990142 ], [ -2.977542135366085, 47.660243790918422 ], [ -2.982027496149481, 47.655807394059416 ], [ -2.956511715651217, 47.618442939602687 ], [ -2.966919206202963, 47.606943008714595 ], [ -2.972093371559795, 47.60654256374827 ], [ -2.95735982737208, 47.59677138890941 ], [ -2.962817533859825, 47.591039959028073 ], [ -2.962734439578127, 47.584689249794884 ], [ -2.947008304873232, 47.57563585661898 ], [ -2.937184144616348, 47.567552592870349 ], [ -2.933497437883771, 47.560428797192486 ], [ -2.932742260263199, 47.557235681163391 ], [ -2.937259163967877, 47.555525025809033 ], [ -2.956663410226117, 47.559724383452782 ], [ -2.970618793110526, 47.558585312358034 ], [ -2.973721166871808, 47.572237689012752 ], [ -2.990342017436286, 47.580194511799363 ], [ -2.989331267565011, 47.583667795770509 ], [ -2.995741832167483, 47.588113407162297 ], [ -2.993134957926026, 47.571213156435775 ], [ -3.001932167624011, 47.56795258463211 ], [ -3.009322438478911, 47.57222056214205 ], [ -3.023020224199982, 47.591454647056729 ], [ -3.024005125176989, 47.591313448799774 ], [ -3.026705297563785, 47.58840235746996 ], [ -3.02374058789717, 47.571728438167526 ], [ -3.040634672636474, 47.583085820148327 ], [ -3.046974433711497, 47.578513844408754 ], [ -3.051978972766133, 47.577937931204843 ], [ -3.054799863641642, 47.571408661473292 ], [ -3.070054961552358, 47.571354769775347 ], [ -3.093946363474682, 47.565972037630026 ], [ -3.102456352243264, 47.57389551427179 ], [ -3.095391465844789, 47.578617081583268 ], [ -3.103164030851679, 47.582760240265259 ], [ -3.126464347391679, 47.595088540344229 ], [ -3.129706353459542, 47.585095116299961 ], [ -3.127968443795648, 47.578333998040605 ], [ -3.120020010462575, 47.574066232159126 ], [ -3.126395034841819, 47.564639371552623 ], [ -3.128281138063907, 47.561434309256683 ], [ -3.132344060788948, 47.530757843171479 ], [ -3.126231352653224, 47.514087907222724 ], [ -3.118404863065465, 47.509985528065322 ], [ -3.119632486765519, 47.503140411972268 ], [ -3.116873702866663, 47.496387644165246 ], [ -3.098112321598461, 47.48445320573898 ], [ -3.087621309884948, 47.472336038995387 ], [ -3.102520655324756, 47.472791626946439 ], [ -3.116602491687229, 47.477152663387258 ], [ -3.13187254634376, 47.476411312889944 ], [ -3.135992032317886, 47.478884541360074 ], [ -3.14248082050128, 47.484121740791487 ], [ -3.149312363157188, 47.50077119751861 ], [ -3.151775916005498, 47.503882299024156 ], [ -3.15357554825748, 47.520770536791105 ], [ -3.159455280094675, 47.526445560883587 ], [ -3.142673498070195, 47.533634881994914 ], [ -3.134875009657214, 47.546397504602105 ], [ -3.137325122785847, 47.556452629626257 ], [ -3.138441511450428, 47.559779496612776 ], [ -3.140604300682836, 47.580999963071974 ], [ -3.156038433705701, 47.603497065447762 ], [ -3.158279677513111, 47.606719202110632 ], [ -3.196711916711184, 47.624021496385481 ], [ -3.210093283416521, 47.64292010964207 ], [ -3.204460807204647, 47.648700437766763 ], [ -3.208215820015263, 47.662341723662401 ], [ -3.205877958466387, 47.665445609543447 ], [ -3.207519708648047, 47.668635684421602 ], [ -3.186002490303638, 47.682228925455917 ], [ -3.166000089793558, 47.68175275447129 ], [ -3.159968539007499, 47.687163221142598 ], [ -3.1510848276511, 47.689311019002425 ], [ -3.151235669328537, 47.692697637505127 ], [ -3.168981765371419, 47.694902847486368 ], [ -3.176776026955021, 47.694310070357766 ], [ -3.195838915737754, 47.688857656973816 ], [ -3.209789954363721, 47.693136075638805 ], [ -3.203674711223041, 47.68163381973752 ], [ -3.214047474376838, 47.670166135132682 ], [ -3.211480035686188, 47.652976617304894 ], [ -3.216734035511192, 47.648191246856143 ], [ -3.272792827086876, 47.679545692657385 ], [ -3.305419125465223, 47.690627032771566 ], [ -3.310337518031147, 47.691842027814992 ], [ -3.336324914188583, 47.69500297747588 ], [ -3.344660078244689, 47.695137080314119 ], [ -3.351467019581525, 47.692328750878907 ], [ -3.355873337391098, 47.68779058485061 ], [ -3.360387700013452, 47.690091072224384 ], [ -3.355863255479313, 47.69431076854395 ], [ -3.351658725977561, 47.699199103244482 ], [ -3.343808988140282, 47.697196997650963 ], [ -3.326245227892903, 47.699992380351745 ], [ -3.312517898567501, 47.69500183803266 ], [ -3.307885102220949, 47.693265829801284 ], [ -3.290004486811099, 47.687612361650977 ], [ -3.280592882853295, 47.688426273401589 ], [ -3.285867082165767, 47.697866867616554 ], [ -3.287863929480912, 47.700955682089607 ], [ -3.306696096618338, 47.703768163840877 ], [ -3.312554610767936, 47.707821765655439 ], [ -3.336300753881526, 47.707600769371481 ], [ -3.340914010879833, 47.70870473596058 ], [ -3.353834556089378, 47.704200624492927 ], [ -3.35970558039822, 47.709109222041882 ], [ -3.346789434417125, 47.713992943424905 ], [ -3.342697877096152, 47.715921916651936 ], [ -3.347395850810132, 47.72523813032381 ], [ -3.344074886128958, 47.731612952525595 ], [ -3.33406154574694, 47.731370877891997 ], [ -3.321598937966326, 47.736416361261057 ], [ -3.315047744226603, 47.744815888822011 ], [ -3.306355517466511, 47.74861722797818 ], [ -3.296612178409941, 47.768302472589184 ], [ -3.286356990950048, 47.769351100942643 ], [ -3.282490021703177, 47.77934632684039 ], [ -3.291163308033214, 47.787430267981236 ], [ -3.283858767761839, 47.793971695393225 ], [ -3.294363088083937, 47.793515083547206 ], [ -3.290919354772256, 47.774288252504739 ], [ -3.312854625484237, 47.760500876921377 ], [ -3.325088796835975, 47.758882204001907 ], [ -3.325833900353005, 47.748719935119205 ], [ -3.333624625960371, 47.744216507447135 ], [ -3.338439042367526, 47.743052426285971 ], [ -3.346595303872978, 47.746221424878954 ], [ -3.35102750791905, 47.756310442249365 ], [ -3.36213489810705, 47.767101622579958 ], [ -3.359902084717236, 47.770266133688288 ], [ -3.367955467693941, 47.774541109874789 ], [ -3.389852708941453, 47.806015833075925 ], [ -3.386289783586355, 47.815727688672851 ], [ -3.388019675700953, 47.823082668570656 ], [ -3.388816050276281, 47.828583352493112 ], [ -3.392375680608049, 47.822402288054143 ], [ -3.387782866919841, 47.816549127854081 ], [ -3.390549630750324, 47.810357159022885 ], [ -3.403915047529165, 47.808587710462312 ], [ -3.391445802767892, 47.803662321029712 ], [ -3.381466294468757, 47.791556722208611 ], [ -3.382253238745806, 47.784615057582961 ], [ -3.370441790944179, 47.773827726164662 ], [ -3.372094773649773, 47.770523043820369 ], [ -3.353981417826889, 47.754361979104857 ], [ -3.352040887520982, 47.74765011852017 ], [ -3.357881593701887, 47.731340716401675 ], [ -3.366686584019998, 47.728531331795317 ], [ -3.367402704442886, 47.725124136345222 ], [ -3.369571332227318, 47.714964559923246 ], [ -3.38255125935663, 47.704494115847432 ], [ -3.391637851513218, 47.701513585879091 ], [ -3.411908732669635, 47.702325223891123 ], [ -3.416112013473687, 47.700351358191753 ], [ -3.429481883274577, 47.70349875359809 ], [ -3.446940439386978, 47.69676506536041 ], [ -3.456735813796324, 47.697785869708227 ], [ -3.49330239761054, 47.72566817412563 ], [ -3.500024642227647, 47.7345600798592 ], [ -3.50159291668557, 47.737859444883611 ], [ -3.507057969037991, 47.74783250098114 ], [ -3.526262727532871, 47.764534583098275 ], [ -3.528987253006179, 47.774930816625869 ], [ -3.529674592041936, 47.778450696420201 ], [ -3.519744217697905, 47.801022632775357 ], [ -3.522423698550781, 47.807447739592995 ], [ -3.533286459906635, 47.815213142822273 ], [ -3.539953649418155, 47.828405148565359 ], [ -3.538146436733002, 47.835505154273065 ], [ -3.523874196535115, 47.845639596132465 ], [ -3.523004293499548, 47.849146857142493 ], [ -3.525229309115327, 47.852291958025589 ], [ -3.541200624716885, 47.859401829392858 ], [ -3.530375718876426, 47.847778527785323 ], [ -3.539291954506888, 47.83565788289394 ], [ -3.542913073615239, 47.822170816308606 ], [ -3.537744027928856, 47.821466408958813 ], [ -3.535212024454905, 47.814626924979592 ], [ -3.527784317964581, 47.809614097927444 ], [ -3.52381130231146, 47.799323742401178 ], [ -3.537454287899676, 47.766004229925663 ], [ -3.547341429631735, 47.764601702337558 ], [ -3.568094473030339, 47.768422412253734 ], [ -3.610892737174979, 47.770001033737948 ], [ -3.616153293549226, 47.769748464456583 ], [ -3.64545515169772, 47.776395408609552 ], [ -3.644425515841954, 47.787121026064433 ], [ -3.656605607798204, 47.780900231844015 ], [ -3.681411911490913, 47.778138869729233 ], [ -3.715178314166027, 47.79506417295736 ], [ -3.718815144333016, 47.797637335390057 ], [ -3.720252430619354, 47.800942055774755 ], [ -3.715552694811424, 47.807029231536752 ], [ -3.695889931631359, 47.817604916016158 ], [ -3.671163412256838, 47.823597281925103 ], [ -3.660979680569922, 47.821747981894397 ], [ -3.655723210930725, 47.821433018796363 ], [ -3.65150190281274, 47.820923480362097 ], [ -3.641842896972356, 47.826575431556648 ], [ -3.639574399648696, 47.829025421394419 ], [ -3.652603715534907, 47.823507226449202 ], [ -3.673311727625831, 47.826175393938797 ], [ -3.687821493381565, 47.822004720468406 ], [ -3.697042542630984, 47.824611404335208 ], [ -3.709606453883723, 47.813765753662572 ], [ -3.732195270201039, 47.805042448580174 ], [ -3.741431181274019, 47.813362676699455 ], [ -3.749359178420743, 47.844692555882247 ], [ -3.747719747162488, 47.848047987899001 ], [ -3.746702119391751, 47.850807494647341 ], [ -3.75185962621809, 47.846309726547304 ], [ -3.754705608928417, 47.844212418238861 ], [ -3.750637233207628, 47.842188965261265 ], [ -3.754607160033458, 47.832484211506134 ], [ -3.747152863184652, 47.82324003870005 ], [ -3.751150120460956, 47.817128849254033 ], [ -3.741506998447103, 47.804776916422853 ], [ -3.74155293059792, 47.801233303300897 ], [ -3.743624392151938, 47.798015481966857 ], [ -3.75681323260525, 47.792303716210071 ], [ -3.761990417417141, 47.791588806864503 ], [ -3.798729577638436, 47.788933684746688 ], [ -3.80829890297958, 47.791113902502914 ], [ -3.810807932997284, 47.794265070263968 ], [ -3.836095981270351, 47.796474768243769 ], [ -3.850532241173454, 47.793434316470361 ], [ -3.855502448829395, 47.803369655358274 ], [ -3.900024537628499, 47.83762035033952 ], [ -3.890655476436844, 47.853088261876032 ], [ -3.882632591596902, 47.857562559120261 ], [ -3.878634866493358, 47.859857383448599 ], [ -3.883522465829108, 47.858729837 ], [ -3.900438531368774, 47.850804272093768 ], [ -3.91020215315761, 47.85249574053325 ], [ -3.913313920968387, 47.855257188458523 ], [ -3.90542375410872, 47.859400053283807 ], [ -3.906365239863982, 47.862813708313482 ], [ -3.912988210488365, 47.868096338061974 ], [ -3.927460002553218, 47.871468912643572 ], [ -3.933873703701464, 47.880873643959333 ], [ -3.942081954058185, 47.885094275851266 ], [ -3.948108620561916, 47.894178030154407 ], [ -3.946011256399088, 47.90451154433643 ], [ -3.953778341969998, 47.896127278861265 ], [ -3.968476197303567, 47.896744370434618 ], [ -3.979158312124932, 47.902261048283513 ], [ -3.982045098113614, 47.895927148525082 ], [ -3.991227234511983, 47.897195390222507 ], [ -3.990482305090716, 47.893689076652763 ], [ -3.98184998400225, 47.889758844777333 ], [ -3.987179563388529, 47.879854707316518 ], [ -3.982896705596974, 47.855715366949859 ], [ -4.039309851854502, 47.848043162073644 ], [ -4.050228899704089, 47.8525271082679 ], [ -4.082314437545973, 47.861568291539129 ], [ -4.080752747063181, 47.862241111865195 ], [ -4.050150131344195, 47.853751701468937 ], [ -4.049939161721766, 47.855092689563271 ], [ -4.069248614331494, 47.864581183250884 ], [ -4.067177369367602, 47.871302559033218 ], [ -4.075755742379724, 47.868462005044563 ], [ -4.080655329859496, 47.87085845259972 ], [ -4.085248500046275, 47.8648334764531 ], [ -4.094970126979529, 47.863123988995106 ], [ -4.116559767709546, 47.877500385111702 ], [ -4.110569067361196, 47.881903709202028 ], [ -4.105616130705077, 47.880830925070335 ], [ -4.123900048191963, 47.889334491555992 ], [ -4.118795004731679, 47.894334893276628 ], [ -4.115962833727627, 47.896856495897453 ], [ -4.130384603205913, 47.894189970604096 ], [ -4.140992597688516, 47.901911391641072 ], [ -4.143471180947467, 47.912314947385525 ], [ -4.139172303689203, 47.922499091603136 ], [ -4.113210119268251, 47.93358427979593 ], [ -4.103378782959781, 47.941481725656288 ], [ -4.084455645454979, 47.936545992061198 ], [ -4.079518966436417, 47.935326310884754 ], [ -4.073030187673615, 47.932853805087092 ], [ -4.069298138970322, 47.932997683389331 ], [ -4.091455023295578, 47.941616460165633 ], [ -4.083640782663594, 47.949444100378827 ], [ -4.096967820767438, 47.944517623514905 ], [ -4.105494878778774, 47.946223847187078 ], [ -4.095694236530987, 47.962097128948137 ], [ -4.095947159952908, 47.965687094821597 ], [ -4.10063174343028, 47.971818920190785 ], [ -4.114006201075113, 47.977315394760332 ], [ -4.107395502998392, 47.970984498617469 ], [ -4.108512274898549, 47.965278420682893 ], [ -4.119092233379504, 47.965214838449072 ], [ -4.113202061661585, 47.959933874622827 ], [ -4.116553733079387, 47.953748629703199 ], [ -4.113119184031926, 47.936409065658673 ], [ -4.13877145434675, 47.924710335607479 ], [ -4.147899691890819, 47.91196345201277 ], [ -4.148458616303814, 47.89828401766885 ], [ -4.163716387944224, 47.896240046784314 ], [ -4.17269148255264, 47.904465451079808 ], [ -4.176131343767127, 47.907137497015761 ], [ -4.167468380851044, 47.894672980025156 ], [ -4.141969209273279, 47.894306266843458 ], [ -4.13307456750514, 47.890917558847555 ], [ -4.115139414495291, 47.869725006843616 ], [ -4.118208536675994, 47.864279121051467 ], [ -4.147015026885249, 47.856821056956115 ], [ -4.151311998125836, 47.85483245026176 ], [ -4.163941913928567, 47.848637535538515 ], [ -4.168415474227657, 47.839723958198427 ], [ -4.169618777831201, 47.841078083004938 ], [ -4.168705340975394, 47.84941211677485 ], [ -4.167245438702563, 47.85678548080255 ], [ -4.17283152848348, 47.875140926238657 ], [ -4.184573472589112, 47.880900391125934 ], [ -4.196976240411932, 47.863817072363631 ], [ -4.201041450259342, 47.86131665686645 ], [ -4.208307476528915, 47.866653252573805 ], [ -4.210265739175062, 47.86564693629537 ], [ -4.193879142746145, 47.85317171820364 ], [ -4.182889946094241, 47.838465416545809 ], [ -4.164724589779005, 47.833371041489052 ], [ -4.162179235059857, 47.82684847335134 ], [ -4.166695891248589, 47.817073571951326 ], [ -4.180976095217962, 47.80273146702158 ], [ -4.194373363323227, 47.797659861932949 ], [ -4.204198321130128, 47.79948577623253 ], [ -4.208335136634878, 47.801598604221113 ], [ -4.21574048575954, 47.812945079093396 ], [ -4.218491047581797, 47.8094945182469 ], [ -4.21404570042852, 47.796636936367108 ], [ -4.226813152678789, 47.793471074720443 ], [ -4.267708744984061, 47.791314252141831 ], [ -4.275584489844574, 47.794755891961287 ], [ -4.272258610032742, 47.797403321322733 ], [ -4.272264806390845, 47.800873718353202 ], [ -4.287089026409106, 47.792574743782751 ], [ -4.300648983988425, 47.80065863004522 ], [ -4.325929744715492, 47.797783939598133 ], [ -4.371395964215586, 47.79807937489899 ], [ -4.373345645877778, 47.81162415516711 ], [ -4.379962710288262, 47.819830274426529 ], [ -4.367794782216396, 47.826147986439899 ], [ -4.353426259333709, 47.828137276527556 ], [ -4.349788274743474, 47.830652928636027 ], [ -4.346630846994056, 47.84254793951537 ], [ -4.347687453269166, 47.849007760620204 ], [ -4.352674886740751, 47.86298510112276 ], [ -4.359759758143065, 47.879081110648897 ], [ -4.357399104039894, 47.888783711398048 ], [ -4.34333730663857, 47.897566543812118 ], [ -4.339480768176677, 47.899706488905139 ], [ -4.366511480199985, 47.892847632245619 ], [ -4.371919423801722, 47.902151861062677 ], [ -4.373812448373044, 47.905223434960355 ], [ -4.395798327610208, 47.934904460609431 ], [ -4.399004656362985, 47.937440866773166 ], [ -4.409276889889242, 47.945089703135466 ], [ -4.410950345883353, 47.94839165392866 ], [ -4.420745436575702, 47.960571384477277 ], [ -4.45888872460455, 47.983298384096024 ], [ -4.462460050501163, 47.985801104674657 ], [ -4.472548632749055, 47.985538341133157 ], [ -4.495157293260211, 47.999689195797892 ], [ -4.529353003623369, 48.008175513801348 ], [ -4.535156559533721, 48.013633804027727 ], [ -4.530862160547727, 48.034448524939592 ], [ -4.495754049255351, 48.038359049102169 ], [ -4.490328960564379, 48.037837547258249 ], [ -4.49063855543977, 48.039164681711718 ], [ -4.523060082297762, 48.040137746999804 ], [ -4.527534970651003, 48.038811286559934 ], [ -4.541023661955344, 48.036987260965454 ], [ -4.534134788725185, 48.032918658676323 ], [ -4.537149103544544, 48.016172669418417 ], [ -4.544321530046224, 48.011580307115295 ], [ -4.549337549568219, 48.012080312519217 ], [ -4.566121993434949, 48.000394497635902 ], [ -4.589377086138762, 48.006992633304307 ], [ -4.59787524785066, 48.015402010544214 ], [ -4.602944025376979, 48.01513693401759 ], [ -4.622126440713241, 48.018177740235672 ], [ -4.629932964997559, 48.026693406792184 ], [ -4.632961817787194, 48.029371518298589 ], [ -4.645875852250171, 48.023422492006901 ], [ -4.656248441957541, 48.023107795581808 ], [ -4.697144431547577, 48.02812672645652 ], [ -4.731813644156689, 48.03668001085218 ], [ -4.734393250242932, 48.039747153546557 ], [ -4.709302142965718, 48.043721685803376 ], [ -4.706123488174038, 48.046516388132062 ], [ -4.713882281310804, 48.058638336043487 ], [ -4.709625240264889, 48.063565435378102 ], [ -4.679107054690681, 48.061478374261569 ], [ -4.664775548526176, 48.070154069491082 ], [ -4.639193657730751, 48.067878934749494 ], [ -4.625493262842433, 48.070613624288981 ], [ -4.621507634199779, 48.068422275043879 ], [ -4.583145891528228, 48.079864359052578 ], [ -4.56840711061685, 48.081791169752158 ], [ -4.548642026515381, 48.078108936708809 ], [ -4.534789334837745, 48.088318239864179 ], [ -4.504282729724312, 48.08944793537507 ], [ -4.488947567613033, 48.087298723223924 ], [ -4.462292686064119, 48.097717062625108 ], [ -4.457334844111949, 48.096531308939788 ], [ -4.43274472316777, 48.097637105275155 ], [ -4.417778106474662, 48.106057381698506 ], [ -4.383040005331585, 48.106228799473264 ], [ -4.378763122187134, 48.107970514212028 ], [ -4.363856173420314, 48.10839007113595 ], [ -4.341438126242675, 48.099154975203646 ], [ -4.332430315467171, 48.083467793635151 ], [ -4.331669151933545, 48.084202142091428 ], [ -4.334665816821402, 48.097218980176706 ], [ -4.326266090585014, 48.097742844219795 ], [ -4.301535713484358, 48.090425241364841 ], [ -4.296937677349266, 48.092192906361134 ], [ -4.297865166854809, 48.095289277314869 ], [ -4.28567084136678, 48.104865862807905 ], [ -4.284293803269659, 48.107888192405547 ], [ -4.284130241833657, 48.124580353989664 ], [ -4.269591993223117, 48.133377908535152 ], [ -4.272004791538547, 48.146756525331988 ], [ -4.272881758110158, 48.15262124608099 ], [ -4.275192898779268, 48.15556886990435 ], [ -4.294314527759851, 48.158578163537975 ], [ -4.296320979066365, 48.16506864650038 ], [ -4.291844434230454, 48.174201946408225 ], [ -4.296164973889103, 48.183738944655154 ], [ -4.304245386553935, 48.195328925593891 ], [ -4.313020757893761, 48.197883892103256 ], [ -4.316362610504133, 48.203839342394353 ], [ -4.321141339483527, 48.203985204811616 ], [ -4.332229865330615, 48.206241447026592 ], [ -4.367452864711932, 48.205697311442044 ], [ -4.376517477559203, 48.216932611993641 ], [ -4.400469031135312, 48.220509492108143 ], [ -4.40446863518448, 48.222598900389087 ], [ -4.423337657682595, 48.227981914707456 ], [ -4.433753244354528, 48.227506019227498 ], [ -4.440917305248303, 48.232539780607794 ], [ -4.460974373317225, 48.236703401036117 ], [ -4.492286071273035, 48.234554124630456 ], [ -4.496897615862509, 48.232832759447994 ], [ -4.501255744716159, 48.22668039037945 ], [ -4.497054804176243, 48.220268342521102 ], [ -4.510950655758851, 48.209883533477395 ], [ -4.522666724804798, 48.190244485472384 ], [ -4.537740187801911, 48.180431037281146 ], [ -4.541544410026465, 48.170189937828162 ], [ -4.551446687981433, 48.168190004664098 ], [ -4.557326349939047, 48.173191044946599 ], [ -4.560033828903531, 48.176235209205764 ], [ -4.552410004626573, 48.180936998658481 ], [ -4.551033130527459, 48.198100532228025 ], [ -4.560165518921981, 48.224966714474725 ], [ -4.568711663669755, 48.233592788668069 ], [ -4.546001251553014, 48.241367557377011 ], [ -4.544348906901567, 48.248053634688354 ], [ -4.552990979317203, 48.256304045578645 ], [ -4.556919823227126, 48.258682576531058 ], [ -4.580977418668637, 48.252229659328734 ], [ -4.59622593406552, 48.254158621369022 ], [ -4.608266905181314, 48.260758255902829 ], [ -4.621499029945602, 48.260237997279489 ], [ -4.617290155270982, 48.27033599795044 ], [ -4.621169304216207, 48.279811843840811 ], [ -4.606730028653884, 48.283907818301351 ], [ -4.601595253467251, 48.28389538167292 ], [ -4.586948917665339, 48.275600475388494 ], [ -4.569430837339064, 48.283053446972289 ], [ -4.56663574627388, 48.286025799850862 ], [ -4.567603053978113, 48.291613010740186 ], [ -4.578756309617478, 48.322071921015556 ], [ -4.555618647912519, 48.337022495775464 ], [ -4.540339069720139, 48.3403130415563 ], [ -4.535446619286978, 48.336169551805774 ], [ -4.543466941835359, 48.326610084960869 ], [ -4.548711268198047, 48.309354903235835 ], [ -4.556765969578955, 48.304880477254237 ], [ -4.555018839682603, 48.297915124633299 ], [ -4.553070246016382, 48.294632329304513 ], [ -4.532534221818783, 48.286120535910719 ], [ -4.508668122198928, 48.308077355910164 ], [ -4.503239870757986, 48.305738332300784 ], [ -4.515640701308967, 48.294790242698909 ], [ -4.506716992509136, 48.282958025137354 ], [ -4.502598847108387, 48.280861083930851 ], [ -4.472584895689692, 48.286806316949793 ], [ -4.459929287751586, 48.292858196048897 ], [ -4.423409368890495, 48.291366040723581 ], [ -4.410335271979938, 48.276635030035102 ], [ -4.389729862493297, 48.275189616657869 ], [ -4.384499553201294, 48.275155727098337 ], [ -4.371685402887921, 48.277900227906258 ], [ -4.367192573581741, 48.277720060147779 ], [ -4.352546824381528, 48.286251708121618 ], [ -4.342824837903126, 48.286152378364243 ], [ -4.338007897909737, 48.285593638451573 ], [ -4.301016708238333, 48.297566123047375 ], [ -4.275011027012808, 48.295865184719545 ], [ -4.263811020933209, 48.291838604021265 ], [ -4.267463492113063, 48.287213364859262 ], [ -4.279934054523855, 48.288296861639097 ], [ -4.28702571434369, 48.283295980535655 ], [ -4.288610235607084, 48.274026674199945 ], [ -4.264995409322064, 48.267794172488365 ], [ -4.261141422316544, 48.265465385712801 ], [ -4.262777977766886, 48.258895038385226 ], [ -4.25289682921273, 48.256909992809874 ], [ -4.246166855856162, 48.251766873686542 ], [ -4.24336770994808, 48.248830631431069 ], [ -4.217727831412577, 48.25659226745897 ], [ -4.212911068539685, 48.243966574618767 ], [ -4.206533203125458, 48.239080039846577 ], [ -4.206601221632649, 48.245499945943394 ], [ -4.190794335514086, 48.246040486913941 ], [ -4.160308889066525, 48.244182632953894 ], [ -4.136709579393427, 48.237030762154703 ], [ -4.115459270498824, 48.244196719338319 ], [ -4.113189015385088, 48.242111283435669 ], [ -4.117634069916612, 48.221886024787061 ], [ -4.117527157781844, 48.218296764385165 ], [ -4.111773382949824, 48.237742788821286 ], [ -4.108927096104285, 48.240498266989562 ], [ -4.099737083829162, 48.253573357603202 ], [ -4.102080517569231, 48.254498262562279 ], [ -4.135436634208637, 48.242302676727739 ], [ -4.145541162781631, 48.244102891034423 ], [ -4.15063322313207, 48.249621492007293 ], [ -4.160315077946047, 48.247208897506752 ], [ -4.202006438858898, 48.250768142605772 ], [ -4.217294624949992, 48.259744984479099 ], [ -4.237240707381758, 48.255820898395093 ], [ -4.242158433875883, 48.25694656805242 ], [ -4.273700680874288, 48.278868550937986 ], [ -4.258337669014162, 48.280935245506583 ], [ -4.235660817406719, 48.28996309575485 ], [ -4.220276172603416, 48.289044290029373 ], [ -4.200454519986907, 48.2933816212701 ], [ -4.195914725409711, 48.291670888470797 ], [ -4.189687525378382, 48.296920197203534 ], [ -4.194124448089462, 48.297779146430528 ], [ -4.234265549443032, 48.298415251952171 ], [ -4.238863427019256, 48.30741245497908 ], [ -4.221139339667511, 48.31394619727223 ], [ -4.226507193132256, 48.313581577659193 ], [ -4.240599150804448, 48.310179177504587 ], [ -4.250468611632743, 48.302787845297431 ], [ -4.273166695139249, 48.310029171855113 ], [ -4.27482036518932, 48.315709991222043 ], [ -4.252410656164265, 48.323820096397874 ], [ -4.255241016947748, 48.327341612423318 ], [ -4.272601184413235, 48.320129535016193 ], [ -4.282835156705007, 48.319290837356888 ], [ -4.294178793534526, 48.312690185251 ], [ -4.329564622255029, 48.315820409788344 ], [ -4.32944965778037, 48.318782340744747 ], [ -4.310668803803993, 48.330726604924507 ], [ -4.311939144157845, 48.336150731391072 ], [ -4.282496463801524, 48.34302984649063 ], [ -4.277837442758645, 48.344618108418963 ], [ -4.282143099298676, 48.3460513798695 ], [ -4.284209669068173, 48.35078498703389 ], [ -4.270663033780338, 48.354077103937193 ], [ -4.268651585285999, 48.357661345720381 ], [ -4.273335197189971, 48.356044929038397 ], [ -4.292984856737162, 48.353550522749742 ], [ -4.302168551092734, 48.355639653757066 ], [ -4.305938684338293, 48.343768709074105 ], [ -4.325979386652486, 48.340909910011888 ], [ -4.329234890334966, 48.346752929722172 ], [ -4.318480908635293, 48.362175027090267 ], [ -4.323759253752861, 48.358025851948184 ], [ -4.34692263054443, 48.343349836616973 ], [ -4.351771341161342, 48.344774014874254 ], [ -4.34405121610906, 48.354796322171147 ], [ -4.345609571818386, 48.355178339340931 ], [ -4.359557638820033, 48.347424649059072 ], [ -4.363547860356448, 48.34504340255819 ], [ -4.371214735269267, 48.331878087993026 ], [ -4.378613390176786, 48.326762171388168 ], [ -4.409877060161273, 48.325427638594235 ], [ -4.411501631855515, 48.328488569005799 ], [ -4.39586291351448, 48.340801200381371 ], [ -4.396634525933909, 48.341755939773009 ], [ -4.440758969594778, 48.327904436856933 ], [ -4.450674771871358, 48.328923860657689 ], [ -4.4345434153162, 48.361624486211419 ], [ -4.417357209288943, 48.36993408595881 ], [ -4.404822291978189, 48.38153693161955 ], [ -4.36762910323933, 48.395553791575857 ], [ -4.361109826453095, 48.401209711872362 ], [ -4.356196708426591, 48.402653987280139 ], [ -4.352303298231224, 48.402372068032037 ], [ -4.348400243884273, 48.402117729931334 ], [ -4.318692935687166, 48.414630879116835 ], [ -4.313870422178364, 48.415670079765022 ], [ -4.27024559344645, 48.443141615819002 ], [ -4.27414867528818, 48.443868480550243 ], [ -4.278671092837318, 48.439669373439258 ], [ -4.281848586712519, 48.436935127415694 ], [ -4.291533740323288, 48.43472147781327 ], [ -4.313878837240172, 48.420593752990968 ], [ -4.32848959568047, 48.418008868534841 ], [ -4.347639435239712, 48.408598402564159 ], [ -4.367159500568716, 48.406986363294997 ], [ -4.371099546344038, 48.400840370535619 ], [ -4.376028822178223, 48.400189600218191 ], [ -4.379747396211857, 48.397879268754252 ], [ -4.38955687901939, 48.397582827273361 ], [ -4.405551755583485, 48.390545717494213 ], [ -4.423116534326546, 48.397215447323781 ], [ -4.430328813098133, 48.397358792634272 ], [ -4.433646802366863, 48.396354986031582 ], [ -4.437427171684202, 48.382923581214023 ], [ -4.457271405940868, 48.385857259868651 ], [ -4.471386168706742, 48.381414259005254 ], [ -4.481949254207875, 48.38175816812543 ], [ -4.506431407546061, 48.375081366677442 ], [ -4.533866244604154, 48.358874616310587 ], [ -4.548617979904177, 48.360924455938175 ], [ -4.553854191097956, 48.361403170476137 ], [ -4.57094902356531, 48.350447842215196 ], [ -4.607306893174441, 48.338774220682517 ], [ -4.616816758271513, 48.339001739300429 ], [ -4.621780505071476, 48.338265618187144 ], [ -4.626703818376511, 48.337531891574159 ], [ -4.637940044222225, 48.34421771750737 ], [ -4.652384796842592, 48.346102761674082 ], [ -4.674345150656592, 48.354024502342007 ], [ -4.678908087173615, 48.35545447250238 ], [ -4.698435141945152, 48.351082528096889 ], [ -4.699714368817726, 48.337620031644192 ], [ -4.712447926377547, 48.331265333213089 ], [ -4.738620700579777, 48.331676864097098 ], [ -4.764508913186724, 48.328231913509953 ], [ -4.773021927897523, 48.331794209937577 ], [ -4.771505134560808, 48.335193978930619 ], [ -4.774582806931217, 48.338029037747155 ], [ -4.772487970991921, 48.348238380262259 ], [ -4.779122779309382, 48.357402743183066 ], [ -4.777273060270856, 48.360480880724865 ], [ -4.771216832071135, 48.361449089781352 ], [ -4.755806158179597, 48.359433508918372 ], [ -4.750646264506492, 48.360133856684712 ], [ -4.749864834108354, 48.364669159062593 ], [ -4.746314455558292, 48.366809556770541 ], [ -4.755562826152903, 48.36384314227972 ], [ -4.775965505925295, 48.363007957899171 ], [ -4.783444342173375, 48.361294835529044 ], [ -4.787291106716468, 48.362532992610809 ], [ -4.785701127007697, 48.366353568009444 ], [ -4.774150224173988, 48.364673404046535 ], [ -4.761415583354083, 48.375157043058515 ], [ -4.760986550804333, 48.378584418319001 ], [ -4.773251701790285, 48.387903447835861 ], [ -4.776350676252271, 48.406964717032402 ], [ -4.785325822424829, 48.407513061943895 ], [ -4.793462779824138, 48.415936057430784 ], [ -4.784643099217419, 48.43545657829447 ], [ -4.77597802694184, 48.443891474226483 ], [ -4.780469461545867, 48.445313789191992 ], [ -4.77737455106598, 48.451556074369194 ], [ -4.765067095248564, 48.465698254072095 ], [ -4.757023549281055, 48.466180515550008 ], [ -4.759486816686285, 48.459781589731605 ], [ -4.748103290061673, 48.470841685686253 ], [ -4.718162528643005, 48.474388642386224 ], [ -4.721639776735142, 48.475382176544137 ], [ -4.724699797386982, 48.476863847134346 ], [ -4.727756670524484, 48.475100532789867 ], [ -4.757782945231898, 48.470478852516955 ], [ -4.767051113914512, 48.4766870400694 ], [ -4.76666866044764, 48.480156282163342 ], [ -4.772722940019192, 48.485490167213321 ], [ -4.777315778073049, 48.498549363273604 ], [ -4.77150846907841, 48.514117148322029 ], [ -4.766439304882969, 48.516537707959479 ], [ -4.763541004575092, 48.519285834513362 ], [ -4.760315597433829, 48.529458518518361 ], [ -4.7514664638032, 48.533201407655945 ], [ -4.748682562903077, 48.543434972406928 ], [ -4.729872077174647, 48.555600081701947 ], [ -4.7203551493105, 48.558091149365787 ], [ -4.706425282082793, 48.553194562738071 ], [ -4.704109477152915, 48.550045999240076 ], [ -4.699935441607742, 48.569578050047198 ], [ -4.689951693269954, 48.570957887315252 ], [ -4.680567176783026, 48.568357423873088 ], [ -4.668866356616457, 48.574275269855917 ], [ -4.663167082302611, 48.568940670750756 ], [ -4.660516571396488, 48.571389446331878 ], [ -4.647143292140803, 48.572134908697691 ], [ -4.628999354342455, 48.578075067465555 ], [ -4.600176112246479, 48.571963346241134 ], [ -4.592367642837161, 48.559838449353038 ], [ -4.595544561573754, 48.553408320862232 ], [ -4.583977640182047, 48.555874791906518 ], [ -4.579685084208901, 48.555281683569348 ], [ -4.577642631122728, 48.560066317592842 ], [ -4.556814835335045, 48.558855938044978 ], [ -4.541830355488887, 48.555960182531699 ], [ -4.530709722061063, 48.54878698579008 ], [ -4.525180916495314, 48.553493624210127 ], [ -4.512507078995393, 48.549128390265587 ], [ -4.507057366109918, 48.552880252515394 ], [ -4.511972161412199, 48.551846095768134 ], [ -4.554336060454847, 48.562050230285791 ], [ -4.584995758809178, 48.562795392006542 ], [ -4.5908857953503, 48.572223859874967 ], [ -4.594371222562891, 48.574748057229833 ], [ -4.609416328884897, 48.576874658356957 ], [ -4.605195433579524, 48.583055675447795 ], [ -4.605344503321917, 48.600542021431799 ], [ -4.598874869840755, 48.605520094164739 ], [ -4.590369246851882, 48.602033856136913 ], [ -4.589686626937686, 48.595182341821513 ], [ -4.563924659602246, 48.597251811636923 ], [ -4.532784054856539, 48.59538288961388 ], [ -4.528900428574407, 48.592918441048752 ], [ -4.519756642759881, 48.585989088072445 ], [ -4.504764950066956, 48.586206273160151 ], [ -4.48795711412172, 48.574039479970054 ], [ -4.478404514422846, 48.572084879467205 ], [ -4.49930624249443, 48.587364626044987 ], [ -4.514266683881861, 48.588821820933617 ], [ -4.53943214019114, 48.599912667733946 ], [ -4.558073772309751, 48.606055656622161 ], [ -4.566392749436073, 48.614471879879588 ], [ -4.563882223083214, 48.621129089825722 ], [ -4.545285764929721, 48.626749044030987 ], [ -4.543364329899761, 48.633259685921544 ], [ -4.528742217844783, 48.630654397237592 ], [ -4.513925400073884, 48.632270425507912 ], [ -4.503073777647407, 48.621932835847311 ], [ -4.467953974347881, 48.626423570518156 ], [ -4.462756266242882, 48.627057504106141 ], [ -4.443948741242068, 48.638917270252158 ], [ -4.402520805471774, 48.637097113964238 ], [ -4.397363058607871, 48.636388471676803 ], [ -4.429006357681323, 48.647622618558216 ], [ -4.433326028444389, 48.653441913395241 ], [ -4.397146160842231, 48.656205520452005 ], [ -4.353749449387952, 48.674825431902626 ], [ -4.34913948785398, 48.676474588042709 ], [ -4.329780308124132, 48.675483567992032 ], [ -4.327019666240357, 48.669330276106741 ], [ -4.313352179713318, 48.670388699605262 ], [ -4.310226777810114, 48.667843823829344 ], [ -4.30084888242, 48.665249475298786 ], [ -4.29631549951461, 48.66033370464767 ], [ -4.30319724634903, 48.651537094935243 ], [ -4.315032053121855, 48.645416122860048 ], [ -4.310990483409779, 48.643424549446657 ], [ -4.314155692055846, 48.640817768780209 ], [ -4.316151884903149, 48.637749890335563 ], [ -4.311593112146898, 48.635175922850898 ], [ -4.30194208606947, 48.633023333191282 ], [ -4.294016027732013, 48.63628354093747 ], [ -4.293185938641347, 48.641266745421738 ], [ -4.271009403754636, 48.649292392620332 ], [ -4.250349112538887, 48.649633366287503 ], [ -4.245142094545614, 48.649833515025641 ], [ -4.230494481743916, 48.653327034696716 ], [ -4.229702475931655, 48.650267988567002 ], [ -4.219577361947601, 48.648914432766503 ], [ -4.199606576630896, 48.652664091914012 ], [ -4.194484510598734, 48.651998784954657 ], [ -4.217569476101084, 48.661203163182996 ], [ -4.191406409440351, 48.682677527116148 ], [ -4.167144706133051, 48.688260672802009 ], [ -4.162413290319383, 48.689764973256281 ], [ -4.133030526857676, 48.695251618284018 ], [ -4.10217500112639, 48.694072426952822 ], [ -4.095116921529637, 48.691025742887852 ], [ -4.094512302822896, 48.687584890590301 ], [ -4.092402585293294, 48.690826383309911 ], [ -4.081961352014623, 48.691583956689968 ], [ -4.057583936655519, 48.673129311861068 ], [ -4.057122295048682, 48.669616675386941 ], [ -4.055639435670239, 48.672161027057193 ], [ -4.058299411277527, 48.67640110688798 ], [ -4.065691567490815, 48.684965738203466 ], [ -4.060875051927146, 48.687166271391803 ], [ -4.038455312661734, 48.686580624328435 ], [ -4.035776560879401, 48.687651177580733 ], [ -4.05617118578085, 48.688790974164391 ], [ -4.05380604040064, 48.702260251884866 ], [ -4.039427487266701, 48.705197823594297 ], [ -4.03534263224538, 48.711525772559831 ], [ -4.015227744080176, 48.71343563679163 ], [ -4.008162785485198, 48.72259277644217 ], [ -4.006921082425213, 48.725943689584206 ], [ -4.001807574888684, 48.726587703186624 ], [ -4.00473509877605, 48.72095246412534 ], [ -3.998949168342907, 48.714249617510255 ], [ -3.986240559264004, 48.727547454538275 ], [ -3.978133996396683, 48.722966409178738 ], [ -3.969137524497299, 48.727637957572071 ], [ -3.964353361942444, 48.721967593889879 ], [ -3.973629366481174, 48.703889147433081 ], [ -3.973258749243848, 48.697039322247271 ], [ -3.963773422169575, 48.688727843593874 ], [ -3.969350783395666, 48.679335368221302 ], [ -3.953118902561317, 48.671725366500347 ], [ -3.95234022121668, 48.657801968760431 ], [ -3.956145321428094, 48.651276575787421 ], [ -3.957215491933962, 48.64785483825991 ], [ -3.950618937931972, 48.638741395954483 ], [ -3.953860654293369, 48.618279448635462 ], [ -3.935010364250643, 48.59868483698957 ], [ -3.941829889204004, 48.611686916437066 ], [ -3.938912194337985, 48.614530270799399 ], [ -3.943739896151162, 48.615810330496053 ], [ -3.950629319767188, 48.625006283494962 ], [ -3.946549772949751, 48.641950135842038 ], [ -3.950708751174644, 48.651386920297583 ], [ -3.942216657299568, 48.655368642344946 ], [ -3.929798352356186, 48.660174537431132 ], [ -3.92106078184296, 48.672602261755976 ], [ -3.895586994703292, 48.670587822292831 ], [ -3.89477879562123, 48.667257809643388 ], [ -3.904755371618339, 48.659726404993513 ], [ -3.903881987613921, 48.656318922171607 ], [ -3.897599058188802, 48.646832730051322 ], [ -3.88551960906898, 48.640481311381372 ], [ -3.880687513311746, 48.63917203569612 ], [ -3.860140761466261, 48.631692015990701 ], [ -3.858216398785107, 48.628760323465031 ], [ -3.858126394300402, 48.618120264059392 ], [ -3.859482147590453, 48.609572655290819 ], [ -3.86644379004407, 48.605459375704413 ], [ -3.870649098692919, 48.603997209832237 ], [ -3.857433623815906, 48.60745171257463 ], [ -3.849571367551782, 48.603770064917136 ], [ -3.85803613844012, 48.612662861288385 ], [ -3.851675459511674, 48.622095079502181 ], [ -3.832443955602185, 48.627807292080817 ], [ -3.816795228512595, 48.628543570873958 ], [ -3.811287653652047, 48.628922605897522 ], [ -3.847131726510426, 48.630961596495126 ], [ -3.861363043693978, 48.667836317024658 ], [ -3.855199714709897, 48.671451136014014 ], [ -3.850963438841549, 48.661718591951384 ], [ -3.846264349445766, 48.660183528560673 ], [ -3.852739660082902, 48.687799212342505 ], [ -3.837992757848206, 48.70626198120511 ], [ -3.834166564702826, 48.70860339051616 ], [ -3.824787813067671, 48.706568579635679 ], [ -3.814454314665968, 48.714545592211671 ], [ -3.799402517757882, 48.711271629826264 ], [ -3.785042411935756, 48.701348148931793 ], [ -3.779723465205417, 48.70176866209264 ], [ -3.763109412440978, 48.709006187269658 ], [ -3.747876592321358, 48.707767420395228 ], [ -3.722154641542344, 48.705458659164925 ], [ -3.701328456087245, 48.689861054736916 ], [ -3.676629394173107, 48.688099257768279 ], [ -3.653482748986236, 48.694748630855685 ], [ -3.645367580783908, 48.694516094771622 ], [ -3.643466973312282, 48.693403654236235 ], [ -3.652480534267744, 48.683792286140346 ], [ -3.641889932578746, 48.672884228132695 ], [ -3.649361075204514, 48.668197189955507 ], [ -3.653734548795819, 48.666264595383232 ], [ -3.657898982928948, 48.661734779612381 ], [ -3.659143819670601, 48.659209780669279 ], [ -3.655794038858776, 48.66189774692868 ], [ -3.63628467994929, 48.672962406070127 ], [ -3.636222882708201, 48.679762794598943 ], [ -3.622656469660301, 48.68477923039967 ], [ -3.610470770840152, 48.670482412852003 ], [ -3.579906693287694, 48.670723943333321 ], [ -3.576665880995701, 48.672798627116563 ], [ -3.573229665755567, 48.674730562670121 ], [ -3.570848983316461, 48.677145633925505 ], [ -3.567527482861649, 48.682482782856312 ], [ -3.571512320086576, 48.68717277861478 ], [ -3.576780873715606, 48.687657897424145 ], [ -3.582421189915317, 48.693032289125767 ], [ -3.582229521487275, 48.720896292285843 ], [ -3.565524506616494, 48.728840403650842 ], [ -3.555637694758791, 48.727462696004338 ], [ -3.553658152897892, 48.729187184376975 ], [ -3.552020215086756, 48.732436154242905 ], [ -3.5494011976757, 48.745684756464591 ], [ -3.565277386036908, 48.759368498942457 ], [ -3.580931394178424, 48.758261267785151 ], [ -3.585326459132848, 48.771430050345572 ], [ -3.584574059836688, 48.774874134826113 ], [ -3.578671925079603, 48.788142053816593 ], [ -3.568223614081101, 48.795613166947014 ], [ -3.558963995995551, 48.793568826489043 ], [ -3.554764799296972, 48.791462315233161 ], [ -3.537042812392209, 48.803264739646821 ], [ -3.543996321312357, 48.814561189559122 ], [ -3.539438640831999, 48.824070200306174 ], [ -3.534325971264853, 48.824169823681366 ], [ -3.522374131382534, 48.822044305495908 ], [ -3.522641351410321, 48.828644458671462 ], [ -3.511401641458165, 48.835268346777838 ], [ -3.507133684659615, 48.834697996367311 ], [ -3.506506229792993, 48.828261977805084 ], [ -3.497510384740477, 48.829555286827926 ], [ -3.48982825694396, 48.825605761190033 ], [ -3.48792376388375, 48.832251640017155 ], [ -3.4797737561206, 48.835843736801159 ], [ -3.455884512194936, 48.817160135977829 ], [ -3.440324732169354, 48.81906587421809 ], [ -3.431644090878994, 48.816935388411245 ], [ -3.44198533725206, 48.801687017663369 ], [ -3.440556376885003, 48.798308128740956 ], [ -3.389007078960884, 48.803526038480342 ], [ -3.388319741425697, 48.813172465629854 ], [ -3.37088970697014, 48.817993398152495 ], [ -3.366094736332887, 48.818781683359653 ], [ -3.363713503082029, 48.82154336536491 ], [ -3.354268156762613, 48.82039557943488 ], [ -3.340192927197462, 48.82867812191499 ], [ -3.335394252940838, 48.828436728355136 ], [ -3.320150979794296, 48.837157503697917 ], [ -3.295381567784174, 48.83294494356592 ], [ -3.279845759714234, 48.841341742317169 ], [ -3.269559657431067, 48.833907147096575 ], [ -3.264317124214716, 48.834290667077674 ], [ -3.244291369864257, 48.857812487939924 ], [ -3.229730688588594, 48.867395712038075 ], [ -3.220364752101511, 48.865917239218788 ], [ -3.210249574786435, 48.850034255115013 ], [ -3.21874724273341, 48.833876884505081 ], [ -3.21451767840367, 48.83599164228022 ], [ -3.204927154308807, 48.834984010573621 ], [ -3.204075901736585, 48.828190156601387 ], [ -3.209783895273879, 48.811104497946424 ], [ -3.236463340606928, 48.789810804939485 ], [ -3.231366052252441, 48.79023062803865 ], [ -3.220741678859115, 48.784046046632163 ], [ -3.222350155294013, 48.797278202581055 ], [ -3.200366109994696, 48.815978676230309 ], [ -3.196733407518536, 48.818395647749036 ], [ -3.199135314089167, 48.824567743454345 ], [ -3.189790002574492, 48.836969706793496 ], [ -3.1784042979953, 48.843278815193962 ], [ -3.173604658820146, 48.841876280787368 ], [ -3.16811145986303, 48.851794423992708 ], [ -3.15255222446106, 48.852687319995802 ], [ -3.126139707699157, 48.864490762046955 ], [ -3.099975859430187, 48.868021654270663 ], [ -3.078561848026375, 48.87863812277029 ], [ -3.075429024891299, 48.87932962577846 ], [ -3.091326672865003, 48.870519557513241 ], [ -3.094591353762115, 48.866176800032058 ], [ -3.082446478922152, 48.864622043132442 ] ] ] ] } },
{ "type": "Feature", "properties": { "code_INSEE": 52, "NOM": "PAYS-DE-LA-LOIRE", "population": 3510170, "nb_dentist": 1977 }, "geometry": { "type": "MultiPolygon", "coordinates": [ [ [ [ -0.230694919267571, 48.561950497647288 ], [ -0.215791527789101, 48.559788685760516 ], [ -0.207346299978305, 48.562519620662847 ], [ -0.199584040156322, 48.558236325446728 ], [ -0.195861939497232, 48.555914663856413 ], [ -0.191725133781898, 48.551677406292889 ], [ -0.189491502828606, 48.548622354494256 ], [ -0.179251116786474, 48.541649364381655 ], [ -0.144603963561672, 48.527752504881633 ], [ -0.145387582536297, 48.52115965789578 ], [ -0.166668259204305, 48.514706342987026 ], [ -0.172087104899622, 48.50213745401723 ], [ -0.167477085486162, 48.502971749857679 ], [ -0.155678140230367, 48.49331040423575 ], [ -0.155446697451536, 48.490138438686841 ], [ -0.155064370095829, 48.48715954251071 ], [ -0.150169867273961, 48.478952551321598 ], [ -0.153515920137723, 48.476946013001545 ], [ -0.148131725949229, 48.471614958401503 ], [ -0.148946356108712, 48.458790627077924 ], [ -0.142193451622499, 48.454296908859206 ], [ -0.137841511807461, 48.45281849246927 ], [ -0.118485217690098, 48.448232987035126 ], [ -0.108255141566782, 48.448024291169816 ], [ -0.080340075816799, 48.449706728089204 ], [ -0.067327186342949, 48.457228306062746 ], [ -0.062548152114119, 48.456514473407815 ], [ -0.053345478265474, 48.453510578303096 ], [ -0.049826942156493, 48.447226965604578 ], [ -0.054086512575162, 48.43390988453271 ], [ -0.05521900116921, 48.430585571358094 ], [ -0.057580255509666, 48.429084211660772 ], [ -0.053658457399056, 48.393505322825618 ], [ -0.053479243740195, 48.390187687083333 ], [ -0.057247099440921, 48.384778504540044 ], [ -0.054531204713415, 48.38200345781555 ], [ -0.049672396173575, 48.375132927743557 ], [ -0.051402113777984, 48.378158576299953 ], [ -0.022101202089766, 48.38778690976595 ], [ -0.020169804370653, 48.393931358349107 ], [ -0.00124522159228, 48.397275133451224 ], [ 0.003370245855751, 48.395996439577594 ], [ 0.005246419729336, 48.389642635583328 ], [ 0.018680407125157, 48.38158146622397 ], [ 0.023083170147241, 48.380206652759718 ], [ 0.035453001522778, 48.380381768153406 ], [ 0.039681790819022, 48.380406476725568 ], [ 0.062524142849597, 48.383027684872481 ], [ 0.054481921063879, 48.391479876000098 ], [ 0.064198877320146, 48.403379687122943 ], [ 0.067361886697222, 48.406059790605696 ], [ 0.079720581110142, 48.408732608825986 ], [ 0.083780809278208, 48.410128945451596 ], [ 0.083676897224325, 48.411026657092556 ], [ 0.099434104556386, 48.410963096119239 ], [ 0.109345531079724, 48.423016492347891 ], [ 0.11159337280185, 48.432316776268713 ], [ 0.117659141463231, 48.436164318845606 ], [ 0.121836234091947, 48.435977675519084 ], [ 0.125777108596479, 48.43417374414539 ], [ 0.148696608640507, 48.437112523278238 ], [ 0.153319002091247, 48.437943722921574 ], [ 0.158317524019836, 48.443077779480106 ], [ 0.154882195967351, 48.445299989960851 ], [ 0.145862623640697, 48.452168035912621 ], [ 0.143925073677591, 48.454948081575424 ], [ 0.152522264661464, 48.456631043788136 ], [ 0.169080566155415, 48.449483527866498 ], [ 0.173646852266989, 48.450879683228941 ], [ 0.170288532573451, 48.45720007232805 ], [ 0.172326979193097, 48.463829101109418 ], [ 0.186796744728894, 48.462813690848243 ], [ 0.191951842086986, 48.462341654589132 ], [ 0.194949323855709, 48.463744815662523 ], [ 0.213565245165645, 48.472834021470703 ], [ 0.217967846818956, 48.473801449376495 ], [ 0.221658046813318, 48.473140738640787 ], [ 0.22546339994316, 48.472860676660673 ], [ 0.258784752192099, 48.476641344186845 ], [ 0.261649668004484, 48.479335897069085 ], [ 0.262724859470205, 48.482862259408257 ], [ 0.266805866805664, 48.48457653333417 ], [ 0.278804134305506, 48.48089151701096 ], [ 0.283554586545469, 48.48145037311393 ], [ 0.297909302938377, 48.479815653764923 ], [ 0.309630292930526, 48.473285857312064 ], [ 0.314738485019807, 48.473194489328876 ], [ 0.32452395702381, 48.471903228178689 ], [ 0.336829539730553, 48.462818630846868 ], [ 0.340996665017395, 48.460976788543888 ], [ 0.345224268394868, 48.459271176170752 ], [ 0.350086994958944, 48.458650753295359 ], [ 0.352889872427476, 48.459694444238949 ], [ 0.363204788634029, 48.451561915823369 ], [ 0.367696918093949, 48.441310167827673 ], [ 0.367808253726491, 48.437739105952758 ], [ 0.373313811598712, 48.432874394820359 ], [ 0.376011697454327, 48.430314711510725 ], [ 0.381724503891885, 48.424788099081447 ], [ 0.379511929301905, 48.414918668192257 ], [ 0.372679387048595, 48.410131691973071 ], [ 0.375707893173831, 48.390098235591417 ], [ 0.37386388725011, 48.386969816903431 ], [ 0.376780472897334, 48.385396109318968 ], [ 0.378658714435957, 48.383232261071463 ], [ 0.380867871296986, 48.372794116806183 ], [ 0.380556683366861, 48.369276550626175 ], [ 0.387348060661944, 48.350594741677057 ], [ 0.387484052535114, 48.347312055275225 ], [ 0.384251188982692, 48.343072797317916 ], [ 0.380632704446112, 48.343064818728998 ], [ 0.383907026715389, 48.332883968250229 ], [ 0.395362304273977, 48.321289938358113 ], [ 0.408564517170583, 48.316322577710373 ], [ 0.415531404271993, 48.321489031764195 ], [ 0.426280553718781, 48.317519367381628 ], [ 0.427652282175597, 48.314857608811437 ], [ 0.429964775103512, 48.308678491228022 ], [ 0.438486230622513, 48.306045656188019 ], [ 0.442805139869632, 48.304635750486781 ], [ 0.463269877646227, 48.30528333103198 ], [ 0.475988528932434, 48.300046196371525 ], [ 0.491583159939295, 48.30716522424008 ], [ 0.505824321473788, 48.293657567922416 ], [ 0.497805790597666, 48.28979746730144 ], [ 0.494423416512452, 48.283487553301143 ], [ 0.512572433880311, 48.267595218387498 ], [ 0.525809440230435, 48.265946554879307 ], [ 0.530306611572298, 48.265500468342935 ], [ 0.536560278121213, 48.259779703245691 ], [ 0.537331197279426, 48.252801260458362 ], [ 0.537335969256488, 48.249236579361913 ], [ 0.546795148773064, 48.25016245395237 ], [ 0.574411361357328, 48.244917223548185 ], [ 0.579191968484603, 48.244412120690953 ], [ 0.593727412428253, 48.244546937879662 ], [ 0.613135259788858, 48.242735074940882 ], [ 0.622456633242002, 48.244921355353405 ], [ 0.630203136380369, 48.240783131630216 ], [ 0.631908163465243, 48.234624123901561 ], [ 0.635061572995964, 48.235515440429126 ], [ 0.638479796699298, 48.235610810241226 ], [ 0.631421242556921, 48.251465534687952 ], [ 0.631906709531357, 48.254760856116548 ], [ 0.642750967240707, 48.261539743876604 ], [ 0.652469262958497, 48.263389394526982 ], [ 0.679096644064564, 48.25508471125864 ], [ 0.683915921732679, 48.254000046080783 ], [ 0.687393724191047, 48.240781958609546 ], [ 0.720350303827706, 48.20628037506016 ], [ 0.72025965414885, 48.202767986156033 ], [ 0.723637029505431, 48.19814327875509 ], [ 0.732118772074271, 48.198162464037559 ], [ 0.738629653275392, 48.189186673611985 ], [ 0.751104651398858, 48.18391596276976 ], [ 0.755327106249439, 48.182114983629461 ], [ 0.7592087648739, 48.180091347687735 ], [ 0.793203363329351, 48.193072870714182 ], [ 0.797655463188835, 48.194461211999595 ], [ 0.797527690220258, 48.188166800491182 ], [ 0.811239686334671, 48.184722218003941 ], [ 0.827859566065587, 48.17303926672281 ], [ 0.833110614158055, 48.169040118058071 ], [ 0.836559897908149, 48.167618155868993 ], [ 0.840574406645103, 48.16553132752108 ], [ 0.860644930787463, 48.16665301909957 ], [ 0.884465759944671, 48.161843663395139 ], [ 0.909364784311534, 48.150072620110535 ], [ 0.911464849544551, 48.14696833596593 ], [ 0.90961010529508, 48.143532951437557 ], [ 0.916650480581765, 48.138940770817229 ], [ 0.914338374916547, 48.135848419425081 ], [ 0.850372285350823, 48.133079551267485 ], [ 0.855009430226335, 48.123856253648285 ], [ 0.843301181285395, 48.106008160822917 ], [ 0.841217231704418, 48.103062409320536 ], [ 0.837246120024952, 48.100919170924819 ], [ 0.817906356911438, 48.097682049667817 ], [ 0.8161508639749, 48.094633864404422 ], [ 0.830282692066874, 48.091141091780038 ], [ 0.845010026237492, 48.092770643715248 ], [ 0.843022636943218, 48.07264184794488 ], [ 0.838376068254119, 48.07130538114874 ], [ 0.7939950002799, 48.06943827195046 ], [ 0.79487929336245, 48.046931121414751 ], [ 0.7975510491338, 48.037249575077837 ], [ 0.807135578537668, 48.036591302274296 ], [ 0.813334574190803, 48.031449245506089 ], [ 0.838331656491764, 48.032613190860559 ], [ 0.840591115530699, 48.019007141151562 ], [ 0.835774501842726, 48.009142032924522 ], [ 0.830555416577622, 47.996046308776535 ], [ 0.820382915004638, 47.988034987538533 ], [ 0.824355924204979, 47.981743714799791 ], [ 0.829035734632436, 47.972575501716712 ], [ 0.836839330347194, 47.968938237435829 ], [ 0.84282438939328, 47.956597520014888 ], [ 0.845574194917708, 47.95390213480907 ], [ 0.84837758541137, 47.943933450643208 ], [ 0.845192719252454, 47.941192256006595 ], [ 0.816348669743855, 47.934276639409752 ], [ 0.810811035749283, 47.918157272383333 ], [ 0.815815745747173, 47.895157590424027 ], [ 0.816836239503927, 47.891827407749979 ], [ 0.813238192671039, 47.889482628864634 ], [ 0.797867593718279, 47.897964358841605 ], [ 0.794073461463165, 47.907436471282338 ], [ 0.786997542981444, 47.91175086759349 ], [ 0.768068759181909, 47.901399013120233 ], [ 0.763737168653984, 47.899975093795881 ], [ 0.759813498184123, 47.898090623035742 ], [ 0.757340816835889, 47.88468245477268 ], [ 0.763530170015581, 47.865164138923703 ], [ 0.759164509181127, 47.859228562483707 ], [ 0.770099078251265, 47.852747351889249 ], [ 0.773852208306283, 47.850648806287062 ], [ 0.774045962689457, 47.840595543474649 ], [ 0.768412894654612, 47.831106724347855 ], [ 0.75898872518874, 47.833583030992926 ], [ 0.756337276315419, 47.830822219449949 ], [ 0.747692172292087, 47.827838290666847 ], [ 0.740279186086598, 47.81256029210261 ], [ 0.733789636716135, 47.807698958560806 ], [ 0.730115443765227, 47.805475918761388 ], [ 0.712824066356199, 47.7904902134864 ], [ 0.711896136881053, 47.78721263551607 ], [ 0.70267891569218, 47.789652403591631 ], [ 0.691747871652169, 47.783530823833274 ], [ 0.702633242279406, 47.769671407668156 ], [ 0.697354229556308, 47.764192218046134 ], [ 0.692446279897092, 47.764347708407627 ], [ 0.674985032148695, 47.76877452096538 ], [ 0.670962264701024, 47.767307917183956 ], [ 0.651199547991236, 47.755117418551102 ], [ 0.650273228891062, 47.754927744722181 ], [ 0.64609666323328, 47.75305195451876 ], [ 0.626330773306677, 47.751356155964295 ], [ 0.619899844137902, 47.746174021545102 ], [ 0.617950229673205, 47.736634526993448 ], [ 0.610668093357561, 47.732037769917305 ], [ 0.611603693642544, 47.728139845932695 ], [ 0.608728367297431, 47.725298666329437 ], [ 0.594083810252585, 47.723035382215564 ], [ 0.580508323306689, 47.712832083791533 ], [ 0.580315473948961, 47.712377851774157 ], [ 0.592797676207792, 47.702180804633571 ], [ 0.59590225567021, 47.689250631903818 ], [ 0.604539744162805, 47.686681441426217 ], [ 0.611211126121958, 47.691662566121792 ], [ 0.614431199093121, 47.6942136460532 ], [ 0.61867960929191, 47.692265162538618 ], [ 0.612683344676648, 47.682912897191727 ], [ 0.588942140250414, 47.670052759460802 ], [ 0.558791522556619, 47.670795607416672 ], [ 0.559602958634523, 47.666174909372785 ], [ 0.5557847344921, 47.66396988888026 ], [ 0.545246963351414, 47.657166171414772 ], [ 0.52572351327092, 47.65393567885409 ], [ 0.516740582117944, 47.656221556794847 ], [ 0.498417907720957, 47.644762985249116 ], [ 0.493419159346364, 47.645079080117291 ], [ 0.478496424659505, 47.644181540646322 ], [ 0.475450329332118, 47.646880446344774 ], [ 0.461177259758062, 47.64380637832322 ], [ 0.459238089642084, 47.64059423370378 ], [ 0.451411033798626, 47.621457691987416 ], [ 0.431741474761955, 47.618315910915712 ], [ 0.426615214913046, 47.617725715609744 ], [ 0.396250215008582, 47.640855059128924 ], [ 0.391499188832153, 47.641001210004077 ], [ 0.382787757364148, 47.643102828653667 ], [ 0.381436730804695, 47.639677317134648 ], [ 0.364557263472415, 47.622069107988303 ], [ 0.373232620705796, 47.61333961431734 ], [ 0.382414187504051, 47.609979466543052 ], [ 0.39508498905378, 47.594583402447114 ], [ 0.396799805118228, 47.591361469124074 ], [ 0.402577003026195, 47.578512432410982 ], [ 0.397912915395315, 47.577534892598969 ], [ 0.37848363992656, 47.568525933307768 ], [ 0.374659947534474, 47.570511367648344 ], [ 0.33910665921314, 47.579738782667128 ], [ 0.339494328246965, 47.583179044290837 ], [ 0.322103930873394, 47.595236984434862 ], [ 0.275411962283493, 47.599100678232467 ], [ 0.259114821219473, 47.612300922529286 ], [ 0.254560193510432, 47.612031766350384 ], [ 0.232709128854908, 47.610894307946083 ], [ 0.230001726353218, 47.608398291917055 ], [ 0.230576254770297, 47.585003489740771 ], [ 0.234568112476617, 47.57861331520003 ], [ 0.230575780680032, 47.577311688991763 ], [ 0.21893620768659, 47.57359414114741 ], [ 0.214089362316793, 47.568785883496332 ], [ 0.200087308850882, 47.543167874982032 ], [ 0.193120313500402, 47.538037404480811 ], [ 0.205636882855792, 47.532942908701443 ], [ 0.207174644622573, 47.526674797874705 ], [ 0.224843124433922, 47.527277042901439 ], [ 0.219715225175464, 47.505186471639902 ], [ 0.220109252401355, 47.501953297116216 ], [ 0.20415010876476, 47.486610241986256 ], [ 0.200659432262687, 47.48449972961977 ], [ 0.19885049009083, 47.476412664605043 ], [ 0.184246880599681, 47.455757539160203 ], [ 0.180874107213498, 47.453225834678001 ], [ 0.184493923103149, 47.429596545237601 ], [ 0.185149430352907, 47.426216537363537 ], [ 0.180943378895179, 47.41660257246923 ], [ 0.156771524132607, 47.401448430805715 ], [ 0.1538644601448, 47.398728982992935 ], [ 0.168248994128331, 47.396152742211413 ], [ 0.16873161190468, 47.386012666367961 ], [ 0.182142677701848, 47.381942798357684 ], [ 0.15766610242409, 47.365321553555056 ], [ 0.153859858555044, 47.363093467430048 ], [ 0.14040529142421, 47.361808185794736 ], [ 0.142849896180124, 47.358724524773407 ], [ 0.147298360625691, 47.345375792304004 ], [ 0.144439136798564, 47.342819277460436 ], [ 0.135493782877917, 47.335365387632116 ], [ 0.117462242139761, 47.332342745378845 ], [ 0.117888886567947, 47.328840107460685 ], [ 0.111108781635234, 47.315726592271773 ], [ 0.100308554205293, 47.308205471402324 ], [ 0.082382222877711, 47.286874302670533 ], [ 0.088557117038914, 47.282381029038142 ], [ 0.08748588666022, 47.275525612912723 ], [ 0.083192602526621, 47.274147492315983 ], [ 0.080109649996364, 47.271691623186513 ], [ 0.076367243087684, 47.251931309244675 ], [ 0.069096031236347, 47.243333474254385 ], [ 0.07383775512891, 47.233507565315648 ], [ 0.07245051709466, 47.219878163997329 ], [ 0.076841901332238, 47.219367443178612 ], [ 0.072875914221785, 47.21449259039386 ], [ 0.068290873522326, 47.214196458257135 ], [ 0.05380724342113, 47.198856010358831 ], [ 0.061892114856141, 47.190953314382639 ], [ 0.066593707568261, 47.189802256481187 ], [ 0.06351953464175, 47.176390943590953 ], [ 0.056640374737244, 47.167369274396314 ], [ 0.05373978484957, 47.164610743218411 ], [ 0.051052418555395, 47.167127921376981 ], [ 0.036642481494822, 47.160363290217347 ], [ 0.033623768544553, 47.162889615709133 ], [ 0.019014858267631, 47.175757850319691 ], [ 0.015340068321542, 47.173167580571274 ], [ -0.01172230065465, 47.156240563639912 ], [ -0.033735625188988, 47.127564518369873 ], [ -0.034440475019595, 47.120626603972887 ], [ -0.036548699385114, 47.117516972641411 ], [ -0.039507727999953, 47.114754326280156 ], [ -0.037498270317621, 47.108139947899694 ], [ -0.028062897130343, 47.106026951017185 ], [ -0.027069620229471, 47.102674331120674 ], [ -0.035315043452993, 47.08671804568948 ], [ -0.039916583336312, 47.087615187923355 ], [ -0.04423937240755, 47.093150538157964 ], [ -0.067762333853003, 47.093384431890449 ], [ -0.068733014216673, 47.096530147688775 ], [ -0.08554115381807, 47.1004344370591 ], [ -0.088887493235375, 47.098272757354906 ], [ -0.098055491410198, 47.091350926305388 ], [ -0.099978359080569, 47.088082766864915 ], [ -0.100647935633302, 47.084586912042617 ], [ -0.102121473880672, 47.064806187069543 ], [ -0.106980191375973, 47.063540307230753 ], [ -0.128896119124204, 47.054235717058674 ], [ -0.133283541842135, 47.055549395432365 ], [ -0.138000819251607, 47.064341530097707 ], [ -0.149809492202162, 47.069651567571015 ], [ -0.158811269235876, 47.068883145271442 ], [ -0.165984180163047, 47.064596025598668 ], [ -0.170369702187174, 47.066070579082847 ], [ -0.174753875001704, 47.067517977644691 ], [ -0.178554022464854, 47.069792231997567 ], [ -0.166736046215075, 47.080992396152787 ], [ -0.140891324330366, 47.096763029155653 ], [ -0.141253445674811, 47.103655012761493 ], [ -0.146212175793158, 47.102700210813623 ], [ -0.156149651073435, 47.101591322163493 ], [ -0.185240423956503, 47.108416062786148 ], [ -0.186681773070092, 47.105339830587127 ], [ -0.190185017361927, 47.099647714642721 ], [ -0.206268791983931, 47.093192608732238 ], [ -0.209135114298375, 47.095906314001269 ], [ -0.240430205576253, 47.105079927130525 ], [ -0.258180511367974, 47.100282794734028 ], [ -0.262875993267898, 47.105475691044361 ], [ -0.266009279998704, 47.102954285826335 ], [ -0.292510103132558, 47.100607442886009 ], [ -0.312636214013001, 47.092048541566335 ], [ -0.317232566388145, 47.091267885240818 ], [ -0.34014090849098, 47.087273812641996 ], [ -0.342066154389098, 47.090236889885659 ], [ -0.354650829034683, 47.094648163592083 ], [ -0.359107509107013, 47.093536470222503 ], [ -0.363689279655797, 47.092529093413418 ], [ -0.381939017697106, 47.088554049282202 ], [ -0.387061656113144, 47.092387036148743 ], [ -0.391845722013347, 47.091877234858494 ], [ -0.400779506157934, 47.070771034609642 ], [ -0.408633950887092, 47.066493304076481 ], [ -0.426487310872578, 47.072237117468795 ], [ -0.44545402077976, 47.067680687668464 ], [ -0.460572159838231, 47.068346151337927 ], [ -0.480383240359096, 47.053638108421119 ], [ -0.483853755255821, 47.066537734650829 ], [ -0.464423305858795, 47.076143096670165 ], [ -0.463353396614661, 47.081870651632727 ], [ -0.467753050573202, 47.083405856409478 ], [ -0.491782003722016, 47.08285330113182 ], [ -0.515130382733627, 47.077936576267376 ], [ -0.519491780014611, 47.076037399455316 ], [ -0.559717425893246, 47.061700763653377 ], [ -0.556126869406028, 47.059251885285036 ], [ -0.556071802404705, 47.045617859496666 ], [ -0.543462522097821, 47.035109664517833 ], [ -0.547012527021391, 47.028755034795076 ], [ -0.561547570726527, 47.02950603212588 ], [ -0.566773819545567, 47.019836423705343 ], [ -0.58009927499429, 47.014899404700884 ], [ -0.587251751024899, 47.006133233022211 ], [ -0.595739760292119, 47.000641578683535 ], [ -0.595491918204269, 46.997909433169902 ], [ -0.600670808714899, 46.997540574226228 ], [ -0.620176975867115, 46.993360846089509 ], [ -0.625115316019546, 46.993340912290265 ], [ -0.632918177202653, 46.99693488419684 ], [ -0.646938300323821, 46.994257168407962 ], [ -0.673301374741165, 47.001865779924003 ], [ -0.680367941449873, 46.993240218457174 ], [ -0.680185010497722, 46.987657868031548 ], [ -0.684778741159182, 46.987997878075149 ], [ -0.689724406734032, 46.992715902755101 ], [ -0.698465999214431, 46.994563014656116 ], [ -0.702174433662306, 46.992163654457244 ], [ -0.71446155119007, 46.985990943797752 ], [ -0.733800401652881, 46.997083862564168 ], [ -0.751303945490796, 46.992270442576277 ], [ -0.761383158631503, 46.993050793425937 ], [ -0.772826730566613, 47.003358175346463 ], [ -0.786850253629717, 47.005106965329581 ], [ -0.789958128142423, 47.002453992388283 ], [ -0.808397519421544, 46.991895264140155 ], [ -0.805023768776, 46.989446696461357 ], [ -0.809677598233817, 46.988193332622124 ], [ -0.816647197358707, 46.993055723597806 ], [ -0.82163840509024, 46.992845347341678 ], [ -0.834301860657635, 46.987512310993075 ], [ -0.847720387316235, 46.986154872072298 ], [ -0.855168893168305, 46.977937519024536 ], [ -0.854241454046808, 46.971586476702683 ], [ -0.85891537878396, 46.970465572234069 ], [ -0.882077040288795, 46.976295329624591 ], [ -0.891960598400872, 46.975826842135021 ], [ -0.896250507925098, 46.9746813199027 ], [ -0.902217134528051, 46.970314799347143 ], [ -0.898222917554669, 46.968070138069535 ], [ -0.883243362241858, 46.968521716736142 ], [ -0.877789697284419, 46.959141092071455 ], [ -0.868023027462186, 46.959361156393648 ], [ -0.865304707801243, 46.95283585857922 ], [ -0.882298760388121, 46.949884713341504 ], [ -0.881000137199253, 46.946466924598077 ], [ -0.876134102969685, 46.945242521817292 ], [ -0.851840510328143, 46.94420036206764 ], [ -0.852640438206098, 46.93825122906108 ], [ -0.830605600087375, 46.931143729704871 ], [ -0.824358432332768, 46.921706166603073 ], [ -0.80990316161599, 46.919706426860834 ], [ -0.813814300052084, 46.913979182482358 ], [ -0.820340692078254, 46.908976294067351 ], [ -0.818283749139979, 46.902572341486767 ], [ -0.832460381319003, 46.884739706071962 ], [ -0.819017836251377, 46.881121165036859 ], [ -0.795076244872753, 46.861045481685217 ], [ -0.793735463133478, 46.857853620639318 ], [ -0.788296175823482, 46.854301033457723 ], [ -0.78676288371459, 46.851917704723213 ], [ -0.777826233748472, 46.840970992539518 ], [ -0.773172531739705, 46.840357593046171 ], [ -0.761554572310112, 46.833851500826796 ], [ -0.757950657004667, 46.83131922403706 ], [ -0.738594392271886, 46.828894561408937 ], [ -0.729630748088226, 46.821550926934762 ], [ -0.714990737854696, 46.82157431414057 ], [ -0.7100400306094, 46.82157195935909 ], [ -0.701033656402433, 46.811604614252836 ], [ -0.699099729664685, 46.808854576689995 ], [ -0.703625256684463, 46.807455899857707 ], [ -0.718527675075067, 46.798880165597708 ], [ -0.720612154362994, 46.789284956325289 ], [ -0.725161505426501, 46.782917879501639 ], [ -0.726563583328463, 46.768765475568664 ], [ -0.719752446576473, 46.75572670659794 ], [ -0.716599499128346, 46.752971379753909 ], [ -0.707731778698553, 46.749679578889022 ], [ -0.698238270222174, 46.751617333369801 ], [ -0.695491264937202, 46.745369020493506 ], [ -0.698074050710147, 46.735938388418681 ], [ -0.688669439943171, 46.725848012455586 ], [ -0.6844007819561, 46.727652727019048 ], [ -0.673110763482031, 46.720821633994589 ], [ -0.655832206109463, 46.700335336791504 ], [ -0.660357759380656, 46.698667656980511 ], [ -0.678752425943304, 46.686685479108426 ], [ -0.65773746908504, 46.676694408025426 ], [ -0.654026253823841, 46.674478174543438 ], [ -0.636989037762426, 46.663329119139576 ], [ -0.640572668653245, 46.661124144133034 ], [ -0.647809205556051, 46.656783732930421 ], [ -0.650795390530522, 46.644141332613486 ], [ -0.658671348107079, 46.64040170477665 ], [ -0.657072689235006, 46.633953705538211 ], [ -0.643094341554109, 46.637815370690923 ], [ -0.633062492629649, 46.636331194953904 ], [ -0.613965448624746, 46.620124664809111 ], [ -0.617714216297207, 46.618464951133248 ], [ -0.627151346289902, 46.605601171754678 ], [ -0.616698826437629, 46.598874047265923 ], [ -0.618934555625792, 46.592971459620344 ], [ -0.613426709124465, 46.587611000698729 ], [ -0.624699403168316, 46.577447471028599 ], [ -0.622828363409661, 46.574279760753491 ], [ -0.617952707257834, 46.561499154636778 ], [ -0.613200338992214, 46.562352434365174 ], [ -0.608308826771448, 46.562488796244601 ], [ -0.603098349057032, 46.542804642500528 ], [ -0.602900673954081, 46.539619980148728 ], [ -0.602128598958693, 46.533280547788742 ], [ -0.608657180689087, 46.528126072517381 ], [ -0.628197563297273, 46.528165635226834 ], [ -0.642231647878881, 46.524762784300961 ], [ -0.638678748557277, 46.519278211627416 ], [ -0.644359568156087, 46.510894427189477 ], [ -0.634351083228263, 46.504714014046378 ], [ -0.632838913712317, 46.50141789011694 ], [ -0.625532505009279, 46.49676435310456 ], [ -0.628562789233057, 46.479938116637349 ], [ -0.617996814033469, 46.473107151810034 ], [ -0.616219401067983, 46.462833403043831 ], [ -0.608213367636427, 46.454207904754739 ], [ -0.610977863705175, 46.45144334730918 ], [ -0.61809004927567, 46.448955647227436 ], [ -0.620234325570046, 46.439215589859593 ], [ -0.636841429649337, 46.432305615091778 ], [ -0.634985870316065, 46.429110625235083 ], [ -0.64002050640949, 46.415861547299592 ], [ -0.632655035117309, 46.403305209543092 ], [ -0.63787151051146, 46.397505078981652 ], [ -0.620883383437776, 46.390455794535704 ], [ -0.619034525836466, 46.393615339872404 ], [ -0.611005158215838, 46.413051774995118 ], [ -0.601255160577568, 46.412629833048989 ], [ -0.58198876572034, 46.402230408883405 ], [ -0.572377740509953, 46.400711026345391 ], [ -0.569018604883158, 46.394569590464805 ], [ -0.549629522143015, 46.392704938771743 ], [ -0.541295769338246, 46.388943907668157 ], [ -0.537800498012141, 46.38646546545575 ], [ -0.540585125804546, 46.3838101294184 ], [ -0.557285140019424, 46.364045856139569 ], [ -0.559595429214394, 46.360936066809344 ], [ -0.578438338997331, 46.356019328099507 ], [ -0.602849206493125, 46.359585985324223 ], [ -0.608048898082832, 46.346648511720424 ], [ -0.619408264649271, 46.339707902309549 ], [ -0.637248935113951, 46.334578498816853 ], [ -0.636797127125026, 46.324659188668555 ], [ -0.643541220102524, 46.319449710609604 ], [ -0.647444838554484, 46.317702172656396 ], [ -0.652074078318231, 46.31747268193616 ], [ -0.655579060068922, 46.315800736150649 ], [ -0.672272532246012, 46.316219165811674 ], [ -0.676169065273338, 46.318058606199848 ], [ -0.697337762212651, 46.325188955970603 ], [ -0.700530433843017, 46.322759495827334 ], [ -0.70710399106602, 46.318002326753842 ], [ -0.7163569007018, 46.316889416906328 ], [ -0.719803448353686, 46.314577291676841 ], [ -0.718202405145997, 46.305191156407254 ], [ -0.726248919601243, 46.303206263848082 ], [ -0.750475542294759, 46.304258794361928 ], [ -0.753456633680171, 46.306946162867881 ], [ -0.775832973965982, 46.318466728603489 ], [ -0.780848144923611, 46.318363435344793 ], [ -0.792867996649479, 46.324328405015386 ], [ -0.802811274261395, 46.325285996729896 ], [ -0.807126003873837, 46.331371346951613 ], [ -0.797727271404052, 46.338455472062137 ], [ -0.803745810772258, 46.34245573801909 ], [ -0.811170181704958, 46.338042586865093 ], [ -0.825409654425839, 46.336366268454988 ], [ -0.828388861648476, 46.33913304866315 ], [ -0.836394234046591, 46.341360985342902 ], [ -0.846812974857329, 46.334221050143498 ], [ -0.844900487471782, 46.324612091825074 ], [ -0.848986407530356, 46.318325547518164 ], [ -0.863018565905006, 46.319139605290538 ], [ -0.860811287269367, 46.325471220039837 ], [ -0.868529555749959, 46.325488789940891 ], [ -0.870266754505127, 46.322454635364053 ], [ -0.886848100593129, 46.326704260156859 ], [ -0.889040419253406, 46.323861612490866 ], [ -0.895424495522797, 46.316845585124753 ], [ -0.912085727752623, 46.31274920616039 ], [ -0.915043359139867, 46.315532607161394 ], [ -0.933936712312949, 46.312645469573084 ], [ -0.958783902055185, 46.323369882607707 ], [ -0.943731886490711, 46.336965280701826 ], [ -0.935459987362176, 46.356761766936188 ], [ -0.93422991287727, 46.360113069352153 ], [ -0.932977061173688, 46.362969265440292 ], [ -0.927337873376989, 46.370935381229671 ], [ -0.951491090208312, 46.361102648200642 ], [ -0.964513358294434, 46.36540181178048 ], [ -0.966979106474246, 46.362232518773403 ], [ -0.978338999067195, 46.351197475953981 ], [ -1.017638730662765, 46.353010227614853 ], [ -1.050719837788166, 46.343264165487518 ], [ -1.053688012385192, 46.349578387160285 ], [ -1.055236869821451, 46.34641254455326 ], [ -1.07333665571302, 46.326876813339297 ], [ -1.080064405663071, 46.322325962161507 ], [ -1.078143527195843, 46.319256942557814 ], [ -1.095327980554981, 46.313780080483859 ], [ -1.114100358111316, 46.316998605202144 ], [ -1.117433791064276, 46.323244099024478 ], [ -1.121790812132327, 46.323203692060702 ], [ -1.123946366514855, 46.31468571107807 ], [ -1.129404177492161, 46.31027691915596 ], [ -1.1448502818782, 46.314575842555513 ], [ -1.148009786394765, 46.316597844386941 ], [ -1.159802036911356, 46.322434595130787 ], [ -1.16377409975249, 46.324345353213737 ], [ -1.169668079638792, 46.319539878483361 ], [ -1.197370495778751, 46.31539294648713 ], [ -1.202043746195554, 46.316086239675549 ], [ -1.19594610242866, 46.300566625647846 ], [ -1.20709204541106, 46.286141907101353 ], [ -1.207607551070465, 46.282867505695243 ], [ -1.211878645093313, 46.28090596356548 ], [ -1.206537483900902, 46.271490835031315 ], [ -1.210154937372884, 46.269833038519842 ], [ -1.223728196257509, 46.27485770126188 ], [ -1.265423684765382, 46.299904850319543 ], [ -1.299067162595857, 46.322536968237138 ], [ -1.303407206633001, 46.320623501631466 ], [ -1.295244058734234, 46.297078929628896 ], [ -1.278242988310171, 46.288809524307467 ], [ -1.283298408268762, 46.288249601567564 ], [ -1.297511852056473, 46.291501289420673 ], [ -1.300916658900467, 46.294267474803156 ], [ -1.324029475438934, 46.328084841249989 ], [ -1.341475243140991, 46.341047741560523 ], [ -1.350963974605256, 46.34377896539678 ], [ -1.355164885694862, 46.345836946771144 ], [ -1.364669043112289, 46.347926184990577 ], [ -1.371781359808368, 46.345994032979334 ], [ -1.355758181217171, 46.342008486921451 ], [ -1.353404057283043, 46.339429040884532 ], [ -1.372920729095745, 46.343145534848851 ], [ -1.398041225466683, 46.340888631896561 ], [ -1.421945954782882, 46.346636963469287 ], [ -1.440192631385267, 46.341038853010829 ], [ -1.465388275381144, 46.342759507415956 ], [ -1.471553323860287, 46.348073431570946 ], [ -1.479711425854426, 46.36846095451665 ], [ -1.481596339228706, 46.371741976507778 ], [ -1.505168458252629, 46.399385719694799 ], [ -1.537967628059627, 46.409242055158849 ], [ -1.543127447182671, 46.408883262868599 ], [ -1.550665725078839, 46.405461889009864 ], [ -1.564276730952902, 46.406848059893285 ], [ -1.619316066644264, 46.413011138288262 ], [ -1.651348002841271, 46.422831024204029 ], [ -1.649012599863975, 46.425884881763245 ], [ -1.648817445818476, 46.42941072579184 ], [ -1.706676938627688, 46.44999531085584 ], [ -1.714283543290481, 46.459026675993627 ], [ -1.724147278371925, 46.459277303945001 ], [ -1.759459989515734, 46.477403503234491 ], [ -1.761022476910668, 46.480640008587606 ], [ -1.769978107450087, 46.488962406932473 ], [ -1.782750103494499, 46.49430085250431 ], [ -1.792481048970728, 46.493405739926466 ], [ -1.799923114351237, 46.489069720101831 ], [ -1.812599025988149, 46.494318781223427 ], [ -1.818351114360718, 46.514599634110965 ], [ -1.818474294112854, 46.518058603953463 ], [ -1.846335826398633, 46.581328980650042 ], [ -1.84769607930269, 46.584699451606411 ], [ -1.856093638888485, 46.608403295779802 ], [ -1.870705643860829, 46.617787082530228 ], [ -1.875722283444949, 46.627587325568726 ], [ -1.898378972415307, 46.641262142630957 ], [ -1.919750263219308, 46.66867410368576 ], [ -1.922682321686997, 46.671525315262571 ], [ -1.941714312428157, 46.691699751137804 ], [ -1.954849284845024, 46.694687250155631 ], [ -1.959740142761708, 46.693970474078178 ], [ -1.968935775276878, 46.694158587491906 ], [ -1.977773601569379, 46.703022687314593 ], [ -1.982923653929053, 46.720256634397479 ], [ -2.054991654397782, 46.772112302742549 ], [ -2.058247780049409, 46.774919193758635 ], [ -2.138628721385494, 46.816391370260298 ], [ -2.141989148161535, 46.818974949730389 ], [ -2.146519245147385, 46.857634055814586 ], [ -2.15459748213856, 46.888157667523046 ], [ -2.120289818039072, 46.892216439439991 ], [ -2.109842089660924, 46.899484054488916 ], [ -2.118898248039843, 46.90212206362817 ], [ -2.116727527854624, 46.908949480091465 ], [ -2.090021403169199, 46.930127512841231 ], [ -2.074533856437492, 46.937848632909152 ], [ -2.071213301019454, 46.935171009590491 ], [ -2.072748755652659, 46.941842926029331 ], [ -2.057904826463985, 46.951572153272643 ], [ -2.045238179556031, 46.966887652969767 ], [ -2.04464282208445, 46.980401427061963 ], [ -2.028140543947679, 47.009568142364749 ], [ -1.983311738509187, 47.025993768561726 ], [ -1.98041448674285, 47.02890649407567 ], [ -2.003547759065285, 47.060237740429713 ], [ -2.015895215247147, 47.066521867933751 ], [ -2.020004382879744, 47.068679747862639 ], [ -2.033174457137402, 47.074114464690496 ], [ -2.051288121045228, 47.09111376034798 ], [ -2.05368252077287, 47.094247730163943 ], [ -2.101531121429787, 47.106380114649575 ], [ -2.105059574571667, 47.112097460366179 ], [ -2.12005005584577, 47.110197904766949 ], [ -2.145464243309251, 47.111874371330579 ], [ -2.173537533304768, 47.119606586785096 ], [ -2.177282943247447, 47.12199212183571 ], [ -2.213079030572928, 47.124722152308522 ], [ -2.243827065297126, 47.135159498484455 ], [ -2.232409802935902, 47.142299798604192 ], [ -2.228864265691783, 47.144869347686168 ], [ -2.225884033165584, 47.151491461713128 ], [ -2.212931774459928, 47.156091397909584 ], [ -2.174622145726611, 47.158796109843969 ], [ -2.171707157863817, 47.161633227688675 ], [ -2.166598816638423, 47.16739223633413 ], [ -2.160357013666228, 47.194024490301913 ], [ -2.158227097284198, 47.197069684283079 ], [ -2.1596842733112, 47.211006841364487 ], [ -2.178814964789686, 47.235305767838057 ], [ -2.170221222116977, 47.243593112573855 ], [ -2.168510851868608, 47.267803002195286 ], [ -2.148234691425523, 47.26962610251087 ], [ -2.134292974406264, 47.274079001761585 ], [ -2.129200780689888, 47.2746112874595 ], [ -2.062130469560032, 47.28206253428209 ], [ -2.04761782812847, 47.286042350690678 ], [ -2.045758324416687, 47.289388877814737 ], [ -2.042358765292082, 47.291728894144541 ], [ -2.01494953056873, 47.285872987190203 ], [ -2.010493518951965, 47.284577328488439 ], [ -2.010489373813917, 47.29432876704778 ], [ -2.010328394931682, 47.297574108976129 ], [ -2.010274383092144, 47.314742507489015 ], [ -2.015394798288295, 47.315314950370215 ], [ -2.032801442867946, 47.304331291548522 ], [ -2.038534009864869, 47.31354502073421 ], [ -2.043583182470231, 47.313920868375497 ], [ -2.07184070891342, 47.305552667629314 ], [ -2.108056677795198, 47.30606449247702 ], [ -2.113125287283124, 47.305669641873202 ], [ -2.142466511945001, 47.300032415446566 ], [ -2.169089892768787, 47.289916662744702 ], [ -2.181594172943949, 47.298569539150854 ], [ -2.183003720222461, 47.295177458752228 ], [ -2.184784118696576, 47.282178491039687 ], [ -2.193560871684181, 47.278754043404362 ], [ -2.198337814615063, 47.272504076991908 ], [ -2.221793442046633, 47.26589148894967 ], [ -2.228734731053297, 47.257007163472046 ], [ -2.248827615461038, 47.2541854783627 ], [ -2.270119410277704, 47.239567141021126 ], [ -2.294585254089757, 47.234688253823442 ], [ -2.302971765373628, 47.237245853620507 ], [ -2.336953236836743, 47.253369663985147 ], [ -2.346292278288907, 47.265571369506361 ], [ -2.357570053491534, 47.272846353829529 ], [ -2.3619982138898, 47.274572449144358 ], [ -2.395819529656537, 47.281556299042805 ], [ -2.423752090827938, 47.274142892986916 ], [ -2.421238812502603, 47.259109616772434 ], [ -2.449755768878675, 47.26360060902838 ], [ -2.457384227077788, 47.268222669835509 ], [ -2.491706417249181, 47.275326840248269 ], [ -2.503819426379365, 47.280951685145155 ], [ -2.546529983742631, 47.291937239332704 ], [ -2.54292434538636, 47.298120194258225 ], [ -2.518150748804886, 47.300250074253142 ], [ -2.513806298391914, 47.298381247973438 ], [ -2.511633480660107, 47.30202216454952 ], [ -2.513391478784691, 47.303120737435009 ], [ -2.501459636781493, 47.317684358743726 ], [ -2.501156037134189, 47.324683504201332 ], [ -2.50718961530208, 47.341813800649739 ], [ -2.522674528068032, 47.359893078838205 ], [ -2.525944592069038, 47.362625134519206 ], [ -2.55664519362047, 47.373567515440058 ], [ -2.555762383369499, 47.376966874105534 ], [ -2.533174754813636, 47.384272688095791 ], [ -2.502923518098825, 47.402531408457257 ], [ -2.498251611942017, 47.40388973102133 ], [ -2.470757986403585, 47.416955074452396 ], [ -2.463261636360888, 47.412805169487456 ], [ -2.434027999345536, 47.413048695118427 ], [ -2.433067871989787, 47.416423211515976 ], [ -2.454718134633771, 47.425235004675045 ], [ -2.447147352948248, 47.437329614665394 ], [ -2.458489165173294, 47.448121720718291 ], [ -2.452868253969563, 47.460964054028025 ], [ -2.440349788161216, 47.465818531629623 ], [ -2.42761669378332, 47.475788593528065 ], [ -2.423027387309399, 47.47712155981737 ], [ -2.420087724607991, 47.466900251430566 ], [ -2.410409358681902, 47.458833397504215 ], [ -2.395334043162087, 47.456574566875361 ], [ -2.377583819574197, 47.462756539375924 ], [ -2.367209809046701, 47.463190817456564 ], [ -2.355923423453749, 47.455979016477137 ], [ -2.316133207568742, 47.462515071860636 ], [ -2.313425848226593, 47.483064939976167 ], [ -2.300480175292347, 47.498135866788992 ], [ -2.297050162453897, 47.512014345858127 ], [ -2.298099260844191, 47.515476083338747 ], [ -2.29744966089285, 47.515505653882705 ], [ -2.279494205598244, 47.510881478163768 ], [ -2.259526485326739, 47.51174955401747 ], [ -2.255948085228342, 47.509349109285573 ], [ -2.261677370382046, 47.500465550375118 ], [ -2.248655733855887, 47.49529796050296 ], [ -2.244283639694042, 47.493609630626381 ], [ -2.216831953839933, 47.507058669594443 ], [ -2.203240744164071, 47.510499812590133 ], [ -2.198455396207182, 47.511128640376342 ], [ -2.185606358505833, 47.509067748084455 ], [ -2.189111948234152, 47.499376234326448 ], [ -2.186385327419605, 47.493228165703599 ], [ -2.16623284548717, 47.490877276129929 ], [ -2.157795975102502, 47.494751732667176 ], [ -2.155255447342102, 47.497805123763463 ], [ -2.153629061573052, 47.508269124578149 ], [ -2.155170811737761, 47.518728060904863 ], [ -2.148712188717281, 47.523560349993026 ], [ -2.143959648317211, 47.52496117883868 ], [ -2.098851619995684, 47.533449207703441 ], [ -2.097167496157682, 47.540224972964666 ], [ -2.103891635266355, 47.549113054213393 ], [ -2.097499534258328, 47.569237273103226 ], [ -2.096731167462953, 47.572635372680772 ], [ -2.103211174257577, 47.575166023242623 ], [ -2.10506436688377, 47.577538317955202 ], [ -2.100458313115556, 47.578858497959416 ], [ -2.102524078844298, 47.595301798416607 ], [ -2.086480870928721, 47.603254893668769 ], [ -2.085300001157778, 47.606535504815945 ], [ -2.084145972090108, 47.609959238725196 ], [ -2.086554702123863, 47.623744659928313 ], [ -2.097035597340315, 47.631359844014298 ], [ -2.082054100531313, 47.649448443521699 ], [ -2.052004976996452, 47.650401433761829 ], [ -2.047426471538964, 47.663785782354914 ], [ -2.043094573646405, 47.66569569037452 ], [ -2.035332963585691, 47.668474941964988 ], [ -2.016925810557447, 47.666832293177102 ], [ -2.012283940017583, 47.666454473024686 ], [ -1.977135921241354, 47.691668418698164 ], [ -1.973400966511847, 47.694154318642603 ], [ -1.97305575220781, 47.694033738377314 ], [ -1.969041912530722, 47.687810393032478 ], [ -1.969284367395409, 47.6742360585488 ], [ -1.961339380809294, 47.670939430840725 ], [ -1.956328806011855, 47.671188322639928 ], [ -1.936440229661367, 47.686523499790276 ], [ -1.888114375516495, 47.695481929956927 ], [ -1.883073511673482, 47.694989363986195 ], [ -1.878257440329681, 47.695199611937326 ], [ -1.85830385134989, 47.7082502382531 ], [ -1.853487914637505, 47.708035574627182 ], [ -1.841527203868938, 47.705501886926797 ], [ -1.837780398540203, 47.706757233557163 ], [ -1.828414107077228, 47.709543327467287 ], [ -1.820054650746572, 47.705605179746861 ], [ -1.786275575754682, 47.699879210829017 ], [ -1.771608096485924, 47.698675769751951 ], [ -1.75024949050289, 47.706750749604154 ], [ -1.736124962196001, 47.704150179835061 ], [ -1.732593496971893, 47.701840689959866 ], [ -1.729713421084011, 47.699342430436701 ], [ -1.715724908807047, 47.699448047771213 ], [ -1.711269756297184, 47.700421262991057 ], [ -1.706146624733053, 47.708950128600996 ], [ -1.686443002321474, 47.712600245310419 ], [ -1.661157194690487, 47.710203350738901 ], [ -1.648814295640186, 47.720306326937425 ], [ -1.644386799894535, 47.722087220909366 ], [ -1.641237275786794, 47.721824629454368 ], [ -1.638130845279059, 47.722209405593546 ], [ -1.636800646621788, 47.741754922069546 ], [ -1.626098246947205, 47.75655920688785 ], [ -1.627131285226485, 47.75982716966648 ], [ -1.619634200036339, 47.763567534732466 ], [ -1.601773654711968, 47.764541961343383 ], [ -1.598107419993388, 47.76652531356207 ], [ -1.59491038521095, 47.773322469800384 ], [ -1.594141305214127, 47.776030294660686 ], [ -1.585307506421296, 47.778901139349657 ], [ -1.575392542353227, 47.778234431009061 ], [ -1.556429299079451, 47.783725417720298 ], [ -1.530422342690659, 47.784780145454576 ], [ -1.512189951563869, 47.797221963776728 ], [ -1.503981061432981, 47.801080924347218 ], [ -1.494999262958199, 47.798505334362481 ], [ -1.471140046348429, 47.803069938474273 ], [ -1.468448077037148, 47.805904134150914 ], [ -1.474307036703336, 47.823998007271662 ], [ -1.48068652792294, 47.828694108552767 ], [ -1.481872618292927, 47.8318038237134 ], [ -1.479636076680886, 47.834810075898709 ], [ -1.465113940175489, 47.834859670755826 ], [ -1.456579104693004, 47.831750184319709 ], [ -1.427416606784309, 47.832170905550733 ], [ -1.419284742380683, 47.82904356862003 ], [ -1.414845907396808, 47.827498262390641 ], [ -1.411961877852316, 47.828553406599696 ], [ -1.409149277644898, 47.827406348686296 ], [ -1.405523000070748, 47.825000819569148 ], [ -1.391975992389017, 47.828547273729313 ], [ -1.381227738256499, 47.821414122058592 ], [ -1.374824179320673, 47.80882664551374 ], [ -1.365536158509353, 47.806036440076177 ], [ -1.364477839245798, 47.799666983265709 ], [ -1.339993106293133, 47.795213959706437 ], [ -1.337149998176977, 47.794634277255746 ], [ -1.251009117850232, 47.777622051576145 ], [ -1.245882346289054, 47.776717547680398 ], [ -1.237061724045941, 47.799597314963769 ], [ -1.240192542768622, 47.802287070126923 ], [ -1.238251734325716, 47.809991462970707 ], [ -1.227872181615528, 47.820289992258111 ], [ -1.223153463575234, 47.819009132607484 ], [ -1.22086665407234, 47.821723346402301 ], [ -1.216083304094191, 47.836153992512109 ], [ -1.214178354602925, 47.842513469255806 ], [ -1.222125802389136, 47.850365969013623 ], [ -1.217566279792175, 47.856009898308002 ], [ -1.213082232169706, 47.857216634250477 ], [ -1.206104205574885, 47.858386530666174 ], [ -1.203022811757432, 47.856847743731556 ], [ -1.191996835724695, 47.865435008457347 ], [ -1.189162721358864, 47.867708331649482 ], [ -1.197464032299506, 47.879019563231083 ], [ -1.197126477992007, 47.885592734098495 ], [ -1.192156019658985, 47.891024748622819 ], [ -1.179919072604602, 47.895580097116607 ], [ -1.176174710922617, 47.897723199257591 ], [ -1.175714960833029, 47.910951503513758 ], [ -1.168644259729215, 47.915474668888258 ], [ -1.16313267204448, 47.92808895336227 ], [ -1.16715087079472, 47.934173687785375 ], [ -1.162791914899366, 47.937924120522545 ], [ -1.159513986008305, 47.939220868111668 ], [ -1.16128885556184, 47.952946211695064 ], [ -1.152451666937114, 47.966344140354366 ], [ -1.148706850675075, 47.968215722670493 ], [ -1.129886364152303, 47.971221901503867 ], [ -1.122299648007592, 47.986510535860148 ], [ -1.107516083746772, 47.988875524171597 ], [ -1.098002530979247, 47.987017901290095 ], [ -1.092993250599475, 47.987507870179307 ], [ -1.083363434425529, 47.985698193486222 ], [ -1.078713813155621, 47.984408859575389 ], [ -1.072251890990795, 47.982064780191088 ], [ -1.068830170081645, 47.98294926026756 ], [ -1.050315971049407, 47.984634142034196 ], [ -1.035241062761233, 47.992010074046682 ], [ -1.030416812011287, 47.992472965752121 ], [ -1.021712288858815, 47.995402296483654 ], [ -1.017261116164222, 48.008043419061899 ], [ -1.021412716936666, 48.017443838621681 ], [ -1.033554286871846, 48.032607520337351 ], [ -1.0280889129446, 48.038462492404072 ], [ -1.033182886010381, 48.051353329587847 ], [ -1.029935160932591, 48.057762960435973 ], [ -1.028221607486429, 48.061029360197196 ], [ -1.021497175678883, 48.068404585893262 ], [ -1.025491924138632, 48.069844859550486 ], [ -1.040331607301894, 48.078085601169605 ], [ -1.047249675051708, 48.086606147832669 ], [ -1.049132815939739, 48.08959594469983 ], [ -1.052935887648463, 48.106044255862649 ], [ -1.057021803586011, 48.122464587255017 ], [ -1.059299481707526, 48.125485680681706 ], [ -1.060683396055215, 48.14873841203832 ], [ -1.068943582235697, 48.159482039931063 ], [ -1.073925816901178, 48.159301000725655 ], [ -1.072702394269972, 48.165785505498548 ], [ -1.079822438452138, 48.176874127491871 ], [ -1.078229272049277, 48.179965612405667 ], [ -1.07435650896104, 48.200470974875735 ], [ -1.077649974850458, 48.203150293966452 ], [ -1.08188846374575, 48.205148133198833 ], [ -1.087119872395883, 48.210039675492148 ], [ -1.082530400926725, 48.216226111446872 ], [ -1.080599817058456, 48.21950036316759 ], [ -1.098671843793124, 48.251309689832482 ], [ -1.099932365516412, 48.268375327160967 ], [ -1.093643133614732, 48.272881927826795 ], [ -1.088449703659114, 48.290125650386621 ], [ -1.065875256882589, 48.309679407700685 ], [ -1.060960289272074, 48.311091538017394 ], [ -1.059221559643881, 48.312187274617941 ], [ -1.045829711977082, 48.329655060410047 ], [ -1.053602426964229, 48.338127662238691 ], [ -1.05578003290625, 48.341134088358466 ], [ -1.059735435493396, 48.366817753705945 ], [ -1.064837817292574, 48.367237267216495 ], [ -1.057253180701563, 48.375821448332559 ], [ -1.056579887734915, 48.379186723248139 ], [ -1.052792576523178, 48.38092893308859 ], [ -1.064323429001106, 48.399929310080317 ], [ -1.079478143582907, 48.413903264822466 ], [ -1.079734741381962, 48.417380730833997 ], [ -1.078454583377142, 48.418496803314781 ], [ -1.078226599523465, 48.422008949112843 ], [ -1.081435909698818, 48.438573093758478 ], [ -1.068721156356293, 48.448675965555836 ], [ -1.06533229431244, 48.451251425789991 ], [ -1.067159976055882, 48.4603320573475 ], [ -1.06464945506035, 48.466912954846997 ], [ -1.07358617497747, 48.474893880857536 ], [ -1.077392444830402, 48.491094724089848 ], [ -1.074920047387348, 48.501133403073702 ], [ -1.067460235862457, 48.505613909354992 ], [ -1.070164514370242, 48.508493814190352 ], [ -1.062996954082096, 48.513090054871277 ], [ -1.060748477292294, 48.515391877748492 ], [ -1.011839178292804, 48.492995251499828 ], [ -1.002974759850267, 48.489069986876764 ], [ -0.973776160761286, 48.494834073060851 ], [ -0.963866928292643, 48.502686456530519 ], [ -0.962230292360274, 48.512775108151068 ], [ -0.95388414113314, 48.516791248733888 ], [ -0.94404232608571, 48.514641580070318 ], [ -0.923879290855636, 48.513138858223734 ], [ -0.918084374718067, 48.500720467759784 ], [ -0.909357144114903, 48.497279287999824 ], [ -0.899357230912208, 48.497482079951141 ], [ -0.896032708921183, 48.494871148469386 ], [ -0.864503024751143, 48.499891742065415 ], [ -0.860362915434868, 48.501458496522538 ], [ -0.845825915205473, 48.497832277105246 ], [ -0.826973013008754, 48.47718599024391 ], [ -0.821988459208765, 48.476076698416755 ], [ -0.818080433019391, 48.474121974119591 ], [ -0.818600841919464, 48.468431039613925 ], [ -0.815107605783603, 48.457456182851026 ], [ -0.812743258654203, 48.454920251279013 ], [ -0.793424355438099, 48.465266758225937 ], [ -0.777874072452454, 48.465411682008657 ], [ -0.773966395562763, 48.442713516378745 ], [ -0.760817400648855, 48.436412345359351 ], [ -0.75648307764865, 48.436937017002741 ], [ -0.715918184517923, 48.450895966271197 ], [ -0.73525784264321, 48.462401975713114 ], [ -0.730066463101813, 48.472048830772515 ], [ -0.725250854762831, 48.473469973429957 ], [ -0.71695499073223, 48.470316806825195 ], [ -0.703267913023385, 48.47288819429545 ], [ -0.702105885423391, 48.469664275513168 ], [ -0.692663227102636, 48.468274391739889 ], [ -0.687991431693138, 48.469437364527778 ], [ -0.683610161603086, 48.470690192621774 ], [ -0.683669612542153, 48.476938441017431 ], [ -0.669078861007521, 48.483289220651685 ], [ -0.668839878800365, 48.486457623659469 ], [ -0.658167588567825, 48.474845434649026 ], [ -0.653976927372034, 48.45745827104453 ], [ -0.653906063785077, 48.453912141705423 ], [ -0.654215209231616, 48.444545473411665 ], [ -0.613629458806438, 48.460612339295636 ], [ -0.598928777330041, 48.470740112536824 ], [ -0.594310682332053, 48.472519073785591 ], [ -0.593207144757478, 48.4708414600087 ], [ -0.575807055513121, 48.470079294262163 ], [ -0.571638759713263, 48.468926069473483 ], [ -0.567457103909282, 48.474545096667946 ], [ -0.564255348535802, 48.476856594663523 ], [ -0.562327624813, 48.47379865568098 ], [ -0.553156649905916, 48.472965952311682 ], [ -0.537870155739288, 48.488884392247776 ], [ -0.534906776096907, 48.491548103884355 ], [ -0.518632472930249, 48.49755156914317 ], [ -0.512798141683829, 48.506531032326414 ], [ -0.509293872727288, 48.508840804156172 ], [ -0.492665194512761, 48.50211826142661 ], [ -0.482929596136971, 48.502629337033888 ], [ -0.478198137578169, 48.501570405632201 ], [ -0.466117492119486, 48.512521997545036 ], [ -0.455856117293371, 48.512694956195531 ], [ -0.450727770554175, 48.512817052211822 ], [ -0.446882697373109, 48.514936684100007 ], [ -0.428466974208817, 48.510211162429222 ], [ -0.42447291387561, 48.508192371197566 ], [ -0.425448606186847, 48.507362847316642 ], [ -0.400874509190009, 48.507889024704674 ], [ -0.397656718073911, 48.51051130290562 ], [ -0.393346292616655, 48.501072088454137 ], [ -0.38925289634858, 48.499370143887461 ], [ -0.375751275397086, 48.49609906565513 ], [ -0.371083122257312, 48.495556383750674 ], [ -0.365814075266628, 48.487548102310924 ], [ -0.353151787746396, 48.483773531921457 ], [ -0.353789055495052, 48.496496339837115 ], [ -0.336825254032484, 48.502421674812574 ], [ -0.334972614367208, 48.509082584650471 ], [ -0.32023907382979, 48.522928997328549 ], [ -0.312304524234804, 48.52026931008821 ], [ -0.308956278165293, 48.518327789054332 ], [ -0.290094241658036, 48.516870909866832 ], [ -0.285881210195997, 48.515168799080634 ], [ -0.285282941024555, 48.508648716856385 ], [ -0.271549753116083, 48.507452174040097 ], [ -0.268389727853264, 48.520666322848257 ], [ -0.250837396054292, 48.528080526772655 ], [ -0.243056810963342, 48.537062343344502 ], [ -0.260578177757533, 48.54913346569424 ], [ -0.257471999748663, 48.551955608330893 ], [ -0.249292614485399, 48.5560778339457 ], [ -0.246472779398911, 48.565725155251457 ], [ -0.242639134740838, 48.567999494061716 ], [ -0.230694919267571, 48.561950497647288 ] ] ] ] } },
{ "type": "Feature", "properties": { "code_INSEE": 74, "NOM": "OCCITANIE", "population": 5419946, "nb_dentist": 4166 }, "geometry": { "type": "MultiPolygon", "coordinates": [ [ [ [ 1.543941503631493, 45.031250074586026 ], [ 1.552039503253942, 45.028473972211508 ], [ 1.570970137217966, 45.039560943657364 ], [ 1.603883027853197, 45.035349736021629 ], [ 1.608068642894086, 45.033529047981979 ], [ 1.608958524830606, 45.028893474750234 ], [ 1.609559547898302, 45.032304954423857 ], [ 1.627745994236404, 45.033323028398819 ], [ 1.632380410395558, 45.032326440309902 ], [ 1.647370414501421, 45.025836737439988 ], [ 1.651891470450759, 45.025288229870959 ], [ 1.653199314963565, 45.018955455443248 ], [ 1.671410933157716, 45.004306958133988 ], [ 1.68007804724146, 45.003329485069564 ], [ 1.684371306997865, 45.002659920464559 ], [ 1.689268840810606, 44.994604219790205 ], [ 1.692273149256513, 44.992577430977541 ], [ 1.700372813515538, 44.989160401552326 ], [ 1.703376659040152, 44.986575013336257 ], [ 1.707507783194605, 44.972512402557506 ], [ 1.708766520127512, 44.969636456581867 ], [ 1.710880205565661, 44.96708558315359 ], [ 1.712967662181643, 44.967325875153591 ], [ 1.726255735503332, 44.967010597115198 ], [ 1.736181652526268, 44.960532311204204 ], [ 1.74073373999037, 44.960583949919688 ], [ 1.748795223655803, 44.956829904754599 ], [ 1.755329447200746, 44.944134517024295 ], [ 1.753982325530394, 44.940850714580421 ], [ 1.750554374316814, 44.938786179162065 ], [ 1.767010092561871, 44.933044836417281 ], [ 1.771446765941528, 44.927267950747854 ], [ 1.774028996279141, 44.924532040235569 ], [ 1.774608387944572, 44.92353891590075 ], [ 1.777452705207565, 44.926208597163338 ], [ 1.784546191010988, 44.930518572374069 ], [ 1.785700867296047, 44.936906476850048 ], [ 1.788603038074195, 44.934605939726261 ], [ 1.801468065426967, 44.926407135551827 ], [ 1.80016665358331, 44.920287985294777 ], [ 1.800798469724646, 44.920375846145781 ], [ 1.810041854702666, 44.92794899929909 ], [ 1.81974125599631, 44.927224000730028 ], [ 1.827628142405968, 44.930729203012447 ], [ 1.829360683589121, 44.933962091202709 ], [ 1.831572209008985, 44.943422151633968 ], [ 1.835889740096068, 44.944322878737282 ], [ 1.838527418831029, 44.938182336820539 ], [ 1.842771822534478, 44.93708302368514 ], [ 1.848411622465533, 44.943958035326922 ], [ 1.85105272603523, 44.946245504636551 ], [ 1.887090705568032, 44.956336952675166 ], [ 1.88836779667717, 44.962923036702868 ], [ 1.907779140544834, 44.978242979798992 ], [ 1.927179143304903, 44.978800945153907 ], [ 1.936522121889771, 44.973163790009686 ], [ 1.940149868623805, 44.971838736705386 ], [ 1.941333353653561, 44.958208241397045 ], [ 1.946190676464592, 44.953482026010413 ], [ 1.950990172372895, 44.95315822566846 ], [ 1.9566003883324, 44.959009855794598 ], [ 1.984336323498638, 44.97371869576093 ], [ 2.008267525053255, 44.976230747348403 ], [ 2.040848338874616, 44.981982079701851 ], [ 2.045120631738128, 44.983666628281817 ], [ 2.058581444915705, 44.975407312094561 ], [ 2.062914291973037, 44.976506405515664 ], [ 2.079176426560853, 44.954968924965762 ], [ 2.080703038894317, 44.951577954703907 ], [ 2.076351349038701, 44.934785048677725 ], [ 2.102335396609659, 44.919915980947167 ], [ 2.1051146445044, 44.913320377711948 ], [ 2.10811041477817, 44.910598215991669 ], [ 2.085431915826653, 44.898771569520079 ], [ 2.084512059387847, 44.888373298022394 ], [ 2.093510013042831, 44.872374922292288 ], [ 2.097413737159612, 44.87056990813636 ], [ 2.117213433342379, 44.848255280347672 ], [ 2.127145857686562, 44.843579785460236 ], [ 2.127672578311145, 44.840630658844184 ], [ 2.136777644699307, 44.826241704826245 ], [ 2.13980050301671, 44.823825152193649 ], [ 2.144397499344886, 44.82352755822108 ], [ 2.166289813136657, 44.812070391644376 ], [ 2.166053357533301, 44.799022240032237 ], [ 2.169115001431905, 44.792940728383357 ], [ 2.171632826445437, 44.790258467985275 ], [ 2.169882080914923, 44.784663112550277 ], [ 2.16850647284125, 44.781933705966004 ], [ 2.164662977116167, 44.772595066396015 ], [ 2.155249313512372, 44.771551335891019 ], [ 2.150974889012869, 44.770024077506861 ], [ 2.149147032605962, 44.769703938576171 ], [ 2.148907991602344, 44.7662897336591 ], [ 2.153491916009514, 44.753107579025254 ], [ 2.154692335062194, 44.74974040975723 ], [ 2.148087185042006, 44.722850347041003 ], [ 2.133279388216041, 44.709356302368484 ], [ 2.130063672994608, 44.699301260278126 ], [ 2.1328733513043, 44.697189495144421 ], [ 2.138291386952896, 44.692883163358957 ], [ 2.142949061415587, 44.693702617373837 ], [ 2.15466580094594, 44.699365802650547 ], [ 2.1585460445123, 44.697351596480111 ], [ 2.17915233871047, 44.674448824774828 ], [ 2.176250613514879, 44.671834320018014 ], [ 2.166010129103491, 44.661286818848616 ], [ 2.169023417385626, 44.658833602803249 ], [ 2.173734729000363, 44.653250883415048 ], [ 2.169540676365718, 44.647700513200007 ], [ 2.169418986484076, 44.637985171951989 ], [ 2.17232631881445, 44.635783190573221 ], [ 2.17655492666366, 44.635472639241449 ], [ 2.204863595814908, 44.618393896332144 ], [ 2.20747528553082, 44.615531676529812 ], [ 2.216622400391905, 44.621250781730865 ], [ 2.220569798901172, 44.622034936905976 ], [ 2.217619500011767, 44.624796041538467 ], [ 2.208413991565644, 44.643844101683413 ], [ 2.227114985057709, 44.654032863256326 ], [ 2.250538847448833, 44.652042295159106 ], [ 2.265206121264246, 44.660846709899438 ], [ 2.270053572308372, 44.660581695663012 ], [ 2.274460530803125, 44.661213893486369 ], [ 2.286188845947854, 44.666457975624645 ], [ 2.303361442203217, 44.663200268240466 ], [ 2.320317321109251, 44.667285096866408 ], [ 2.324130165836907, 44.66915408726166 ], [ 2.329813494341796, 44.666532744738632 ], [ 2.332220863207285, 44.664593632080205 ], [ 2.336616517525091, 44.658768085045878 ], [ 2.33504340664229, 44.648837295774264 ], [ 2.35098402806381, 44.641234419372893 ], [ 2.365289595536791, 44.641848618146824 ], [ 2.380878213551116, 44.64967052783684 ], [ 2.392670954936091, 44.644937327100727 ], [ 2.39713446825301, 44.646186147386558 ], [ 2.401279108803445, 44.645416400765306 ], [ 2.404766324223806, 44.647181794063933 ], [ 2.435650356783709, 44.639745225165427 ], [ 2.450107994672715, 44.648082718057708 ], [ 2.468040102701019, 44.64289471730357 ], [ 2.468999762086834, 44.649453435366212 ], [ 2.471964678888759, 44.652024454286163 ], [ 2.476306431520972, 44.650334542284355 ], [ 2.484685422004238, 44.652588607455542 ], [ 2.489523588297414, 44.658715013405008 ], [ 2.489175768397987, 44.669255850099916 ], [ 2.500495828068304, 44.688807989562875 ], [ 2.516627329233623, 44.695883955932061 ], [ 2.518885094457085, 44.699026845871067 ], [ 2.520134260039778, 44.702048285815174 ], [ 2.536400169040924, 44.711957925286086 ], [ 2.55623000846163, 44.722230645010171 ], [ 2.549397371602439, 44.728649278281601 ], [ 2.55212823330989, 44.731460322690069 ], [ 2.55414157776789, 44.733998322147151 ], [ 2.554239726443861, 44.739148510267903 ], [ 2.553677951420406, 44.757422688938441 ], [ 2.560675264911786, 44.761042926761277 ], [ 2.563363528911399, 44.77124519872676 ], [ 2.564485945220912, 44.778092083389467 ], [ 2.578243154289092, 44.785951103170611 ], [ 2.586563562950881, 44.783992718154664 ], [ 2.590137159477335, 44.786283812338361 ], [ 2.600122717273042, 44.793666946632079 ], [ 2.598424500507179, 44.820769830980652 ], [ 2.609777049820182, 44.82728376642676 ], [ 2.610223737719411, 44.834019873467128 ], [ 2.60416224306108, 44.843091870007619 ], [ 2.618041055828472, 44.852972255660497 ], [ 2.626615971932694, 44.869225685416794 ], [ 2.629077497997045, 44.872259110705848 ], [ 2.653048841753488, 44.869770600859255 ], [ 2.656223238892771, 44.872418495186579 ], [ 2.658610886025322, 44.885805072207638 ], [ 2.679376056698013, 44.904423254727469 ], [ 2.681867929715192, 44.907347574472332 ], [ 2.689464163776354, 44.903767637294614 ], [ 2.702555531324249, 44.905307049734418 ], [ 2.706372274721796, 44.907090903199624 ], [ 2.714067314082488, 44.926072523752246 ], [ 2.716765564476892, 44.928834538265271 ], [ 2.724567673119901, 44.927341537957766 ], [ 2.733919381795943, 44.938402758749795 ], [ 2.737687825227628, 44.940365503679566 ], [ 2.738254293313806, 44.941222184736709 ], [ 2.742087308882822, 44.931975411729638 ], [ 2.755915112444991, 44.932150692185303 ], [ 2.77609510644818, 44.909639215643516 ], [ 2.772244419735666, 44.900024621021856 ], [ 2.775893751320446, 44.890263240484579 ], [ 2.778589796222855, 44.887495573524035 ], [ 2.775611300302545, 44.884878587557694 ], [ 2.767711091710696, 44.865928088932208 ], [ 2.772282073692234, 44.856402947845403 ], [ 2.781646830568421, 44.856970969187607 ], [ 2.784749466631134, 44.863216385613711 ], [ 2.802790092203912, 44.873828914466905 ], [ 2.807588058144827, 44.874098431071744 ], [ 2.814630846206114, 44.869446635666165 ], [ 2.851531145956667, 44.871888010158642 ], [ 2.854930826744999, 44.874314423705513 ], [ 2.859678727482899, 44.874464579377928 ], [ 2.860544036501554, 44.867641081843274 ], [ 2.855424421697733, 44.854732681195479 ], [ 2.863543079006333, 44.847423229622329 ], [ 2.861554101724132, 44.837958265370148 ], [ 2.869874454150929, 44.829577254227672 ], [ 2.879445550830413, 44.803100504651184 ], [ 2.889641952868925, 44.788327888071009 ], [ 2.897865546574705, 44.78511263765477 ], [ 2.906916634932483, 44.785453722245791 ], [ 2.916729736068951, 44.792051839729488 ], [ 2.920190852300744, 44.794314181348625 ], [ 2.931810921559147, 44.783725216404711 ], [ 2.933774002986118, 44.780647333014521 ], [ 2.936372824502356, 44.774085578112249 ], [ 2.93170782596385, 44.764521511786441 ], [ 2.91776673259043, 44.765961542291834 ], [ 2.914117873592827, 44.763717006565656 ], [ 2.914287396582836, 44.760277962168928 ], [ 2.917021050034476, 44.757435073328537 ], [ 2.930116485009461, 44.753572791040504 ], [ 2.933510163397207, 44.747200727803893 ], [ 2.931311509646882, 44.737206042396537 ], [ 2.923264467172186, 44.728647926118661 ], [ 2.929367402679675, 44.716200907058237 ], [ 2.930886471121658, 44.71303283638418 ], [ 2.934201441137657, 44.696226459188658 ], [ 2.941417972545008, 44.68722766610432 ], [ 2.939346065630673, 44.677575531348424 ], [ 2.947500213165422, 44.674329691418222 ], [ 2.955269374599754, 44.662188371665572 ], [ 2.962676882029668, 44.657869803930332 ], [ 2.961871925327654, 44.654466499213356 ], [ 2.967625578594397, 44.650498136420246 ], [ 2.970250010283234, 44.648257200650427 ], [ 2.977212865681025, 44.644711793753451 ], [ 2.981676983604249, 44.644685615308994 ], [ 2.985620605254335, 44.658235274422367 ], [ 2.999722412758268, 44.676538825037348 ], [ 3.001627968241495, 44.686838029191925 ], [ 3.016021972227441, 44.712531075815058 ], [ 3.034293148509642, 44.715542902815997 ], [ 3.039128661858303, 44.715001124448932 ], [ 3.034893717315734, 44.727048476168513 ], [ 3.027305271830378, 44.730219650929996 ], [ 3.028746567442006, 44.733190268452496 ], [ 3.031344939173385, 44.749638058580111 ], [ 3.037831861059023, 44.75808989539798 ], [ 3.04224276003677, 44.759384742994428 ], [ 3.048236547250949, 44.764324983665738 ], [ 3.044048171534524, 44.773527890803472 ], [ 3.049474938224084, 44.778621366450068 ], [ 3.049970813605313, 44.781880277485911 ], [ 3.048705074252532, 44.794611302793456 ], [ 3.046241681844652, 44.797295304726013 ], [ 3.047916414418333, 44.803902937719577 ], [ 3.064033621599882, 44.820235665136643 ], [ 3.072702036334358, 44.822751235775982 ], [ 3.076979976508842, 44.824278905158252 ], [ 3.072175424232722, 44.836265506440562 ], [ 3.089340665366495, 44.832786744952678 ], [ 3.093845591364899, 44.833125151836732 ], [ 3.096528347082587, 44.833338929752777 ], [ 3.099159383668069, 44.832913455000813 ], [ 3.097681390080456, 44.841557941886251 ], [ 3.100178579644171, 44.843923590411151 ], [ 3.094844936899442, 44.85547956731827 ], [ 3.103187989264416, 44.863215027215645 ], [ 3.104978689238942, 44.866265497560839 ], [ 3.103126046257271, 44.884634210116715 ], [ 3.11951580687151, 44.891541442645497 ], [ 3.128384171684512, 44.903578211722639 ], [ 3.142848493777612, 44.902282059035755 ], [ 3.147950859464233, 44.896342078398121 ], [ 3.151478462977281, 44.893933394104842 ], [ 3.157550579390346, 44.886641139414358 ], [ 3.160279981380016, 44.884467400705688 ], [ 3.164672596383062, 44.875178424118801 ], [ 3.179881698064117, 44.867808035632244 ], [ 3.181618778129956, 44.864690028197167 ], [ 3.190270819095295, 44.862523724864936 ], [ 3.195962945439826, 44.872084455970445 ], [ 3.21481455408326, 44.875002716421108 ], [ 3.225669282484506, 44.882093920325232 ], [ 3.234928394868116, 44.888584237049898 ], [ 3.227768930530249, 44.897071440851605 ], [ 3.228277786850219, 44.906947262691659 ], [ 3.226427597770186, 44.909976238441736 ], [ 3.23115827101133, 44.911118952282678 ], [ 3.249692523675225, 44.916237893044929 ], [ 3.2445646548732, 44.931717464328123 ], [ 3.250201422743557, 44.936584881938302 ], [ 3.248414345130839, 44.93950606558915 ], [ 3.252172438397947, 44.940785124951532 ], [ 3.256169473872845, 44.941604322101355 ], [ 3.265703089659657, 44.941662979850769 ], [ 3.262554405296848, 44.935241864039185 ], [ 3.267128851587693, 44.92959469903915 ], [ 3.285388635127455, 44.926253994225533 ], [ 3.300883060336165, 44.939367443531246 ], [ 3.314335544520953, 44.939789408894953 ], [ 3.318249979475875, 44.946008812935112 ], [ 3.334081232663091, 44.953849611639292 ], [ 3.337948402304447, 44.955908780382288 ], [ 3.350369914008283, 44.955032993118046 ], [ 3.354527750802366, 44.954821733715356 ], [ 3.355221586733514, 44.958258942635453 ], [ 3.361342580739936, 44.971411709678954 ], [ 3.368996629978351, 44.974177753360273 ], [ 3.37271085258824, 44.975723025570126 ], [ 3.371663674003481, 44.968928678819715 ], [ 3.377782783888405, 44.9565909299439 ], [ 3.39090613362493, 44.952773008065186 ], [ 3.403222387512075, 44.956861750619083 ], [ 3.41081670182926, 44.948001281916071 ], [ 3.412834742275385, 44.944842501975828 ], [ 3.41511903622831, 44.926304376502145 ], [ 3.410380030855161, 44.917786501572891 ], [ 3.413025575082332, 44.915669846709086 ], [ 3.419256601220584, 44.908434596852793 ], [ 3.417812268630303, 44.905036666580585 ], [ 3.421510948391247, 44.894821607193037 ], [ 3.435711334721289, 44.880244038151837 ], [ 3.436572483235663, 44.876990371639543 ], [ 3.441800388956105, 44.854226792930227 ], [ 3.445198454072137, 44.851764267703054 ], [ 3.457593369117124, 44.841323848525604 ], [ 3.456169977694954, 44.831227838438231 ], [ 3.470010111296337, 44.821941564272791 ], [ 3.478242426664648, 44.809679762840666 ], [ 3.48696686756871, 44.806472612756814 ], [ 3.490993508872473, 44.808480623172528 ], [ 3.493094306664139, 44.811514451802871 ], [ 3.507375066107238, 44.824234921322642 ], [ 3.512200404150626, 44.824815981666049 ], [ 3.541088928784633, 44.828055164633206 ], [ 3.555336741702029, 44.825670872446914 ], [ 3.56877013613739, 44.834183171531002 ], [ 3.582453352148914, 44.826117064804073 ], [ 3.589724400107268, 44.829391954239874 ], [ 3.586883934495279, 44.836051624360536 ], [ 3.59783012667429, 44.858709250868969 ], [ 3.595023653530166, 44.87579523801201 ], [ 3.603368926318567, 44.879378692787348 ], [ 3.60828190349154, 44.879333884797447 ], [ 3.614235014758795, 44.874817281725008 ], [ 3.629866145968212, 44.879825818453106 ], [ 3.632535140457957, 44.877307617832273 ], [ 3.640653913727311, 44.87856661700274 ], [ 3.644297179394541, 44.877131956253571 ], [ 3.66013686832168, 44.870511230594332 ], [ 3.664392222055604, 44.860968936621894 ], [ 3.671244553996265, 44.857029120362959 ], [ 3.673640166794447, 44.85412442726399 ], [ 3.669727615835032, 44.841281876731308 ], [ 3.661599515097395, 44.83775618927902 ], [ 3.657417171574798, 44.836124379319074 ], [ 3.663663168336531, 44.831414328358377 ], [ 3.66636491464299, 44.828778088734794 ], [ 3.694678520995067, 44.831674675484663 ], [ 3.70180886827158, 44.836266686048823 ], [ 3.719429240187556, 44.83179607915212 ], [ 3.735967957376108, 44.83672067790333 ], [ 3.735379732214462, 44.840118970582388 ], [ 3.743865804949569, 44.837802485264319 ], [ 3.755779340940885, 44.817535726966696 ], [ 3.759832616460141, 44.816058450156312 ], [ 3.761686918617931, 44.812876448001504 ], [ 3.759954110010641, 44.806333685845253 ], [ 3.764135332507937, 44.800380575450816 ], [ 3.77195184526778, 44.802316244142823 ], [ 3.797349065201209, 44.786488249924815 ], [ 3.804675117801092, 44.773641213470974 ], [ 3.806989801725859, 44.767582991751723 ], [ 3.810630503957909, 44.765881762540836 ], [ 3.817335365117872, 44.769812100927609 ], [ 3.819372405833958, 44.772561162328543 ], [ 3.833253242104671, 44.775275818684236 ], [ 3.841852255342835, 44.772131610788605 ], [ 3.841072318639203, 44.765618921700366 ], [ 3.8329736682789, 44.757252739477991 ], [ 3.829914990945892, 44.75463764760287 ], [ 3.839418691548292, 44.747120131946019 ], [ 3.858307708161569, 44.745525845604185 ], [ 3.862527328127133, 44.743872437148589 ], [ 3.877097156452844, 44.735987982111205 ], [ 3.863763150175123, 44.722326392310237 ], [ 3.863100025720888, 44.712022593102844 ], [ 3.870007946261563, 44.707205708404985 ], [ 3.869246311770266, 44.700396093749518 ], [ 3.869647744005693, 44.69696264049238 ], [ 3.883529151740936, 44.696717670030466 ], [ 3.884563260091344, 44.693441170106773 ], [ 3.881766727573615, 44.690573388147534 ], [ 3.871647067557058, 44.679336302781323 ], [ 3.88537340928617, 44.657457283503739 ], [ 3.894778089961901, 44.649962901141372 ], [ 3.895766094794996, 44.642293122337996 ], [ 3.894402612927971, 44.639017971571434 ], [ 3.894139724131013, 44.615287659479378 ], [ 3.90666231718382, 44.610963175969921 ], [ 3.908084441985978, 44.607701362603976 ], [ 3.905329574001494, 44.595461704904316 ], [ 3.906539968774397, 44.592372722164178 ], [ 3.91846592924054, 44.587367549516223 ], [ 3.91682073470476, 44.580709932792921 ], [ 3.921627105858074, 44.574962001303867 ], [ 3.923566877594876, 44.571884764659693 ], [ 3.944441487103601, 44.57366192688211 ], [ 3.948773902996817, 44.572886548436585 ], [ 3.958490421757283, 44.556894251971229 ], [ 3.960905954713971, 44.553812229258064 ], [ 3.964955387530294, 44.541001649190726 ], [ 3.965691680940648, 44.537682114893585 ], [ 3.967657259604553, 44.534855976642021 ], [ 3.978997537429275, 44.521755718845448 ], [ 3.975790107917653, 44.516742489722503 ], [ 3.980284487734322, 44.515424244417865 ], [ 3.986789193557799, 44.502429111675212 ], [ 3.987125419841063, 44.474868482136223 ], [ 3.998162987763963, 44.459797555863204 ], [ 4.002602687039317, 44.458514894177327 ], [ 4.015082229346186, 44.453476201674235 ], [ 4.0166602508548, 44.450364725264919 ], [ 4.02387623578353, 44.446300730804879 ], [ 4.037103226640191, 44.445951999678947 ], [ 4.045418722355211, 44.433494716739752 ], [ 4.037812651813812, 44.42091789098366 ], [ 4.054794878432185, 44.414787864317418 ], [ 4.068440197624279, 44.405059567201874 ], [ 4.059453322895632, 44.393911172695049 ], [ 4.042393082003229, 44.394073983469148 ], [ 4.043749376806834, 44.384554494232773 ], [ 4.046711068273638, 44.382464809968923 ], [ 4.052980345425565, 44.378696008151678 ], [ 4.056717546663975, 44.361024418276656 ], [ 4.053676977449851, 44.35879396873689 ], [ 4.051159659984885, 44.346205734990093 ], [ 4.053046922035821, 44.3397510289346 ], [ 4.047918736658533, 44.334443631565101 ], [ 4.035706171010427, 44.329851110501181 ], [ 4.038705226636979, 44.327887350478221 ], [ 4.048058637303705, 44.318949435218229 ], [ 4.051451662788485, 44.317323657117022 ], [ 4.055621068476555, 44.319021144134659 ], [ 4.06014403654324, 44.320165932974867 ], [ 4.073841934926563, 44.329026315133831 ], [ 4.103860840373232, 44.333905515469787 ], [ 4.106627578868647, 44.332356318581077 ], [ 4.109419949678887, 44.330842802651595 ], [ 4.113525059855751, 44.329126884775128 ], [ 4.126751899132374, 44.337733520045916 ], [ 4.141664528495284, 44.323959128837586 ], [ 4.14286770009046, 44.31335085540006 ], [ 4.161700504671208, 44.312154255492096 ], [ 4.173247283629926, 44.317577141317038 ], [ 4.177990501263057, 44.317742495125763 ], [ 4.183912912533467, 44.302320818169107 ], [ 4.186579066696126, 44.299735407053689 ], [ 4.212951305415955, 44.29144449812614 ], [ 4.216384000823929, 44.289038946071713 ], [ 4.230777522728938, 44.277175663041021 ], [ 4.234052016612128, 44.275059404123233 ], [ 4.238181591208064, 44.273095457731145 ], [ 4.245137989953825, 44.26807458019649 ], [ 4.258900832485029, 44.264424857489516 ], [ 4.27377271811423, 44.271752425101631 ], [ 4.286338433882108, 44.289385879272821 ], [ 4.288995517846043, 44.292145526432932 ], [ 4.289583761396112, 44.295415540649188 ], [ 4.288374598432618, 44.315019283414159 ], [ 4.30633386741501, 44.316265836392624 ], [ 4.318097772813658, 44.321752135547214 ], [ 4.329257066144579, 44.332376089034447 ], [ 4.325771353402377, 44.338323964521713 ], [ 4.370171286424322, 44.340138682226083 ], [ 4.383809830333614, 44.344352389530322 ], [ 4.387050081906517, 44.347057478909157 ], [ 4.391868471274162, 44.346573493143744 ], [ 4.402346723077256, 44.335006718230559 ], [ 4.401450043208653, 44.328166945429629 ], [ 4.40006292977955, 44.324817538384735 ], [ 4.391594178971673, 44.304758745352359 ], [ 4.393312811782483, 44.294599898234004 ], [ 4.40357007863327, 44.288176510310372 ], [ 4.431983352810463, 44.289682591214167 ], [ 4.435607551724197, 44.28332437848524 ], [ 4.440422440526615, 44.283423430497244 ], [ 4.450048178741751, 44.295225575324466 ], [ 4.453211979670011, 44.29786664493691 ], [ 4.448757407134806, 44.296710055940146 ], [ 4.450792942063385, 44.330705228678212 ], [ 4.451067896198852, 44.334095731559636 ], [ 4.459865952549634, 44.341595892680722 ], [ 4.464760614772599, 44.341674882989999 ], [ 4.482910428147134, 44.338199627104302 ], [ 4.506097093410039, 44.340252456783688 ], [ 4.512014296862216, 44.335399620631144 ], [ 4.514731391116731, 44.329114066540441 ], [ 4.524166643884612, 44.328767650722817 ], [ 4.531152074673948, 44.324097033676289 ], [ 4.549110357889393, 44.324511789636091 ], [ 4.547748768592149, 44.322874376206983 ], [ 4.545630732774081, 44.319708043496888 ], [ 4.55716754815282, 44.304167932585351 ], [ 4.56999757458768, 44.299348860071596 ], [ 4.574273596580338, 44.300746216657011 ], [ 4.598980272709761, 44.291755610421312 ], [ 4.602331732442818, 44.291922882099847 ], [ 4.605465459763982, 44.29103986249531 ], [ 4.609124832088356, 44.289248742538398 ], [ 4.616625219902832, 44.277992781890092 ], [ 4.620478031270252, 44.27994373650391 ], [ 4.632679241537062, 44.284993996875556 ], [ 4.637027612066389, 44.283668866779585 ], [ 4.641729071975821, 44.274199407699619 ], [ 4.649223666100444, 44.270359865010981 ], [ 4.648550802396924, 44.267470944280731 ], [ 4.651478597431326, 44.259153087518015 ], [ 4.653075475048099, 44.255914955851864 ], [ 4.677359890816737, 44.234974691219257 ], [ 4.672932844618636, 44.218602691117326 ], [ 4.673656891445081, 44.214711368309381 ], [ 4.681893253091449, 44.211740539249519 ], [ 4.699936146582021, 44.216108164068764 ], [ 4.708595324218638, 44.21349788822031 ], [ 4.710297359298195, 44.206836138242537 ], [ 4.704830155227861, 44.201078245009278 ], [ 4.703839154758577, 44.197663499620774 ], [ 4.70831578421951, 44.191723968508626 ], [ 4.717272116490206, 44.189972635007315 ], [ 4.721891152991497, 44.184669523073374 ], [ 4.71625066675021, 44.176043071525022 ], [ 4.717361182101858, 44.169327543030363 ], [ 4.717296166584552, 44.165934481038299 ], [ 4.717117294361767, 44.162498193611917 ], [ 4.717189527216279, 44.159093992213222 ], [ 4.718724815654393, 44.152380852831108 ], [ 4.718133485525318, 44.140677520428845 ], [ 4.70573467586276, 44.111603549667535 ], [ 4.705082103732305, 44.108174728697414 ], [ 4.719626685299728, 44.088781031523169 ], [ 4.719729895994931, 44.085583529809313 ], [ 4.727818953083815, 44.078452298878112 ], [ 4.752938801500371, 44.087982917193649 ], [ 4.757721024958284, 44.087933288335513 ], [ 4.760116516256539, 44.081791077064757 ], [ 4.760034900784428, 44.078344412439549 ], [ 4.762886924771466, 44.074868573367127 ], [ 4.784112870091639, 44.067214738676078 ], [ 4.786807370459988, 44.064353004500141 ], [ 4.787410042784642, 44.054917531957202 ], [ 4.792418457297965, 44.049848261058138 ], [ 4.795864776338328, 44.047910255144259 ], [ 4.799012605305094, 44.046013055291091 ], [ 4.807763561033983, 44.039774191873278 ], [ 4.813646199766089, 44.034041319113719 ], [ 4.820289741617211, 44.01701544600877 ], [ 4.839416967247189, 44.014021800233117 ], [ 4.842996825840258, 44.003986882125467 ], [ 4.84311842532329, 44.000419893785484 ], [ 4.845344157569214, 43.995593109315784 ], [ 4.844995503975692, 43.992142095617979 ], [ 4.840941374397563, 43.985917813700375 ], [ 4.836299637168352, 43.985032622323601 ], [ 4.812966969278781, 43.988005617376487 ], [ 4.810177762437046, 43.977915365241749 ], [ 4.814368944944232, 43.964675766575525 ], [ 4.791981236623143, 43.952271236502078 ], [ 4.778539499380564, 43.938789920109393 ], [ 4.748232200552145, 43.931132462354462 ], [ 4.741431236194372, 43.92664120528022 ], [ 4.738793411709088, 43.923865693933031 ], [ 4.739556234567678, 43.921108034189935 ], [ 4.735505940672227, 43.916509607564429 ], [ 4.72339753113671, 43.906052468340214 ], [ 4.698503263056575, 43.896639916447207 ], [ 4.703195563908554, 43.897034894286215 ], [ 4.707899833889294, 43.897411481430879 ], [ 4.705497086585894, 43.89448756071836 ], [ 4.692706048750469, 43.884587063142042 ], [ 4.666940197760179, 43.876360339330475 ], [ 4.662510614622303, 43.870388076217004 ], [ 4.661583452122745, 43.87358862836075 ], [ 4.64173031161422, 43.86730022142816 ], [ 4.646974671888782, 43.858031041308799 ], [ 4.643674554103547, 43.851852055237913 ], [ 4.661873535180177, 43.852341447921702 ], [ 4.666767210054012, 43.846983143840433 ], [ 4.664996643127028, 43.843841800921439 ], [ 4.652168255639106, 43.839752359863297 ], [ 4.642970144936962, 43.832114450039626 ], [ 4.654449195269538, 43.809006584932419 ], [ 4.652914204029206, 43.787725002988658 ], [ 4.650196152978425, 43.780934660951246 ], [ 4.629506767245054, 43.761120719123937 ], [ 4.628118266362486, 43.757712287707434 ], [ 4.627175473497972, 43.754252188601022 ], [ 4.611940073171065, 43.724723558357965 ], [ 4.613145070261583, 43.714193431994154 ], [ 4.626472940030176, 43.688029631598539 ], [ 4.597812201076939, 43.686753309170719 ], [ 4.578488531756193, 43.697070376718834 ], [ 4.559326321963639, 43.699443651868954 ], [ 4.53759877802278, 43.707051796871077 ], [ 4.524574944197884, 43.702501039657719 ], [ 4.490790128736422, 43.700404126732877 ], [ 4.486420575081836, 43.698852926769298 ], [ 4.476546052865215, 43.686801660238757 ], [ 4.477415914556626, 43.672921314040394 ], [ 4.451604610551597, 43.664233251831277 ], [ 4.42723038588348, 43.625822486640715 ], [ 4.428684906370592, 43.619062939312585 ], [ 4.438798933392585, 43.611406155216798 ], [ 4.448271806953509, 43.61034439370556 ], [ 4.466497108030612, 43.614959555535812 ], [ 4.473775702075146, 43.61044243806294 ], [ 4.473576475317691, 43.603650707178844 ], [ 4.45280860192628, 43.584573272792582 ], [ 4.448316850971351, 43.583184413684513 ], [ 4.443526715006795, 43.583212187521951 ], [ 4.424852823546874, 43.584475658129406 ], [ 4.409399909372585, 43.576281256360225 ], [ 4.414259750148856, 43.567552130090945 ], [ 4.4089734615686, 43.561933579417392 ], [ 4.404607807411223, 43.560523337624147 ], [ 4.390360867018113, 43.560868696323361 ], [ 4.372459788703736, 43.549677085505138 ], [ 4.353910215049727, 43.547408406779923 ], [ 4.332822840845476, 43.535935262587252 ], [ 4.316100466021496, 43.546748596319382 ], [ 4.322313763027453, 43.551712290128805 ], [ 4.318393281463381, 43.557168137408119 ], [ 4.31514148202074, 43.55187140652869 ], [ 4.309193291988921, 43.546571165830102 ], [ 4.320650865614335, 43.527823468560022 ], [ 4.293602798209726, 43.514039871845036 ], [ 4.244685980194121, 43.501267823506531 ], [ 4.240813772413819, 43.499404588065183 ], [ 4.23774345520143, 43.496884208833272 ], [ 4.23977666135624, 43.493729653206024 ], [ 4.231161365645593, 43.477541404878025 ], [ 4.230283393392465, 43.460185432726391 ], [ 4.164626331201873, 43.472157975547226 ], [ 4.131594295849805, 43.486202427632804 ], [ 4.120925191033, 43.498019454221598 ], [ 4.118143323069588, 43.508143843160703 ], [ 4.124355313676571, 43.521090760927095 ], [ 4.133340388449708, 43.523372773934959 ], [ 4.138250296519541, 43.529026180648913 ], [ 4.126265733017838, 43.54411515810105 ], [ 4.105529850175325, 43.552930609640072 ], [ 4.101041675406378, 43.554370946408632 ], [ 4.042515971245869, 43.556829337053813 ], [ 4.037656944290357, 43.55633599743782 ], [ 4.004763117137578, 43.550958614254299 ], [ 3.974015534552869, 43.541197088765415 ], [ 3.969385502664219, 43.540230768401756 ], [ 3.912291419338066, 43.518492108352049 ], [ 3.907955835862455, 43.517196813859876 ], [ 3.903820555710573, 43.515260844179679 ], [ 3.852779502292, 43.48745774541446 ], [ 3.826218656538325, 43.46649259391458 ], [ 3.823545390899688, 43.463552833839813 ], [ 3.794526227808067, 43.440034934705665 ], [ 3.72491648040792, 43.415799447335274 ], [ 3.72536753345952, 43.401644484949379 ], [ 3.689099197753601, 43.391985008878862 ], [ 3.665744639706801, 43.392949818012539 ], [ 3.65284693682582, 43.388098219749203 ], [ 3.619480407367598, 43.367629370745249 ], [ 3.566688734040274, 43.326158205798315 ], [ 3.563655903802736, 43.323484230526113 ], [ 3.539809165994691, 43.302015573987568 ], [ 3.516013258019986, 43.27598103978 ], [ 3.507807037181328, 43.272430640438195 ], [ 3.443606633999123, 43.282167684333672 ], [ 3.433626380099088, 43.289458720209993 ], [ 3.428964806729446, 43.29021496947751 ], [ 3.424148788879539, 43.290081046925273 ], [ 3.400448350680751, 43.287283826887055 ], [ 3.364785882927179, 43.277370936798775 ], [ 3.360590489092612, 43.275873756990876 ], [ 3.343555098017044, 43.270307031295012 ], [ 3.340277478993783, 43.267699703399664 ], [ 3.31162277965104, 43.254481856764109 ], [ 3.30821453551946, 43.252323742155447 ], [ 3.271341485087513, 43.233397565210396 ], [ 3.26766572660348, 43.231319843416301 ], [ 3.240561137170427, 43.212808633084109 ], [ 3.236801161003369, 43.210595161985651 ], [ 3.183534573258405, 43.170041886993722 ], [ 3.152600782639899, 43.141127321522085 ], [ 3.148739383668236, 43.139333810839396 ], [ 3.131173803242838, 43.111473915754921 ], [ 3.117663115527322, 43.102198424451196 ], [ 3.084479350361473, 43.056161950785317 ], [ 3.064839629980523, 43.019813839718417 ], [ 3.067307898739375, 43.01322902019438 ], [ 3.05580977690714, 42.998072557466827 ], [ 3.04381313354575, 42.963642742441657 ], [ 3.042843195977095, 42.96016278114093 ], [ 3.03984846993322, 42.932024731162073 ], [ 3.055224677561009, 42.924086198641625 ], [ 3.059819343976678, 42.917905660391831 ], [ 3.043510805290548, 42.838150114263811 ], [ 3.038732381815173, 42.781790492867366 ], [ 3.039267110276539, 42.778274548209801 ], [ 3.038904326268471, 42.746858230827812 ], [ 3.038853187057629, 42.743351604827389 ], [ 3.039842034006778, 42.726618411575487 ], [ 3.04027875046391, 42.723273511982526 ], [ 3.035474691347012, 42.644227437663424 ], [ 3.035728309151517, 42.640766002899689 ], [ 3.042350076109344, 42.603516592078805 ], [ 3.043114220099015, 42.600082043179839 ], [ 3.044267824713118, 42.596872092735914 ], [ 3.045056325865897, 42.593725225068887 ], [ 3.04926768484772, 42.552154013402735 ], [ 3.055298577178148, 42.539421686064252 ], [ 3.058249852695725, 42.5367322255441 ], [ 3.07208107273044, 42.535186564954543 ], [ 3.076370030342616, 42.533754241267275 ], [ 3.094697051360228, 42.524552262341309 ], [ 3.099107040240182, 42.523613353068008 ], [ 3.107907469034519, 42.524539726242843 ], [ 3.133594701582955, 42.517274155341305 ], [ 3.135446680898093, 42.514161484288806 ], [ 3.126789828021278, 42.506090682924238 ], [ 3.126782142318839, 42.502548904251832 ], [ 3.133976647654045, 42.498369090327742 ], [ 3.132924240709458, 42.494981462542114 ], [ 3.129255185882399, 42.489187936856162 ], [ 3.131912618969084, 42.482703511517606 ], [ 3.153637433916778, 42.477487728022204 ], [ 3.160650888358183, 42.462268001327438 ], [ 3.157269739754114, 42.459971876767938 ], [ 3.164907102624844, 42.456193991950286 ], [ 3.164961043089945, 42.44949721563156 ], [ 3.175329877867092, 42.438478413798094 ], [ 3.174070161591789, 42.435190612205275 ], [ 3.123711961222883, 42.435305893652135 ], [ 3.12082950820117, 42.43800580748713 ], [ 3.116930183236664, 42.436032643068451 ], [ 3.108091582098927, 42.433588064117536 ], [ 3.099122893571092, 42.425542974940846 ], [ 3.081231085473946, 42.428209748831762 ], [ 3.047755169882651, 42.45708385373257 ], [ 3.040446786177213, 42.473689458819145 ], [ 3.035905511646297, 42.473745018316585 ], [ 3.011546247290781, 42.467089594779708 ], [ 3.000922821577705, 42.472986991164333 ], [ 2.996211553023669, 42.473319521440494 ], [ 2.986752635194323, 42.473067073631931 ], [ 2.97586336215348, 42.467096477549973 ], [ 2.966575417434755, 42.467013070519521 ], [ 2.947087628159752, 42.481801123712835 ], [ 2.94398096582445, 42.479444397203807 ], [ 2.932850993195236, 42.474368146098683 ], [ 2.930097960612132, 42.471561804143406 ], [ 2.919348219012678, 42.45684831427991 ], [ 2.888228163270924, 42.460865238278494 ], [ 2.883810755235892, 42.460105448488626 ], [ 2.869106467683891, 42.466902029989193 ], [ 2.861351753417731, 42.455197647539684 ], [ 2.848553960369673, 42.456582503617966 ], [ 2.844459305344994, 42.458014831715381 ], [ 2.839867983609381, 42.458987826076317 ], [ 2.830469203234264, 42.44320688260995 ], [ 2.814055715893972, 42.437237962364883 ], [ 2.798364229614783, 42.419906312232555 ], [ 2.794123956820835, 42.418280266164885 ], [ 2.772117228512748, 42.412294067163558 ], [ 2.760617269272875, 42.418434982176016 ], [ 2.75658733538818, 42.424843703881088 ], [ 2.751865568779296, 42.425372132635488 ], [ 2.747692279216264, 42.425299414585936 ], [ 2.727370576201062, 42.42262469331461 ], [ 2.723961013877821, 42.422723780147159 ], [ 2.719584808510708, 42.422002255743017 ], [ 2.691400790083467, 42.406212401452542 ], [ 2.673943962808029, 42.404704278235826 ], [ 2.670542909345953, 42.388379890186101 ], [ 2.65287596572562, 42.384440834412636 ], [ 2.656319696445795, 42.38229481651598 ], [ 2.659111200685959, 42.379688207042122 ], [ 2.662354753000046, 42.36591967262401 ], [ 2.675295072621194, 42.355740503612004 ], [ 2.675438772822951, 42.345117178712179 ], [ 2.672644035247764, 42.342223506859419 ], [ 2.663310105232094, 42.340999002932769 ], [ 2.616355524615257, 42.345972216004327 ], [ 2.589680799915847, 42.353881037249245 ], [ 2.58752564324421, 42.357063466363549 ], [ 2.561870335122189, 42.357113775237806 ], [ 2.555202433571626, 42.35268197466084 ], [ 2.551631858199205, 42.342645378179711 ], [ 2.542191444708752, 42.335199144666156 ], [ 2.537951257795273, 42.333697819731455 ], [ 2.533264909924888, 42.333488624806336 ], [ 2.498432476603431, 42.342623694039411 ], [ 2.484885365797123, 42.340078310233551 ], [ 2.477795744019976, 42.344411929321772 ], [ 2.476300201557809, 42.347712178818412 ], [ 2.472717016919635, 42.350031386754701 ], [ 2.466899386087795, 42.359502859214111 ], [ 2.452935800651104, 42.368833707097167 ], [ 2.436366621220782, 42.375093039137418 ], [ 2.43334251334081, 42.391957244810484 ], [ 2.410337668625687, 42.392155970079941 ], [ 2.38409705355179, 42.400223043000402 ], [ 2.356267881368589, 42.404283193473454 ], [ 2.348137842108197, 42.407901153224138 ], [ 2.344862466952622, 42.414442855832512 ], [ 2.32686690178819, 42.41705430911442 ], [ 2.318743372678894, 42.425011770438559 ], [ 2.310598118647099, 42.428447099616577 ], [ 2.293943973627488, 42.422980668432238 ], [ 2.25708256783485, 42.438487843699399 ], [ 2.244428655481198, 42.428807572990138 ], [ 2.226328642586324, 42.425783258629039 ], [ 2.201349568152459, 42.416663939292839 ], [ 2.156949104487672, 42.423378316801404 ], [ 2.13735922438338, 42.415661751463048 ], [ 2.133169239247399, 42.414342319420683 ], [ 2.126580918785811, 42.41036032483234 ], [ 2.118632251458711, 42.396092358511019 ], [ 2.114896807036024, 42.394506313695253 ], [ 2.113659837915639, 42.381695979806913 ], [ 2.093463938426888, 42.375233874735883 ], [ 2.089547573899598, 42.373717327526776 ], [ 2.085933137975192, 42.363744912951226 ], [ 2.076723690221147, 42.364375551393159 ], [ 2.059883328148512, 42.358628277265595 ], [ 2.023496496887916, 42.355226632106259 ], [ 2.012784612070066, 42.349402096853922 ], [ 1.989063278758579, 42.361035495472464 ], [ 1.969771940414109, 42.376652906330627 ], [ 1.960959038820853, 42.392999137568417 ], [ 1.956480888470784, 42.416992412206454 ], [ 1.958285809061034, 42.423958812266129 ], [ 1.945313770312147, 42.428083203799432 ], [ 1.941142504339247, 42.433956894168908 ], [ 1.942894896074427, 42.444429088527116 ], [ 1.937441498629607, 42.452645309591297 ], [ 1.933844851199221, 42.454164615943931 ], [ 1.918299588001212, 42.446645518491749 ], [ 1.904571061615717, 42.448608918572887 ], [ 1.900272598397661, 42.449976044463604 ], [ 1.887126989258523, 42.449938526029634 ], [ 1.877658425126154, 42.461337178303175 ], [ 1.864965157874724, 42.465383107865406 ], [ 1.85623101110953, 42.463725550223806 ], [ 1.844678221434403, 42.473858532212844 ], [ 1.843362219378763, 42.477152589308474 ], [ 1.83151182936397, 42.483091718077752 ], [ 1.813199021012473, 42.484732523309425 ], [ 1.805248119010646, 42.488653384333475 ], [ 1.767644435815006, 42.486751222401679 ], [ 1.746603207462696, 42.494822109100731 ], [ 1.73246018238632, 42.493243533869709 ], [ 1.726603162431003, 42.502793525183272 ], [ 1.724010594130789, 42.520249147076676 ], [ 1.733407026588125, 42.532507437721236 ], [ 1.740135282543382, 42.556466623507369 ], [ 1.750785788512187, 42.563415842939321 ], [ 1.764872590958872, 42.565027209398252 ], [ 1.769602822065857, 42.564506383222422 ], [ 1.782867761330456, 42.571734229398182 ], [ 1.786125011063893, 42.573623432077916 ], [ 1.77839372857824, 42.582076780059154 ], [ 1.764270686181484, 42.58081745428683 ], [ 1.728249884072775, 42.589574753445632 ], [ 1.726264592997827, 42.596348496661221 ], [ 1.735079619550161, 42.608501573725704 ], [ 1.737964425021408, 42.611314011800964 ], [ 1.73656938036835, 42.61783429956737 ], [ 1.732644424765386, 42.615818712145241 ], [ 1.71376034744287, 42.61538635817675 ], [ 1.683181395401532, 42.624491163472747 ], [ 1.660225370079175, 42.620465435553292 ], [ 1.649070058064409, 42.626906956111107 ], [ 1.635170445600919, 42.62926609693293 ], [ 1.60265358684088, 42.626418293745211 ], [ 1.582867099521693, 42.63543746670036 ], [ 1.574887048429175, 42.648028082473864 ], [ 1.570707519982885, 42.648089206464071 ], [ 1.564673570314004, 42.652225681294723 ], [ 1.552802162290916, 42.653954061826028 ], [ 1.54921382258085, 42.655694888276855 ], [ 1.534097469044968, 42.649796760047472 ], [ 1.522150962175417, 42.649182749056571 ], [ 1.506439537411232, 42.645286703485425 ], [ 1.493749773584174, 42.653210716402235 ], [ 1.479740829431625, 42.650854376196804 ], [ 1.470526232545401, 42.634806795078447 ], [ 1.47398297982416, 42.611153194712628 ], [ 1.457840893776867, 42.603790917812468 ], [ 1.438947611249452, 42.604334890287305 ], [ 1.421832667923848, 42.625062037244355 ], [ 1.413033215446277, 42.652646059839803 ], [ 1.389547695244136, 42.669767543193686 ], [ 1.38791695073317, 42.687305734584875 ], [ 1.377012664688974, 42.694110365570644 ], [ 1.354609944256623, 42.69999141995801 ], [ 1.351964483967212, 42.706443667220732 ], [ 1.357819418417441, 42.715886419220034 ], [ 1.357378157348931, 42.719422935375647 ], [ 1.336950872859405, 42.721068120682467 ], [ 1.33526819384014, 42.724036709590351 ], [ 1.325861945875587, 42.724105899409942 ], [ 1.309331516174925, 42.717901639905911 ], [ 1.295259565323126, 42.719063475807424 ], [ 1.282177842517003, 42.715167147332771 ], [ 1.269226298509196, 42.718025278665685 ], [ 1.256345311881889, 42.715226197694356 ], [ 1.242504705155796, 42.724056253255647 ], [ 1.229292700121506, 42.727723776827183 ], [ 1.22589237529929, 42.725221262475642 ], [ 1.217862124998818, 42.72136460665093 ], [ 1.190020920783466, 42.7168774831962 ], [ 1.174266415696603, 42.70899247049082 ], [ 1.165018049265449, 42.709526843037771 ], [ 1.135496917773384, 42.727327868672695 ], [ 1.12870295413926, 42.754622719988426 ], [ 1.106603641157312, 42.771772971690353 ], [ 1.089691677503643, 42.777454009383035 ], [ 1.082026144038358, 42.785906702370546 ], [ 1.078708892117429, 42.788365725215002 ], [ 1.072944886635152, 42.782838622541263 ], [ 1.049296301020123, 42.78163728653729 ], [ 1.037519189705636, 42.786522162519773 ], [ 1.009559349935933, 42.788875858358153 ], [ 1.005585475905172, 42.790798799855729 ], [ 1.001357347435186, 42.789451800443786 ], [ 0.983768513541751, 42.787071602082371 ], [ 0.959767601013818, 42.805641478609964 ], [ 0.947250867130645, 42.801013041219051 ], [ 0.934479957894483, 42.790873362275093 ], [ 0.925827187917665, 42.789671863325509 ], [ 0.884979086461123, 42.813070398765966 ], [ 0.871282520314569, 42.816082622465466 ], [ 0.859990572971323, 42.822442432419074 ], [ 0.858305666723044, 42.82571908908448 ], [ 0.853758426576952, 42.82674361422675 ], [ 0.835186684538348, 42.82827738855994 ], [ 0.801482973714761, 42.840482516254561 ], [ 0.779278784654743, 42.836147987997521 ], [ 0.739791152237814, 42.848259259245438 ], [ 0.73040302709866, 42.85573464578215 ], [ 0.712921611135364, 42.860293306090618 ], [ 0.708377779631011, 42.861401845269306 ], [ 0.704490779193603, 42.85950154225754 ], [ 0.691820526611049, 42.855235443278616 ], [ 0.677886304334279, 42.855105704991111 ], [ 0.678698320987367, 42.848250207185586 ], [ 0.659216583282454, 42.838677808114845 ], [ 0.659112116139292, 42.835203030261511 ], [ 0.66055243187981, 42.831914902682279 ], [ 0.669587620104416, 42.824536965834248 ], [ 0.664745794719143, 42.815165812091998 ], [ 0.665710567472237, 42.812137211036209 ], [ 0.669985997118848, 42.803630189700655 ], [ 0.660007655843636, 42.798402185473783 ], [ 0.657841097616271, 42.795782074301009 ], [ 0.652293819780089, 42.787654493727899 ], [ 0.650490295926618, 42.78543800700777 ], [ 0.644540504562078, 42.783076465816876 ], [ 0.664194321024807, 42.774771894405852 ], [ 0.641851886348506, 42.754816114551986 ], [ 0.659865758420817, 42.752161716689749 ], [ 0.670131245924163, 42.732649831791605 ], [ 0.676455100792894, 42.727372152037105 ], [ 0.675066331512572, 42.717240506425227 ], [ 0.68050075774273, 42.707598814972037 ], [ 0.67321024897844, 42.691348680866959 ], [ 0.621613232130458, 42.695701272472348 ], [ 0.600492805226217, 42.703388398166318 ], [ 0.596720258033834, 42.705552557247202 ], [ 0.593881386940311, 42.704301405069728 ], [ 0.593069171668745, 42.700936922820354 ], [ 0.587988416534966, 42.695227526798263 ], [ 0.578783381065469, 42.69547840965253 ], [ 0.529613795083505, 42.702684358976946 ], [ 0.526373534028335, 42.702591525805879 ], [ 0.516216143037432, 42.691678692688164 ], [ 0.493291245898417, 42.693096122547701 ], [ 0.482284509833379, 42.699188574674338 ], [ 0.477749540327332, 42.699990342797896 ], [ 0.473064063844954, 42.70004173200843 ], [ 0.462496572539682, 42.693737628442335 ], [ 0.425724616244553, 42.690808285251151 ], [ 0.395929834590004, 42.699622926159819 ], [ 0.392630119867499, 42.713117501897337 ], [ 0.387936394767425, 42.712508281227791 ], [ 0.37416977312549, 42.715077184943141 ], [ 0.360099921450508, 42.72430307525962 ], [ 0.358876424426922, 42.720881316889269 ], [ 0.344952275395604, 42.711315738581256 ], [ 0.327709814869242, 42.70531796823628 ], [ 0.320684926675264, 42.685152884391755 ], [ 0.295535707140781, 42.67503819988665 ], [ 0.265931192902501, 42.692503052002692 ], [ 0.26689819779177, 42.702819618052978 ], [ 0.259882533240248, 42.715820099400425 ], [ 0.223739066826628, 42.718496424749752 ], [ 0.209350838381995, 42.726957162798342 ], [ 0.20599241499339, 42.729298724675758 ], [ 0.175302599116899, 42.735789995125153 ], [ 0.159243615127287, 42.723731896610104 ], [ 0.136567002969596, 42.722326981582952 ], [ 0.132698305891417, 42.715898460278595 ], [ 0.115185095453824, 42.710821343967467 ], [ 0.105713369250411, 42.710664588193765 ], [ 0.088644034648487, 42.71678759973237 ], [ 0.079511594060681, 42.714712355605087 ], [ 0.069003347120144, 42.703385436847206 ], [ 0.056730144969438, 42.698100076405801 ], [ 0.047504207255599, 42.696262381699377 ], [ 0.029445163558935, 42.700936020993744 ], [ 0.024933339593854, 42.702097304194709 ], [ 0.015580384849229, 42.70083814330706 ], [ 0.013542717044681, 42.693952246493446 ], [ 0.002639927636795, 42.687052261084268 ], [ -0.011238835479157, 42.684692069522782 ], [ -0.015978956093294, 42.685323319223052 ], [ -0.057542000449028, 42.693456031024382 ], [ -0.063505405287041, 42.698765073144983 ], [ -0.068456592228393, 42.715863115103893 ], [ -0.105644725267333, 42.722177935288741 ], [ -0.123125959758495, 42.750473035946563 ], [ -0.140701044753179, 42.76729937347806 ], [ -0.14916818599859, 42.770515293392926 ], [ -0.147565752918117, 42.773855940213323 ], [ -0.15479833100145, 42.782435067702067 ], [ -0.158609647387912, 42.79569522970084 ], [ -0.173663737937611, 42.788078213896306 ], [ -0.182863187676736, 42.786725454431682 ], [ -0.198250814734814, 42.794816448225696 ], [ -0.212046542694773, 42.797022606173812 ], [ -0.236448669381362, 42.807744685604121 ], [ -0.237806992020854, 42.814354298036598 ], [ -0.238793534316108, 42.817798322777307 ], [ -0.243358225027205, 42.823141077067142 ], [ -0.246645639590769, 42.820710666925784 ], [ -0.255806924810617, 42.820135839622964 ], [ -0.274992993314415, 42.829757196797146 ], [ -0.278464685840146, 42.835807014688484 ], [ -0.305080921619056, 42.841289965795113 ], [ -0.313442863498095, 42.849375059707555 ], [ -0.311467539923956, 42.85248712929782 ], [ -0.307293702331838, 42.868978353667366 ], [ -0.315883022523138, 42.884823969576381 ], [ -0.316001950006636, 42.895044886226998 ], [ -0.324323375018819, 42.903329075373946 ], [ -0.326875042893161, 42.91686813493812 ], [ -0.322251366830765, 42.917389332827469 ], [ -0.313023688749673, 42.918565528634794 ], [ -0.297784694745664, 42.930978593335304 ], [ -0.284940618639615, 42.930202133312598 ], [ -0.279243284930442, 42.939052926610358 ], [ -0.27927029398609, 42.942346376695788 ], [ -0.283829047768764, 42.955780370496655 ], [ -0.289621953009201, 42.961120733069656 ], [ -0.292254431251405, 42.992147887259677 ], [ -0.287669203530472, 43.005556047138391 ], [ -0.268856882673003, 43.00819086674273 ], [ -0.264715654929039, 43.010008903602575 ], [ -0.261461165552797, 43.012330958853596 ], [ -0.256413001364336, 43.024860660393713 ], [ -0.260140229187633, 43.037673715978471 ], [ -0.24105847554329, 43.039645458619624 ], [ -0.227696952563126, 43.035942557088134 ], [ -0.223951523801138, 43.033687539643921 ], [ -0.185734198788566, 43.0518201333633 ], [ -0.181008167044046, 43.052031946431185 ], [ -0.196559164329755, 43.059366224792093 ], [ -0.199011671863376, 43.065981336450328 ], [ -0.187339717065668, 43.088551998686235 ], [ -0.197504295563842, 43.099799627624009 ], [ -0.191927568941536, 43.104699889068812 ], [ -0.193583322040525, 43.114660641149349 ], [ -0.176483391476839, 43.110926473960191 ], [ -0.16647861045554, 43.121401819179901 ], [ -0.150590482081103, 43.127052510990687 ], [ -0.146313959263281, 43.128185649281058 ], [ -0.138921538061877, 43.145270256645503 ], [ -0.139470965706251, 43.148368834483648 ], [ -0.134808833967202, 43.151718127389913 ], [ -0.126421334707116, 43.15848794471821 ], [ -0.126898930549252, 43.164586266873783 ], [ -0.125305681847393, 43.167414005464465 ], [ -0.116234449696219, 43.179126813448264 ], [ -0.11170886632743, 43.178231288329151 ], [ -0.101821673593793, 43.16704796460489 ], [ -0.09125138587214, 43.17703730854398 ], [ -0.072545442080812, 43.176842770219139 ], [ -0.067874000130581, 43.177119793165147 ], [ -0.072341641019999, 43.212090329586985 ], [ -0.073972494455258, 43.222378058103232 ], [ -0.065680780912091, 43.223163035174984 ], [ -0.06176484240962, 43.221509834184374 ], [ -0.053676574106831, 43.218462338131793 ], [ -0.048037758907164, 43.22053013612819 ], [ -0.046754019498212, 43.223726022586106 ], [ -0.044813635564977, 43.233844853074721 ], [ -0.025297303587544, 43.253288534159744 ], [ -0.025018880369913, 43.260191838541054 ], [ -0.018438588997125, 43.269314944876882 ], [ -0.01853408175173, 43.272787062032407 ], [ -0.025978248005803, 43.277070812732774 ], [ -0.023974663919789, 43.280214646274814 ], [ -0.028313390516146, 43.280714251283747 ], [ -0.040785944513504, 43.283577671095287 ], [ -0.044010432031995, 43.289338327529542 ], [ -0.044585685359856, 43.302798600116418 ], [ -0.03722416226189, 43.306957785277653 ], [ -0.034255752261651, 43.309579834930624 ], [ -0.031664398309107, 43.312578327611384 ], [ -0.027990865101539, 43.322673974106507 ], [ -0.026223776152344, 43.327296700237618 ], [ -0.025371382055715, 43.329616186438514 ], [ -0.003207888944164, 43.331449441673008 ], [ 0.008515376329555, 43.326075975809779 ], [ 0.012767912907601, 43.327534906403244 ], [ 0.020525359444058, 43.33633716236379 ], [ 0.024181555912805, 43.338616408496392 ], [ 0.025541309896428, 43.34022922737956 ], [ 0.028749705955875, 43.346655078061829 ], [ 0.005348717991745, 43.363042361383982 ], [ 0.007409852448905, 43.365881195949854 ], [ 0.00475680996361, 43.371812513908324 ], [ 0.000487479881884, 43.370379846428449 ], [ -0.004652889864817, 43.375710836284092 ], [ -0.000590432693074, 43.38182837882303 ], [ 0.001294923460529, 43.384968578313341 ], [ -0.001202874691582, 43.387420104387928 ], [ 0.002651206963242, 43.392820547404163 ], [ -0.004290670915797, 43.393366300518665 ], [ -0.002970087574844, 43.395266533739616 ], [ -0.000391080171156, 43.396238341161514 ], [ -0.003806846158255, 43.398052199355483 ], [ 0.00781059756588, 43.41919761973535 ], [ 0.009655310320505, 43.422201547264599 ], [ -0.001211140550534, 43.429247370378327 ], [ -0.004794171735982, 43.431623855034907 ], [ -0.00326269327811, 43.434943457559733 ], [ -0.002482528185158, 43.445084597281436 ], [ -0.007072510342117, 43.444011940508396 ], [ -0.016534095244995, 43.443946932111047 ], [ -0.022528290215764, 43.432687897243184 ], [ -0.02481044134137, 43.430040272773759 ], [ -0.02823087652924, 43.431889365843126 ], [ -0.03423932650375, 43.430802861829356 ], [ -0.038142477781005, 43.418863258324436 ], [ -0.042459276514164, 43.413376173094399 ], [ -0.042983438292721, 43.41021035293069 ], [ -0.067273322137864, 43.410416178245121 ], [ -0.053331089799366, 43.422523456532346 ], [ -0.069629375448546, 43.434208137432826 ], [ -0.066819113655033, 43.443831355549882 ], [ -0.064851365907048, 43.447020245104106 ], [ -0.061977532630664, 43.4536200162771 ], [ -0.065754117762758, 43.463489109481081 ], [ -0.061552523605476, 43.462581506271228 ], [ -0.032106523881317, 43.466038515206854 ], [ -0.019442842085894, 43.466869310420478 ], [ -0.018905940502381, 43.470062462932468 ], [ -0.020185246880143, 43.472529762174155 ], [ -0.026389838172168, 43.474850622277536 ], [ -0.030784215599965, 43.474016544306643 ], [ -0.036451155866288, 43.488848807739828 ], [ -0.049195419238135, 43.492011496798142 ], [ -0.0467459269093, 43.498292904561765 ], [ -0.044885784493552, 43.503801408658134 ], [ -0.044093353414225, 43.506587804073042 ], [ -0.040131786149995, 43.512605402100817 ], [ -0.043648708003737, 43.520141970501655 ], [ -0.043700431990904, 43.522985729938803 ], [ -0.048167776651938, 43.527191135451623 ], [ -0.049231967157652, 43.529754347808009 ], [ -0.056175708111263, 43.533034457036763 ], [ -0.057929324147813, 43.536217466240984 ], [ -0.06960587707878, 43.546737607745072 ], [ -0.087008351318715, 43.542552173510941 ], [ -0.091411098664503, 43.542480837234244 ], [ -0.094943123671972, 43.548070799920694 ], [ -0.090087187945143, 43.559968743819823 ], [ -0.093557415870795, 43.56370571524937 ], [ -0.091968233315107, 43.570063038900074 ], [ -0.096782973208806, 43.582405897631666 ], [ -0.105519769806267, 43.581796154891073 ], [ -0.117675134691721, 43.585517825076408 ], [ -0.125566994547029, 43.583490000628075 ], [ -0.128961138242624, 43.581447239858576 ], [ -0.133717517397774, 43.581445118925345 ], [ -0.151007274193539, 43.585465025346736 ], [ -0.157822435239429, 43.581449008647738 ], [ -0.162107895159636, 43.581666450478608 ], [ -0.165057037507251, 43.583930754066401 ], [ -0.176919540737558, 43.596596304218103 ], [ -0.200655634428512, 43.585426486237331 ], [ -0.205010919909674, 43.584001288156372 ], [ -0.206209435811592, 43.587270723979579 ], [ -0.210606775836645, 43.593237175865859 ], [ -0.228803426716592, 43.589644867322789 ], [ -0.238911698736129, 43.583040206573401 ], [ -0.242837066929749, 43.584985198971971 ], [ -0.249482120183014, 43.596664373928903 ], [ -0.254007275547106, 43.596708968523515 ], [ -0.254238213899312, 43.600124052218639 ], [ -0.248945538448078, 43.605784755311255 ], [ -0.247204199518219, 43.615958813275235 ], [ -0.274673240609179, 43.615989676762098 ], [ -0.280401089340505, 43.620778886161489 ], [ -0.281223088988995, 43.624095119505597 ], [ -0.280374940849157, 43.627254670775926 ], [ -0.282111589196071, 43.643079149921263 ], [ -0.266967507425204, 43.636943387916602 ], [ -0.26336158283098, 43.638726778334323 ], [ -0.263358867653014, 43.644994747024242 ], [ -0.261803308381093, 43.647950258140391 ], [ -0.259197655137074, 43.653161632795033 ], [ -0.246275524341634, 43.654944215119883 ], [ -0.2432756059109, 43.663958317733261 ], [ -0.239730192011478, 43.671241522013943 ], [ -0.249330180312866, 43.671846600522741 ], [ -0.256714037846253, 43.675804340686746 ], [ -0.254545475233022, 43.682623599105398 ], [ -0.241215925172517, 43.692675889169315 ], [ -0.247380660201018, 43.709242907368534 ], [ -0.226314143739705, 43.716984299268489 ], [ -0.222235915236877, 43.718870295331961 ], [ -0.218276066587226, 43.720878713734159 ], [ -0.194143302372309, 43.737016685694684 ], [ -0.195896426303634, 43.740162300415896 ], [ -0.196407533910191, 43.746865678123662 ], [ -0.218864360591066, 43.75032873594057 ], [ -0.213933557147392, 43.755661875614074 ], [ -0.209199022623269, 43.756314871715617 ], [ -0.207783878640551, 43.759661781052245 ], [ -0.215682479065069, 43.772406587238628 ], [ -0.214827730285924, 43.78262679507305 ], [ -0.222127766102849, 43.787094343545483 ], [ -0.221603737280379, 43.790370106861154 ], [ -0.218646911577249, 43.796590774958723 ], [ -0.226956257148999, 43.807665976532064 ], [ -0.21600044711848, 43.812538059722854 ], [ -0.212633233285768, 43.809278006616793 ], [ -0.194708439271165, 43.809210538696618 ], [ -0.196344273044876, 43.829120557219909 ], [ -0.189844450299468, 43.833697034040746 ], [ -0.193419971275386, 43.840013921542578 ], [ -0.194495792571634, 43.843008567067166 ], [ -0.20890820830047, 43.857671334928817 ], [ -0.204298495477243, 43.860256650204043 ], [ -0.195833596517227, 43.870700438517311 ], [ -0.187112287754956, 43.863894456628216 ], [ -0.185723333172035, 43.866889169664816 ], [ -0.18753208577979, 43.869853523575976 ], [ -0.194002076601693, 43.881580032053144 ], [ -0.201256823697522, 43.885267318191566 ], [ -0.205349976933099, 43.884976029380383 ], [ -0.215616441188314, 43.889267418476997 ], [ -0.219238789836444, 43.891223176096283 ], [ -0.231715896206669, 43.890962470894365 ], [ -0.239878580955211, 43.897412579400381 ], [ -0.232825670052015, 43.901539736560693 ], [ -0.227892962901499, 43.910791742760516 ], [ -0.216850266755068, 43.907623030249482 ], [ -0.209669034941377, 43.911734398280558 ], [ -0.203482912506704, 43.913393230822386 ], [ -0.200575131890593, 43.914640402831658 ], [ -0.198710081797721, 43.917820443827914 ], [ -0.179029356831845, 43.93648999081568 ], [ -0.163921811584211, 43.928606433914531 ], [ -0.15591537001912, 43.93233273257826 ], [ -0.153158054459241, 43.938816181000824 ], [ -0.13513333682529, 43.936299818639064 ], [ -0.125325431620949, 43.943597106077711 ], [ -0.10674567364588, 43.928834028664753 ], [ -0.1025610421069, 43.927277794417911 ], [ -0.09874815848479, 43.928890139760732 ], [ -0.095423272646441, 43.931001884648801 ], [ -0.0978637447379, 43.943352658996574 ], [ -0.094468427068918, 43.945790600924823 ], [ -0.073634503474484, 43.94455951360883 ], [ -0.060462706241915, 43.958799244412987 ], [ -0.046915094645765, 43.961231349185738 ], [ -0.036168924668081, 43.983740327552326 ], [ -0.00491465474955, 43.962529576753361 ], [ -0.00096087721243, 43.960611838829237 ], [ 0.005560785198336, 43.955612218035135 ], [ 0.005382886738808, 43.945232285463582 ], [ -0.019935657662961, 43.929269804878174 ], [ 0.015984020813393, 43.912245351936853 ], [ 0.029209987360853, 43.902033247001633 ], [ 0.03317787921015, 43.899979786556237 ], [ 0.03692743792122, 43.902125936586863 ], [ 0.058618138871537, 43.898380864935667 ], [ 0.069083288767152, 43.905344526756707 ], [ 0.075081669394288, 43.914682129607712 ], [ 0.074764997752704, 43.918185848199798 ], [ 0.069739760716131, 43.935252033857815 ], [ 0.055391035307573, 43.957065636682486 ], [ 0.067104222513539, 43.967359250307446 ], [ 0.067535702718007, 43.974242382345636 ], [ 0.069724037594927, 43.976552572408373 ], [ 0.076045609699233, 43.983143136582925 ], [ 0.080371779069242, 43.981718753013283 ], [ 0.093312644838494, 43.985738062906748 ], [ 0.107387967047689, 43.985381947207181 ], [ 0.127415301550592, 43.998581264257773 ], [ 0.126847430401266, 44.001925533205714 ], [ 0.140999755900724, 43.993641909657377 ], [ 0.138624871916051, 43.976594947826861 ], [ 0.156784262839454, 43.972809185028751 ], [ 0.161034530336526, 43.974351561797384 ], [ 0.164052991920283, 43.977095580358494 ], [ 0.165746633392163, 43.994448342724148 ], [ 0.181139816201838, 44.002528110389221 ], [ 0.189806645006021, 44.015007886338132 ], [ 0.193465644227957, 44.013687949682051 ], [ 0.201762137125746, 44.014233741150257 ], [ 0.214733635748168, 44.022786965500948 ], [ 0.218720868170521, 44.021132324956014 ], [ 0.229143200507496, 44.021360812944465 ], [ 0.232774891558331, 44.02238932578156 ], [ 0.232994544432685, 44.009390913552302 ], [ 0.250635783023935, 44.004261490812517 ], [ 0.259824090951202, 44.00569883522455 ], [ 0.271139901864696, 44.001019871250072 ], [ 0.273552361695216, 43.998054277547851 ], [ 0.282349571593191, 43.998003124468596 ], [ 0.302771712109064, 43.991394738886434 ], [ 0.305492790797283, 43.993992271767631 ], [ 0.318025526376329, 43.997245074629909 ], [ 0.314859931204445, 44.006712814001347 ], [ 0.315479999496281, 44.009969892779495 ], [ 0.324750471328433, 44.007846717793754 ], [ 0.357070373034492, 44.015530394294714 ], [ 0.372908309951857, 44.008428827445492 ], [ 0.38244439884456, 44.008342309855756 ], [ 0.397883103689328, 44.021884864615359 ], [ 0.412023789711148, 44.023499010288589 ], [ 0.418873879718909, 44.028208301124828 ], [ 0.437588205319867, 44.029188510651224 ], [ 0.442449914754968, 44.028761983325857 ], [ 0.447452464694762, 44.041620595429961 ], [ 0.450312467308608, 44.044379712587926 ], [ 0.450621318932374, 44.046403990534557 ], [ 0.458660364769778, 44.052579174681298 ], [ 0.459759081172883, 44.055378171997894 ], [ 0.485403428727459, 44.055439041337081 ], [ 0.485696972957362, 44.058687499347393 ], [ 0.488816975032955, 44.056462908233158 ], [ 0.497470988160944, 44.05757958843688 ], [ 0.503818907848087, 44.053771474648414 ], [ 0.504716608452828, 44.050667323545042 ], [ 0.511580284743271, 44.062736768488115 ], [ 0.522484195043326, 44.05695097586225 ], [ 0.535071041988542, 44.055209112806565 ], [ 0.538427474631968, 44.05295246662407 ], [ 0.546089592695612, 44.056231082716145 ], [ 0.558739990873573, 44.058224810611584 ], [ 0.567314520069194, 44.061234109089504 ], [ 0.576884166270697, 44.073449337895148 ], [ 0.584703433352779, 44.077259922277449 ], [ 0.601221838063633, 44.078010224721822 ], [ 0.599327348997181, 44.074952213913676 ], [ 0.622546791735785, 44.064176392153925 ], [ 0.631509086056708, 44.052863217233622 ], [ 0.632704777793585, 44.049629558332292 ], [ 0.652847479876805, 44.042833063542588 ], [ 0.654170047592157, 44.032848890389886 ], [ 0.662534336347794, 44.024582140893799 ], [ 0.676266863298873, 44.026882560671886 ], [ 0.679585704473241, 44.029348047879381 ], [ 0.682755291647133, 44.042236873089266 ], [ 0.6945466598338, 44.045124074602505 ], [ 0.704967146559003, 44.055724666262556 ], [ 0.707922779359666, 44.058289705038739 ], [ 0.717115449194522, 44.057590407026019 ], [ 0.738932987730719, 44.062491158785981 ], [ 0.741634893497535, 44.065203084336325 ], [ 0.737991950317548, 44.071403629032957 ], [ 0.739873858083885, 44.078105432457619 ], [ 0.747760902552793, 44.086479568630793 ], [ 0.748003462010428, 44.093291597599659 ], [ 0.754272705558672, 44.104747404895555 ], [ 0.773071154876564, 44.113883057924483 ], [ 0.775040830624516, 44.116885407275667 ], [ 0.781919683724225, 44.112919024624667 ], [ 0.79524221749864, 44.112269500480842 ], [ 0.798587847598689, 44.110103786773749 ], [ 0.793164969224246, 44.118458451589355 ], [ 0.797564986675916, 44.130387275887287 ], [ 0.795081614116537, 44.133497776039221 ], [ 0.787732621614592, 44.142759010307941 ], [ 0.796556315063798, 44.145124720438368 ], [ 0.820491160081612, 44.143136052273725 ], [ 0.855078980222127, 44.130492437125689 ], [ 0.857814136478162, 44.127574653159108 ], [ 0.869091678371, 44.126515954787848 ], [ 0.880235623760851, 44.131711157647764 ], [ 0.883986545417754, 44.140094157653024 ], [ 0.892065891744555, 44.137332577513995 ], [ 0.894083809299713, 44.140234571241066 ], [ 0.888351337943931, 44.148813009294848 ], [ 0.888105803952903, 44.163835792707708 ], [ 0.889793780628102, 44.166884605017444 ], [ 0.890007664639488, 44.170220183125089 ], [ 0.882074413224838, 44.173632860649327 ], [ 0.870137979454992, 44.168998762109453 ], [ 0.863911579075721, 44.173568781409898 ], [ 0.853632130957677, 44.174781754031613 ], [ 0.853674950362896, 44.184245919252717 ], [ 0.857792557654066, 44.189863946319576 ], [ 0.859686551573562, 44.192737218507474 ], [ 0.860991504681113, 44.192978765828805 ], [ 0.898524862444443, 44.190903784456253 ], [ 0.903111355137533, 44.190055116492914 ], [ 0.929239237034596, 44.230250118265289 ], [ 0.928510423008133, 44.233063666959616 ], [ 0.919089818709801, 44.238270029336555 ], [ 0.932794736509313, 44.251251787606904 ], [ 0.927782483742459, 44.267410019978499 ], [ 0.940855059428813, 44.264225193643469 ], [ 0.948841214724942, 44.272073212893766 ], [ 0.950788108387827, 44.275071940006953 ], [ 0.946024394953829, 44.27510905448964 ], [ 0.923514782263091, 44.291569176326448 ], [ 0.921475367870214, 44.294195936995692 ], [ 0.916429596101846, 44.302204419991199 ], [ 0.912025877338073, 44.300914262928636 ], [ 0.895067328678828, 44.296700881617291 ], [ 0.891142388831953, 44.298741715260896 ], [ 0.883799767431442, 44.307686226274697 ], [ 0.869445138329048, 44.309254930444581 ], [ 0.874884083577784, 44.320724081455118 ], [ 0.873271968386821, 44.323574417787235 ], [ 0.879503145524254, 44.32734164946681 ], [ 0.883328076172451, 44.328378835349547 ], [ 0.894804537749394, 44.343285768132922 ], [ 0.896113168567192, 44.346228334702246 ], [ 0.892010697762249, 44.349913787878741 ], [ 0.893362896026777, 44.356071935503898 ], [ 0.88731996773788, 44.364645720855918 ], [ 0.89133375146956, 44.370458785187978 ], [ 0.893958952584039, 44.373120457158592 ], [ 0.895340690203332, 44.379180144022101 ], [ 0.90666648647443, 44.382223635556272 ], [ 0.910845704020203, 44.382960383319315 ], [ 0.915223765671068, 44.384096949171663 ], [ 0.919845413508077, 44.384418502433583 ], [ 0.923646721086368, 44.378006813326635 ], [ 0.937285229525954, 44.368610175166339 ], [ 0.940563339461538, 44.347852818564341 ], [ 0.941253551547876, 44.344398967539497 ], [ 0.942382096724825, 44.344420081643577 ], [ 0.944145645352755, 44.354259062845998 ], [ 0.950506449833006, 44.359519363610133 ], [ 0.969794017405998, 44.361020488400904 ], [ 0.978585692821644, 44.358048757623472 ], [ 0.993497253397206, 44.366515783229936 ], [ 0.996705418257772, 44.369149522397791 ], [ 1.004383796196146, 44.365705226698445 ], [ 1.02226571247912, 44.364056062329503 ], [ 1.024678484261023, 44.366854753725569 ], [ 1.047219738174854, 44.362574757405525 ], [ 1.060473493844354, 44.366257805357463 ], [ 1.064083831864889, 44.378513265035338 ], [ 1.05957878501539, 44.390905057944806 ], [ 1.051168351458714, 44.392269260257294 ], [ 1.058598932462816, 44.399703152798132 ], [ 1.061687795056556, 44.401927645974013 ], [ 1.059948916793083, 44.405021583755982 ], [ 1.061450022753304, 44.41473687458361 ], [ 1.057488093572828, 44.427678678344826 ], [ 1.051010514464675, 44.430409735332326 ], [ 1.047181565087718, 44.431026287279693 ], [ 1.045004831294389, 44.434013247088217 ], [ 1.031175069944257, 44.433091639357897 ], [ 1.031240619922689, 44.439513165931885 ], [ 1.021679370804208, 44.44659975939237 ], [ 1.020990038489484, 44.456240523436598 ], [ 1.025024603108957, 44.46563287872501 ], [ 1.022472194141044, 44.472097636342447 ], [ 1.023009281037097, 44.475439073062248 ], [ 1.01223611214836, 44.478514166361563 ], [ 1.009025081962429, 44.480050108280174 ], [ 1.014986890182308, 44.489720842414428 ], [ 1.016272093090139, 44.503638659950774 ], [ 0.999968825294734, 44.525199655419634 ], [ 0.989453325771307, 44.532401830419076 ], [ 0.98846033915441, 44.539425815024202 ], [ 0.981519643170356, 44.544441114063396 ], [ 0.993167136392631, 44.549408240808233 ], [ 1.006566664150022, 44.547615823428977 ], [ 1.011872695556335, 44.539264651717275 ], [ 1.013166329264689, 44.536136141719453 ], [ 1.036747662036122, 44.556054175316397 ], [ 1.040809194589388, 44.557693212938133 ], [ 1.042312476175581, 44.557926994517338 ], [ 1.053194650637606, 44.563765609216077 ], [ 1.067229544262387, 44.565525000783502 ], [ 1.073638777458143, 44.574083770070956 ], [ 1.075140824725116, 44.57732478356553 ], [ 1.076483107625535, 44.574169362255212 ], [ 1.085074954601715, 44.57195032228239 ], [ 1.098607234594505, 44.571886951854076 ], [ 1.103210356797425, 44.571740976045533 ], [ 1.099504161106547, 44.580042953882071 ], [ 1.103467212417931, 44.580966547678429 ], [ 1.096152268645134, 44.593123669497054 ], [ 1.107395664816747, 44.603960877477626 ], [ 1.123622269737462, 44.61482759308231 ], [ 1.127289476437232, 44.616771857692974 ], [ 1.146641905485561, 44.631362113036353 ], [ 1.150893238594069, 44.632856105025184 ], [ 1.152549898481167, 44.6361796710531 ], [ 1.146515653335456, 44.652846300269985 ], [ 1.14982508516404, 44.65502693534841 ], [ 1.146901472665661, 44.667585301806916 ], [ 1.146732717282282, 44.670797348840402 ], [ 1.16106115911475, 44.672963553130209 ], [ 1.166973616946894, 44.678590868507357 ], [ 1.18056080046822, 44.682687350679345 ], [ 1.219796138125431, 44.683316481248497 ], [ 1.224550055454279, 44.684266348929604 ], [ 1.224706522804266, 44.685709674790743 ], [ 1.230001162578678, 44.691152515861852 ], [ 1.242933082578593, 44.694636421361281 ], [ 1.244637820778172, 44.704749177920306 ], [ 1.261541986351617, 44.710175836338685 ], [ 1.268091000848839, 44.718959379388096 ], [ 1.270040944184363, 44.722087615147871 ], [ 1.282720783739895, 44.715098934854858 ], [ 1.287021436289576, 44.714463159175352 ], [ 1.299421048064946, 44.731673815201262 ], [ 1.297181289548594, 44.738060024618612 ], [ 1.300189773591289, 44.74428372586631 ], [ 1.31213862888945, 44.741485745040947 ], [ 1.316050839672207, 44.740374628341506 ], [ 1.321535297008289, 44.761097488479415 ], [ 1.308133400172478, 44.770898406033147 ], [ 1.303951257868772, 44.772500444574646 ], [ 1.297153532775252, 44.776970859011904 ], [ 1.303806263334111, 44.785690848417502 ], [ 1.30262011156467, 44.788959603234112 ], [ 1.293311020257463, 44.789852294706797 ], [ 1.301165961805708, 44.797744468665336 ], [ 1.321844601128989, 44.804110864623794 ], [ 1.325506786115662, 44.806012294545155 ], [ 1.352501434074598, 44.808577841219986 ], [ 1.356551138374829, 44.810249850350552 ], [ 1.360243786759902, 44.811159996807604 ], [ 1.364102971342704, 44.811568186415201 ], [ 1.360801359205004, 44.838886261379763 ], [ 1.365459211304188, 44.84497047373597 ], [ 1.378341353219988, 44.843349412641928 ], [ 1.38859342251518, 44.849991504154097 ], [ 1.402507350795885, 44.849048987798845 ], [ 1.402862355784671, 44.850810107298813 ], [ 1.405461926688297, 44.863139576233081 ], [ 1.409291604774862, 44.864725402922716 ], [ 1.411446306186274, 44.872707860965178 ], [ 1.414008902696504, 44.871654863448242 ], [ 1.416778223563781, 44.87090192842976 ], [ 1.431431391708604, 44.87176728752091 ], [ 1.439857594975661, 44.875244934274967 ], [ 1.442177776514902, 44.87834827249408 ], [ 1.442507736450678, 44.881063458963673 ], [ 1.439856637310328, 44.888950817969906 ], [ 1.435732041782389, 44.889676255993088 ], [ 1.421835790634305, 44.896413718155692 ], [ 1.419672380976838, 44.899003495931289 ], [ 1.41826868428021, 44.907448496286435 ], [ 1.410526116200283, 44.908787852482725 ], [ 1.423629109780193, 44.918268020107114 ], [ 1.44156187053541, 44.918782122097276 ], [ 1.433100064364166, 44.93721410775867 ], [ 1.433461966077592, 44.946044468074632 ], [ 1.428610500644519, 44.946309200717323 ], [ 1.418990437504337, 44.958285111347436 ], [ 1.41956781765238, 44.968397440321986 ], [ 1.41426127236, 44.973914314686368 ], [ 1.414986871646868, 44.993565693614038 ], [ 1.409130304927427, 45.006729311152284 ], [ 1.433022604270775, 45.010769549575123 ], [ 1.44826154393224, 45.019313158674059 ], [ 1.460356588740711, 45.01396973635012 ], [ 1.477291639347875, 45.020092270510901 ], [ 1.477131450698306, 45.026916232366958 ], [ 1.479929552292007, 45.026756350219941 ], [ 1.505799906558702, 45.039498045123459 ], [ 1.522660501478384, 45.042658769623067 ], [ 1.526758794787076, 45.044280004054684 ], [ 1.540315205614521, 45.044665633874665 ], [ 1.543941503631493, 45.031250074586026 ] ], [ [ 1.980578077533021, 42.494779006227681 ], [ 1.977965246654721, 42.488586913357246 ], [ 1.962662598715268, 42.476833283988796 ], [ 1.960055825645914, 42.470452112319883 ], [ 1.95980316108606, 42.453261356809342 ], [ 1.976787296930582, 42.449029798968589 ], [ 1.980854096685786, 42.447612446240491 ], [ 2.004724030255042, 42.447235656456101 ], [ 2.00940653620714, 42.448115289317904 ], [ 2.012837143910511, 42.452695801272306 ], [ 2.006446608315302, 42.456582858779441 ], [ 2.002788828459658, 42.458220776783335 ], [ 1.991899284955818, 42.463835791535438 ], [ 1.986609567203542, 42.472712438465976 ], [ 1.993972521205718, 42.484468875899893 ], [ 1.998384853000239, 42.484977867524869 ], [ 1.995603506512943, 42.487801503134776 ], [ 1.989823250215807, 42.493338649617918 ], [ 1.980578077533021, 42.494779006227681 ] ] ] ] } },
{ "type": "Feature", "properties": { "code_INSEE": 72, "NOM": "NOUVELLE AQUITANIE", "population": 5671076, "nb_dentist": 3621 }, "geometry": { "type": "MultiPolygon", "coordinates": [ [ [ [ 0.033623768544553, 47.162889615709133 ], [ 0.036642481494822, 47.160363290217347 ], [ 0.051052418555395, 47.167127921376981 ], [ 0.05373978484957, 47.164610743218411 ], [ 0.064921396261097, 47.146083811127959 ], [ 0.068953456646261, 47.144059880593218 ], [ 0.078390089196379, 47.146334653307754 ], [ 0.081434660996484, 47.133285225625876 ], [ 0.077943278201908, 47.127070840814966 ], [ 0.082432077123067, 47.117796625345441 ], [ 0.090197545311822, 47.121857234241091 ], [ 0.104720450958066, 47.120798343716686 ], [ 0.110323132779915, 47.129289872963241 ], [ 0.123966215501265, 47.12693627636633 ], [ 0.127952344123195, 47.12099933086489 ], [ 0.137322337520868, 47.122258699476816 ], [ 0.140682856499005, 47.124594073651068 ], [ 0.134143638659981, 47.115270090175628 ], [ 0.134945994101226, 47.108371078566712 ], [ 0.158611840958306, 47.102739023976341 ], [ 0.161916887367775, 47.100108538177984 ], [ 0.167829115810648, 47.1083615345838 ], [ 0.179245101333641, 47.113361255899179 ], [ 0.183487069930519, 47.114509688550108 ], [ 0.185353539149316, 47.104041893081643 ], [ 0.19804254778988, 47.092945062125345 ], [ 0.194950517251241, 47.086455788544299 ], [ 0.177027348591492, 47.073830280380221 ], [ 0.174011383140746, 47.06721604884379 ], [ 0.176727105808432, 47.064201392224582 ], [ 0.175696157349354, 47.06072575469652 ], [ 0.180336949050161, 47.059460769474605 ], [ 0.194403705039135, 47.063001477034092 ], [ 0.208198503766238, 47.053236797573668 ], [ 0.228055744817668, 47.061327530690136 ], [ 0.232832149139368, 47.066387851916559 ], [ 0.235155325800082, 47.069164110342236 ], [ 0.243871797323292, 47.070948912380501 ], [ 0.263549830313209, 47.068506917762782 ], [ 0.264221285210147, 47.046433667225642 ], [ 0.267676550583239, 47.044047106316157 ], [ 0.294507699862917, 47.051948772443843 ], [ 0.298426203994731, 47.053977332714226 ], [ 0.307895373855816, 47.047270927649727 ], [ 0.309073730993448, 47.031308293560954 ], [ 0.309935377992288, 47.028031252331552 ], [ 0.300585361524646, 47.021101588756075 ], [ 0.306204081870692, 47.008819024001674 ], [ 0.308175059901663, 46.999928474045646 ], [ 0.310728226614364, 46.997312454079506 ], [ 0.29608840776835, 46.990168703549777 ], [ 0.291436044256924, 46.990266756958249 ], [ 0.306588924317683, 46.97892829828961 ], [ 0.298205829095253, 46.971263969729534 ], [ 0.306402033780593, 46.963933432106508 ], [ 0.303022015103662, 46.95835907529802 ], [ 0.302029113788178, 46.955317903996843 ], [ 0.310568580968259, 46.939707063736364 ], [ 0.321021084884942, 46.932626399502922 ], [ 0.325352245560208, 46.930943281355738 ], [ 0.343125321472151, 46.936705616313944 ], [ 0.348073922866477, 46.936369169674911 ], [ 0.364629656728331, 46.94856821396229 ], [ 0.38281957146368, 46.9437487299476 ], [ 0.387819916897162, 46.943709023756057 ], [ 0.401133681946143, 46.938190551142689 ], [ 0.405362259383977, 46.936132817342276 ], [ 0.420737639108811, 46.936387886521189 ], [ 0.434520992989781, 46.93166890588634 ], [ 0.438709660253637, 46.929582071059038 ], [ 0.443882105934132, 46.938110679527881 ], [ 0.444803407169715, 46.941157891681904 ], [ 0.486465048276945, 46.954018758448278 ], [ 0.491285328238051, 46.955321830064506 ], [ 0.502577412974182, 46.957791987304461 ], [ 0.505189825415862, 46.959911381471031 ], [ 0.512901980959748, 46.955862269917418 ], [ 0.549556265152068, 46.959592758234884 ], [ 0.554198532114039, 46.958475273446496 ], [ 0.563306032007742, 46.955776614627695 ], [ 0.598205322800499, 46.956427885171962 ], [ 0.601700837055898, 46.958887685156057 ], [ 0.598804416441962, 46.974924071217771 ], [ 0.576875958580962, 46.980869897343361 ], [ 0.5736830093976, 46.983387983384254 ], [ 0.573146310896351, 46.989474895525582 ], [ 0.574382319237307, 46.992437390759328 ], [ 0.567922352562186, 46.999660657988144 ], [ 0.566949952286981, 47.002540625158339 ], [ 0.567742433892661, 47.006286500502213 ], [ 0.585908970362872, 47.006109501814116 ], [ 0.59055591651332, 47.006729060883274 ], [ 0.618489892132915, 47.007516091735305 ], [ 0.623652347021709, 47.00241620352822 ], [ 0.62188843224219, 46.999416404751052 ], [ 0.623983804201516, 46.993685778162558 ], [ 0.633559591395376, 46.986658603146189 ], [ 0.637793816724031, 46.98525014866334 ], [ 0.651538408150337, 46.986999000495892 ], [ 0.660467737684773, 46.978983711115887 ], [ 0.690171801183396, 46.974979656865443 ], [ 0.695274671427368, 46.96919096273124 ], [ 0.69517621255453, 46.962244346100029 ], [ 0.69598293531668, 46.959369113480328 ], [ 0.706179289895962, 46.936108296756842 ], [ 0.703170741971984, 46.925824982897346 ], [ 0.708917621358347, 46.917724643427398 ], [ 0.70487416290796, 46.912329776883396 ], [ 0.70373828500063, 46.909361705047083 ], [ 0.704670234593241, 46.902885902457427 ], [ 0.727283870442301, 46.886085147762294 ], [ 0.729468291952215, 46.883182814319511 ], [ 0.73926652842682, 46.872854962634619 ], [ 0.743522470477882, 46.871587355242923 ], [ 0.753422662446182, 46.860584801686144 ], [ 0.765644957126299, 46.865119256147743 ], [ 0.771792406211874, 46.861257183450583 ], [ 0.766355814636823, 46.85584645190729 ], [ 0.771389165601288, 46.850953953949563 ], [ 0.795013239102749, 46.85051735618643 ], [ 0.796638770572435, 46.847350901214448 ], [ 0.786885210306694, 46.841227865658162 ], [ 0.794667467917979, 46.832892393677177 ], [ 0.807996570949758, 46.829138914300678 ], [ 0.809040950304579, 46.819214724586068 ], [ 0.809857326881814, 46.815897559621057 ], [ 0.810162415316481, 46.814191974453955 ], [ 0.815597292948596, 46.804999772691701 ], [ 0.813353602241095, 46.79168025074695 ], [ 0.826099067077435, 46.786823854040897 ], [ 0.82939560079844, 46.776869974366051 ], [ 0.844840123272484, 46.7630191559116 ], [ 0.858729477081187, 46.759153532079864 ], [ 0.859742971614934, 46.755722615145736 ], [ 0.86560200236439, 46.751039746163038 ], [ 0.867468880708135, 46.748219105048463 ], [ 0.87980288308316, 46.738746610662936 ], [ 0.898324726219211, 46.735799459621411 ], [ 0.902830211631302, 46.730405433951077 ], [ 0.911171874981378, 46.727071705033595 ], [ 0.910404158395805, 46.717410974558803 ], [ 0.92158744099619, 46.70272505574755 ], [ 0.924812462982454, 46.700216357901738 ], [ 0.927133459156448, 46.693601953386505 ], [ 0.918154990607082, 46.69048499825071 ], [ 0.902261512432079, 46.677666264492956 ], [ 0.907242588843476, 46.678135565171786 ], [ 0.911839824225602, 46.672589766563064 ], [ 0.907339809863493, 46.666436781445654 ], [ 0.915637860821686, 46.650671906043385 ], [ 0.907628044178796, 46.646715861732375 ], [ 0.895517637980864, 46.631821020526459 ], [ 0.89399256418278, 46.628658401255038 ], [ 0.904895646003667, 46.618175414015425 ], [ 0.908476614023525, 46.605279091886715 ], [ 0.916277615004998, 46.597125393542193 ], [ 0.933283825666107, 46.594569184211792 ], [ 0.937758104351617, 46.594424656766662 ], [ 0.941367291053159, 46.580879388345586 ], [ 0.95559838465871, 46.577612496962956 ], [ 0.962437165705925, 46.572537159178843 ], [ 0.982014858157683, 46.573271264702093 ], [ 0.990588917619724, 46.566036098010834 ], [ 1.009905708033614, 46.567418418659955 ], [ 1.014764424983161, 46.567763998822002 ], [ 1.024705144168108, 46.549705355323525 ], [ 1.019938074963379, 46.540417546923052 ], [ 1.020409361364244, 46.537147057078435 ], [ 1.065509160023956, 46.53925161695593 ], [ 1.080132041423494, 46.536183324447229 ], [ 1.090093857931798, 46.537584038104271 ], [ 1.104139112046559, 46.53343122439481 ], [ 1.119413615128192, 46.524225987897346 ], [ 1.123720035359106, 46.522324179203309 ], [ 1.146902952912892, 46.505183611475374 ], [ 1.149143140437092, 46.502211570058691 ], [ 1.145329013679006, 46.500069148133647 ], [ 1.136832970917028, 46.496778550756417 ], [ 1.136124699400062, 46.493461430608022 ], [ 1.152955761423565, 46.472838412902043 ], [ 1.135514167886938, 46.470888848780703 ], [ 1.150917042605112, 46.450296885999251 ], [ 1.163780075901582, 46.446775494850662 ], [ 1.168524464376929, 46.446347280092603 ], [ 1.185482539821239, 46.439511462714826 ], [ 1.185834883561199, 46.429303156656538 ], [ 1.195476804179962, 46.429618074930289 ], [ 1.203363410678926, 46.433795563285905 ], [ 1.213065862887269, 46.433083147997188 ], [ 1.211267568555795, 46.429920587813967 ], [ 1.193411490381865, 46.409761074758876 ], [ 1.195400132926239, 46.400019957129537 ], [ 1.177279956805368, 46.383951622152964 ], [ 1.180777253091025, 46.378594208253588 ], [ 1.188679659204662, 46.376936570908512 ], [ 1.19289346613055, 46.377408721923089 ], [ 1.193499320110508, 46.380732901975534 ], [ 1.208385310575959, 46.389145997994085 ], [ 1.212952463627982, 46.388001685463479 ], [ 1.21331897422422, 46.374406906373757 ], [ 1.217969981306461, 46.368255851558501 ], [ 1.23816486653289, 46.366200788504763 ], [ 1.250655875205898, 46.376750986245298 ], [ 1.260210139554608, 46.378716493553576 ], [ 1.274571695445691, 46.376421724375319 ], [ 1.279553651843116, 46.376487967384172 ], [ 1.283019507277951, 46.372207918933036 ], [ 1.310512125897543, 46.37437477332724 ], [ 1.311034871352277, 46.381038484867481 ], [ 1.321836012605832, 46.386565875520333 ], [ 1.312647800426999, 46.393707773709828 ], [ 1.340491585077596, 46.399700230657714 ], [ 1.344678084269243, 46.401598383549576 ], [ 1.359388710930241, 46.397721821294162 ], [ 1.362549608861555, 46.395632662314796 ], [ 1.373905307237741, 46.385860813810091 ], [ 1.376609209700419, 46.383341456768719 ], [ 1.39195008971598, 46.371066659669786 ], [ 1.396570819109631, 46.371897265881124 ], [ 1.395143994148544, 46.368643853424075 ], [ 1.407002746594509, 46.362640640562518 ], [ 1.411547631843999, 46.349500488114657 ], [ 1.415190510113802, 46.347218495872951 ], [ 1.43659009232003, 46.356133137709463 ], [ 1.437093012883574, 46.363111024553092 ], [ 1.44515516006046, 46.371930438263156 ], [ 1.463704384297134, 46.37627968450284 ], [ 1.479633814497143, 46.393974384153502 ], [ 1.493588476575603, 46.39724861446912 ], [ 1.496953760797612, 46.394636137994254 ], [ 1.497997544475443, 46.39738778845679 ], [ 1.500104828292912, 46.405503127135553 ], [ 1.509319332221919, 46.412774795429769 ], [ 1.510432862684236, 46.419210766329748 ], [ 1.521022327664002, 46.425382590220735 ], [ 1.525351019352817, 46.426654413452752 ], [ 1.534713601247972, 46.42429825708934 ], [ 1.543636739928866, 46.416414970989251 ], [ 1.546252747058991, 46.395923284902238 ], [ 1.555196166804611, 46.39589276970883 ], [ 1.569632708347453, 46.405305904715803 ], [ 1.57435656399439, 46.406382696823236 ], [ 1.577488632036083, 46.409096583958139 ], [ 1.592031383560034, 46.407601770515647 ], [ 1.604991228656216, 46.421152859227007 ], [ 1.609055140436722, 46.423165752692832 ], [ 1.621235646448743, 46.419404898830479 ], [ 1.614415092198096, 46.40337268019686 ], [ 1.627341445734399, 46.389425477113171 ], [ 1.641089661961545, 46.385591382870132 ], [ 1.651331609127452, 46.392980722381807 ], [ 1.655209852586241, 46.395115874232843 ], [ 1.661633665384704, 46.404404463284159 ], [ 1.679334653396535, 46.41642637632706 ], [ 1.683602520259506, 46.41817777856285 ], [ 1.709399602818538, 46.393346049832729 ], [ 1.727841012714583, 46.388960164405695 ], [ 1.728320447827334, 46.392405730907889 ], [ 1.745904546151046, 46.404307846885025 ], [ 1.750548743134075, 46.405592570881346 ], [ 1.74876733338908, 46.412318368132858 ], [ 1.759737439310097, 46.427486648358155 ], [ 1.755270002171108, 46.437209236204914 ], [ 1.758295612391281, 46.439916865713819 ], [ 1.752657637609585, 46.445502007173729 ], [ 1.75009187186375, 46.447743396870003 ], [ 1.747590198721345, 46.450021456004407 ], [ 1.784545692382745, 46.455076560835707 ], [ 1.793694058560219, 46.453849700342289 ], [ 1.798244334137866, 46.454906285872838 ], [ 1.802116391322248, 46.448282803583744 ], [ 1.816985805523283, 46.438495593992059 ], [ 1.818454546558738, 46.431423390891247 ], [ 1.842569777653723, 46.426807354813938 ], [ 1.85374734351104, 46.433467142321355 ], [ 1.878921048527409, 46.432375225418426 ], [ 1.883955999486462, 46.432649680519752 ], [ 1.887680487252531, 46.440989074539701 ], [ 1.895330801073244, 46.438235606955516 ], [ 1.899831137052703, 46.438567221922455 ], [ 1.911555607435452, 46.443092225965259 ], [ 1.919538098628215, 46.439962083793404 ], [ 1.92287033531297, 46.434149036176741 ], [ 1.926118533173424, 46.431910258948314 ], [ 1.976055126032883, 46.439501169482234 ], [ 1.98110768702772, 46.440284792694492 ], [ 1.986597152842202, 46.435785940200859 ], [ 1.990775547233625, 46.43522858938443 ], [ 1.993082366902662, 46.430917389355791 ], [ 2.026333720478823, 46.427216401675835 ], [ 2.029414714801389, 46.424595077860651 ], [ 2.058492968780299, 46.420876240494863 ], [ 2.063459097729342, 46.421349336019404 ], [ 2.072452120264224, 46.420107984537843 ], [ 2.084371307216657, 46.411289023774358 ], [ 2.088748546965612, 46.410342480177476 ], [ 2.088622881693277, 46.410071320214669 ], [ 2.103440062007783, 46.41076499041079 ], [ 2.115972369626248, 46.421533870876097 ], [ 2.140603050701151, 46.421100565615944 ], [ 2.149205652832555, 46.423902553001568 ], [ 2.167785580903403, 46.424075504924716 ], [ 2.180482222019487, 46.423203793235736 ], [ 2.184897387772404, 46.423154351440161 ], [ 2.194075251444955, 46.425975053740387 ], [ 2.197830688495315, 46.428297789910296 ], [ 2.220649295815086, 46.423584077228348 ], [ 2.24888308226011, 46.426258680204754 ], [ 2.253657638653535, 46.425650631577781 ], [ 2.256960519398906, 46.423132760627972 ], [ 2.276283376939865, 46.42127577275992 ], [ 2.281047610130065, 46.420405373181026 ], [ 2.279480562371635, 46.413839861630485 ], [ 2.282033013641801, 46.410821259557629 ], [ 2.278416366020158, 46.408655265432159 ], [ 2.284575983093677, 46.38962142847268 ], [ 2.284788522942403, 46.386308912700819 ], [ 2.286935813716336, 46.383305668962478 ], [ 2.300942432055161, 46.381861492939244 ], [ 2.312478871092656, 46.376060330275159 ], [ 2.331406304834916, 46.378415068794361 ], [ 2.335474744465913, 46.37232445278903 ], [ 2.336464275127345, 46.369043391034303 ], [ 2.33714173566246, 46.365742496844454 ], [ 2.323261766649269, 46.365778054748915 ], [ 2.309602294083525, 46.356592109344007 ], [ 2.307829452077422, 46.347666372650309 ], [ 2.302110473451157, 46.342363555562443 ], [ 2.311619795746664, 46.340971554764685 ], [ 2.314585613180375, 46.334640863575999 ], [ 2.334253841204362, 46.32516705817163 ], [ 2.357931919028448, 46.323366825029062 ], [ 2.366209834679249, 46.311175333126783 ], [ 2.370610338335425, 46.312721573490101 ], [ 2.383784752346289, 46.329128653997479 ], [ 2.386079736862987, 46.331968604910571 ], [ 2.388164226718595, 46.331565582905618 ], [ 2.415900612439658, 46.311350835722209 ], [ 2.420656668929864, 46.310132428789032 ], [ 2.415615095000831, 46.297931934206659 ], [ 2.421373787567287, 46.285327315303434 ], [ 2.426006133941725, 46.284531300252802 ], [ 2.430240742525757, 46.290738995534859 ], [ 2.438446444628972, 46.293661340746517 ], [ 2.443031552582682, 46.294998578986899 ], [ 2.470214549905419, 46.286348406781713 ], [ 2.480300398003517, 46.278830707016915 ], [ 2.47957987178481, 46.275387519146214 ], [ 2.47777252959699, 46.268814619586834 ], [ 2.487941349417484, 46.253354238764999 ], [ 2.488920185001238, 46.250008784396698 ], [ 2.501979969657199, 46.246977970270606 ], [ 2.511508602367686, 46.239518123566732 ], [ 2.516311083389454, 46.239439582772555 ], [ 2.515202923937372, 46.238543374765946 ], [ 2.521757408759782, 46.202767292727032 ], [ 2.52830281697421, 46.194185854061736 ], [ 2.526101570669093, 46.187819168882939 ], [ 2.528499034018372, 46.18493853062575 ], [ 2.541834308367275, 46.176294226766771 ], [ 2.554590234732276, 46.174633978630162 ], [ 2.559154814880774, 46.174408639373517 ], [ 2.56537898739376, 46.143041187563128 ], [ 2.563984610170453, 46.140811607061146 ], [ 2.559208182923415, 46.138731024836929 ], [ 2.559959432234231, 46.132277342284638 ], [ 2.554640828354475, 46.120505056516372 ], [ 2.550522557941016, 46.118957974578194 ], [ 2.549019207363576, 46.112801577075729 ], [ 2.550965678263308, 46.09960791116562 ], [ 2.552621375221641, 46.093400972792693 ], [ 2.550659153383326, 46.086441328538022 ], [ 2.554676990815284, 46.076128382412662 ], [ 2.57349659985775, 46.04700635456831 ], [ 2.59921234109364, 46.035492675731625 ], [ 2.602696375840893, 46.03287547002212 ], [ 2.600116380965609, 46.03029996515555 ], [ 2.601760562579527, 46.021057585394743 ], [ 2.598287013965686, 46.01525508999692 ], [ 2.598839199406595, 46.008656354191217 ], [ 2.593557485319906, 45.999380351176157 ], [ 2.596790589393557, 45.986649770253877 ], [ 2.600090676798124, 45.984050007520239 ], [ 2.610788880942781, 45.972731924717436 ], [ 2.606830330303215, 45.966423728920155 ], [ 2.602149276184149, 45.96552488441764 ], [ 2.565828273815164, 45.956863645295584 ], [ 2.568835225203987, 45.947140665391572 ], [ 2.551636790968863, 45.941265575763261 ], [ 2.553173725697172, 45.937966792496283 ], [ 2.544086567996766, 45.930267228988015 ], [ 2.54260774233077, 45.923417401353042 ], [ 2.543889864011733, 45.916614738544943 ], [ 2.557840155117605, 45.91296003428333 ], [ 2.553195643640688, 45.91139291276648 ], [ 2.549707048862127, 45.908902684397212 ], [ 2.511845074500906, 45.887124383952042 ], [ 2.502118850896894, 45.886082407957794 ], [ 2.501580067842189, 45.875787201693207 ], [ 2.492225410180874, 45.864029924679166 ], [ 2.487570573455101, 45.864216033475508 ], [ 2.474279711721969, 45.871160976562827 ], [ 2.465266914301905, 45.871352832903177 ], [ 2.465348938727105, 45.86821043124165 ], [ 2.443424076316438, 45.866744819516832 ], [ 2.442696253009793, 45.863508386134455 ], [ 2.443406378574222, 45.857001166870099 ], [ 2.449666007531223, 45.852223080815413 ], [ 2.447822837106944, 45.845820441424571 ], [ 2.438950874928703, 45.846497145428636 ], [ 2.432688297081214, 45.839000606222079 ], [ 2.426321027021473, 45.834303783143227 ], [ 2.402109774323628, 45.837122920622292 ], [ 2.388020430871204, 45.827375905124242 ], [ 2.389332734740925, 45.824024075807628 ], [ 2.430863033629014, 45.788616668326576 ], [ 2.43345575407153, 45.773023828462613 ], [ 2.434118730275927, 45.769857352447197 ], [ 2.442297734931691, 45.761406255783783 ], [ 2.450512782783118, 45.759429425768161 ], [ 2.454754063066022, 45.76116097430112 ], [ 2.466989617392677, 45.755780374042054 ], [ 2.471269205131856, 45.749496956511955 ], [ 2.485224176904483, 45.746859990508646 ], [ 2.492125558241732, 45.737670095407047 ], [ 2.521625941480461, 45.709487284306263 ], [ 2.521281444124113, 45.695825208126493 ], [ 2.525830237909313, 45.694349610108162 ], [ 2.526321432244067, 45.685004478985491 ], [ 2.528683644085077, 45.682195821011966 ], [ 2.524542453385651, 45.681214883519552 ], [ 2.514537238288312, 45.672140189277755 ], [ 2.514490003771725, 45.665809470225668 ], [ 2.526007331388632, 45.655673893867984 ], [ 2.518942413678855, 45.647080191562573 ], [ 2.519069518628063, 45.644271180900148 ], [ 2.517926371410995, 45.639907882203211 ], [ 2.513976578223647, 45.639440648626675 ], [ 2.486286718782408, 45.640821520565083 ], [ 2.48202577729477, 45.635209889407498 ], [ 2.478431877957482, 45.60791718025682 ], [ 2.474685672307143, 45.606549003048585 ], [ 2.465475724246918, 45.601048599674243 ], [ 2.463471988729131, 45.594681544460066 ], [ 2.474279675450193, 45.579018922583984 ], [ 2.488221116330831, 45.569015719311047 ], [ 2.49629356712228, 45.556832498732149 ], [ 2.507604387346355, 45.553352695430029 ], [ 2.515879720921121, 45.55388391511012 ], [ 2.516672586325323, 45.551149838965991 ], [ 2.518148231637369, 45.543574057912743 ], [ 2.51497984332397, 45.540994034344948 ], [ 2.517910832598641, 45.531074266829705 ], [ 2.514877140805138, 45.524892871020775 ], [ 2.518362323641493, 45.518910629656986 ], [ 2.509566781475323, 45.50680605986409 ], [ 2.50899741577307, 45.50023003290363 ], [ 2.510568749487142, 45.497742552028782 ], [ 2.513889603566845, 45.49284033890978 ], [ 2.508408617426886, 45.478507803214015 ], [ 2.509307394356731, 45.472397467503491 ], [ 2.503694918732501, 45.461684081801465 ], [ 2.499700989147169, 45.460432687162097 ], [ 2.501585173688907, 45.451517321151321 ], [ 2.496878068243656, 45.447165006366525 ], [ 2.496051192283999, 45.443829524363082 ], [ 2.492279394716161, 45.424020026568677 ], [ 2.487537976270075, 45.418172379267688 ], [ 2.517482353104161, 45.402051724290494 ], [ 2.522232675324966, 45.402603350570701 ], [ 2.527254638840437, 45.390756455657794 ], [ 2.523509989940584, 45.384806509308724 ], [ 2.523371797365459, 45.381546228239479 ], [ 2.520664454953262, 45.38433513421905 ], [ 2.508434374697157, 45.380130988638939 ], [ 2.485575168114515, 45.378794723749245 ], [ 2.480204354877863, 45.36969320263055 ], [ 2.476366998006366, 45.371566316756073 ], [ 2.468389896760739, 45.382811646416997 ], [ 2.441551515271344, 45.384527070617182 ], [ 2.437850800173587, 45.387822312480026 ], [ 2.435245396792334, 45.390186466761143 ], [ 2.423123828062222, 45.396959343358532 ], [ 2.418301091510176, 45.397357640905206 ], [ 2.404119340761224, 45.398021531341044 ], [ 2.396443725396282, 45.402167692986637 ], [ 2.393587884357101, 45.408518680591136 ], [ 2.380990868907147, 45.413537557813093 ], [ 2.376967581536397, 45.414316701880402 ], [ 2.361706890748256, 45.414987263214975 ], [ 2.355134599689594, 45.415030696159484 ], [ 2.350249924178516, 45.409608581733082 ], [ 2.368799411001631, 45.386004862149761 ], [ 2.363484732362035, 45.380301770824993 ], [ 2.364622238584134, 45.374680229252128 ], [ 2.364432298045481, 45.357750166079725 ], [ 2.351509257432279, 45.347653775242378 ], [ 2.358556051734606, 45.338986770481284 ], [ 2.358813010321077, 45.335521417734171 ], [ 2.353415128753822, 45.329790374317184 ], [ 2.339866449581553, 45.325812243600666 ], [ 2.335033936384844, 45.326422976382659 ], [ 2.316930334424817, 45.32141537800554 ], [ 2.306146248156934, 45.310012058457424 ], [ 2.30528347176293, 45.306539879450185 ], [ 2.29032826256136, 45.288472568915374 ], [ 2.27613385089579, 45.288183510662655 ], [ 2.27324425018903, 45.289668566130729 ], [ 2.269694934169573, 45.289888578543454 ], [ 2.267931711547269, 45.287184633793359 ], [ 2.261733500055471, 45.283226831377441 ], [ 2.261549725268484, 45.279767797299712 ], [ 2.257830005693282, 45.269837968222284 ], [ 2.244194008549037, 45.266342843905704 ], [ 2.239007688870762, 45.26047259965717 ], [ 2.238564077394056, 45.247205631150898 ], [ 2.225316678933766, 45.243746840255127 ], [ 2.221133125515234, 45.23754953808038 ], [ 2.202299809011026, 45.226575018557369 ], [ 2.203062191112157, 45.223158671677574 ], [ 2.198876423369897, 45.221832060143925 ], [ 2.1911627889864, 45.223055153423651 ], [ 2.192535748809448, 45.219751351552702 ], [ 2.191141274179822, 45.20344277414361 ], [ 2.198415430976709, 45.198929852660449 ], [ 2.2016890715434, 45.181979560608731 ], [ 2.23300857364242, 45.167314554871815 ], [ 2.230422508495198, 45.161921037653563 ], [ 2.225778039554335, 45.1609164246603 ], [ 2.211364012010733, 45.160464325215933 ], [ 2.210419336620932, 45.14715792353666 ], [ 2.201410279686542, 45.139151804901026 ], [ 2.193101856515069, 45.135661294352154 ], [ 2.178792952324359, 45.136304257159125 ], [ 2.18110275600749, 45.13321466828009 ], [ 2.187932179623787, 45.116714293863353 ], [ 2.17886201734692, 45.10476194433631 ], [ 2.179370477164191, 45.094374530154383 ], [ 2.172775673513129, 45.081278338458873 ], [ 2.168152436588506, 45.081072842734379 ], [ 2.161012029090233, 45.085152363065227 ], [ 2.143402882702761, 45.0863150655059 ], [ 2.138101216666862, 45.081447791279516 ], [ 2.133316808399324, 45.081806885641633 ], [ 2.102111769544233, 45.062164156597603 ], [ 2.10020809228386, 45.062031739972092 ], [ 2.098369723598184, 45.059423587134326 ], [ 2.095159326327227, 45.056038888331045 ], [ 2.110261945185171, 45.038610893702128 ], [ 2.116937942485249, 45.021969902419137 ], [ 2.137833118977633, 45.008131957451887 ], [ 2.140895824126054, 45.005409328465987 ], [ 2.139894732708354, 45.001997975387553 ], [ 2.133292646703731, 44.985748070431796 ], [ 2.106207908571202, 44.98150887597032 ], [ 2.093554348841017, 44.985710554199599 ], [ 2.089121481050718, 44.984440761427336 ], [ 2.084729812544009, 44.982991043639402 ], [ 2.062914291973037, 44.976506405515664 ], [ 2.058581444915705, 44.975407312094561 ], [ 2.045120631738128, 44.983666628281817 ], [ 2.040848338874616, 44.981982079701851 ], [ 2.008267525053255, 44.976230747348403 ], [ 1.984336323498638, 44.97371869576093 ], [ 1.9566003883324, 44.959009855794598 ], [ 1.950990172372895, 44.95315822566846 ], [ 1.946190676464592, 44.953482026010413 ], [ 1.941333353653561, 44.958208241397045 ], [ 1.940149868623805, 44.971838736705386 ], [ 1.936522121889771, 44.973163790009686 ], [ 1.927179143304903, 44.978800945153907 ], [ 1.907779140544834, 44.978242979798992 ], [ 1.88836779667717, 44.962923036702868 ], [ 1.887090705568032, 44.956336952675166 ], [ 1.85105272603523, 44.946245504636551 ], [ 1.848411622465533, 44.943958035326922 ], [ 1.842771822534478, 44.93708302368514 ], [ 1.838527418831029, 44.938182336820539 ], [ 1.835889740096068, 44.944322878737282 ], [ 1.831572209008985, 44.943422151633968 ], [ 1.829360683589121, 44.933962091202709 ], [ 1.827628142405968, 44.930729203012447 ], [ 1.81974125599631, 44.927224000730028 ], [ 1.810041854702666, 44.92794899929909 ], [ 1.800798469724646, 44.920375846145781 ], [ 1.80016665358331, 44.920287985294777 ], [ 1.801468065426967, 44.926407135551827 ], [ 1.788603038074195, 44.934605939726261 ], [ 1.785700867296047, 44.936906476850048 ], [ 1.784546191010988, 44.930518572374069 ], [ 1.777452705207565, 44.926208597163338 ], [ 1.774608387944572, 44.92353891590075 ], [ 1.774028996279141, 44.924532040235569 ], [ 1.771446765941528, 44.927267950747854 ], [ 1.767010092561871, 44.933044836417281 ], [ 1.750554374316814, 44.938786179162065 ], [ 1.753982325530394, 44.940850714580421 ], [ 1.755329447200746, 44.944134517024295 ], [ 1.748795223655803, 44.956829904754599 ], [ 1.74073373999037, 44.960583949919688 ], [ 1.736181652526268, 44.960532311204204 ], [ 1.726255735503332, 44.967010597115198 ], [ 1.712967662181643, 44.967325875153591 ], [ 1.710880205565661, 44.96708558315359 ], [ 1.708766520127512, 44.969636456581867 ], [ 1.707507783194605, 44.972512402557506 ], [ 1.703376659040152, 44.986575013336257 ], [ 1.700372813515538, 44.989160401552326 ], [ 1.692273149256513, 44.992577430977541 ], [ 1.689268840810606, 44.994604219790205 ], [ 1.684371306997865, 45.002659920464559 ], [ 1.68007804724146, 45.003329485069564 ], [ 1.671410933157716, 45.004306958133988 ], [ 1.653199314963565, 45.018955455443248 ], [ 1.651891470450759, 45.025288229870959 ], [ 1.647370414501421, 45.025836737439988 ], [ 1.632380410395558, 45.032326440309902 ], [ 1.627745994236404, 45.033323028398819 ], [ 1.609559547898302, 45.032304954423857 ], [ 1.608958524830606, 45.028893474750234 ], [ 1.608068642894086, 45.033529047981979 ], [ 1.603883027853197, 45.035349736021629 ], [ 1.570970137217966, 45.039560943657364 ], [ 1.552039503253942, 45.028473972211508 ], [ 1.543941503631493, 45.031250074586026 ], [ 1.540315205614521, 45.044665633874665 ], [ 1.526758794787076, 45.044280004054684 ], [ 1.522660501478384, 45.042658769623067 ], [ 1.505799906558702, 45.039498045123459 ], [ 1.479929552292007, 45.026756350219941 ], [ 1.477131450698306, 45.026916232366958 ], [ 1.477291639347875, 45.020092270510901 ], [ 1.460356588740711, 45.01396973635012 ], [ 1.44826154393224, 45.019313158674059 ], [ 1.433022604270775, 45.010769549575123 ], [ 1.409130304927427, 45.006729311152284 ], [ 1.414986871646868, 44.993565693614038 ], [ 1.41426127236, 44.973914314686368 ], [ 1.41956781765238, 44.968397440321986 ], [ 1.418990437504337, 44.958285111347436 ], [ 1.428610500644519, 44.946309200717323 ], [ 1.433461966077592, 44.946044468074632 ], [ 1.433100064364166, 44.93721410775867 ], [ 1.44156187053541, 44.918782122097276 ], [ 1.423629109780193, 44.918268020107114 ], [ 1.410526116200283, 44.908787852482725 ], [ 1.41826868428021, 44.907448496286435 ], [ 1.419672380976838, 44.899003495931289 ], [ 1.421835790634305, 44.896413718155692 ], [ 1.435732041782389, 44.889676255993088 ], [ 1.439856637310328, 44.888950817969906 ], [ 1.442507736450678, 44.881063458963673 ], [ 1.442177776514902, 44.87834827249408 ], [ 1.439857594975661, 44.875244934274967 ], [ 1.431431391708604, 44.87176728752091 ], [ 1.416778223563781, 44.87090192842976 ], [ 1.414008902696504, 44.871654863448242 ], [ 1.411446306186274, 44.872707860965178 ], [ 1.409291604774862, 44.864725402922716 ], [ 1.405461926688297, 44.863139576233081 ], [ 1.402862355784671, 44.850810107298813 ], [ 1.402507350795885, 44.849048987798845 ], [ 1.38859342251518, 44.849991504154097 ], [ 1.378341353219988, 44.843349412641928 ], [ 1.365459211304188, 44.84497047373597 ], [ 1.360801359205004, 44.838886261379763 ], [ 1.364102971342704, 44.811568186415201 ], [ 1.360243786759902, 44.811159996807604 ], [ 1.356551138374829, 44.810249850350552 ], [ 1.352501434074598, 44.808577841219986 ], [ 1.325506786115662, 44.806012294545155 ], [ 1.321844601128989, 44.804110864623794 ], [ 1.301165961805708, 44.797744468665336 ], [ 1.293311020257463, 44.789852294706797 ], [ 1.30262011156467, 44.788959603234112 ], [ 1.303806263334111, 44.785690848417502 ], [ 1.297153532775252, 44.776970859011904 ], [ 1.303951257868772, 44.772500444574646 ], [ 1.308133400172478, 44.770898406033147 ], [ 1.321535297008289, 44.761097488479415 ], [ 1.316050839672207, 44.740374628341506 ], [ 1.31213862888945, 44.741485745040947 ], [ 1.300189773591289, 44.74428372586631 ], [ 1.297181289548594, 44.738060024618612 ], [ 1.299421048064946, 44.731673815201262 ], [ 1.287021436289576, 44.714463159175352 ], [ 1.282720783739895, 44.715098934854858 ], [ 1.270040944184363, 44.722087615147871 ], [ 1.268091000848839, 44.718959379388096 ], [ 1.261541986351617, 44.710175836338685 ], [ 1.244637820778172, 44.704749177920306 ], [ 1.242933082578593, 44.694636421361281 ], [ 1.230001162578678, 44.691152515861852 ], [ 1.224706522804266, 44.685709674790743 ], [ 1.224550055454279, 44.684266348929604 ], [ 1.219796138125431, 44.683316481248497 ], [ 1.18056080046822, 44.682687350679345 ], [ 1.166973616946894, 44.678590868507357 ], [ 1.16106115911475, 44.672963553130209 ], [ 1.146732717282282, 44.670797348840402 ], [ 1.146901472665661, 44.667585301806916 ], [ 1.14982508516404, 44.65502693534841 ], [ 1.146515653335456, 44.652846300269985 ], [ 1.152549898481167, 44.6361796710531 ], [ 1.150893238594069, 44.632856105025184 ], [ 1.146641905485561, 44.631362113036353 ], [ 1.127289476437232, 44.616771857692974 ], [ 1.123622269737462, 44.61482759308231 ], [ 1.107395664816747, 44.603960877477626 ], [ 1.096152268645134, 44.593123669497054 ], [ 1.103467212417931, 44.580966547678429 ], [ 1.099504161106547, 44.580042953882071 ], [ 1.103210356797425, 44.571740976045533 ], [ 1.098607234594505, 44.571886951854076 ], [ 1.085074954601715, 44.57195032228239 ], [ 1.076483107625535, 44.574169362255212 ], [ 1.075140824725116, 44.57732478356553 ], [ 1.073638777458143, 44.574083770070956 ], [ 1.067229544262387, 44.565525000783502 ], [ 1.053194650637606, 44.563765609216077 ], [ 1.042312476175581, 44.557926994517338 ], [ 1.040809194589388, 44.557693212938133 ], [ 1.036747662036122, 44.556054175316397 ], [ 1.013166329264689, 44.536136141719453 ], [ 1.011872695556335, 44.539264651717275 ], [ 1.006566664150022, 44.547615823428977 ], [ 0.993167136392631, 44.549408240808233 ], [ 0.981519643170356, 44.544441114063396 ], [ 0.98846033915441, 44.539425815024202 ], [ 0.989453325771307, 44.532401830419076 ], [ 0.999968825294734, 44.525199655419634 ], [ 1.016272093090139, 44.503638659950774 ], [ 1.014986890182308, 44.489720842414428 ], [ 1.009025081962429, 44.480050108280174 ], [ 1.01223611214836, 44.478514166361563 ], [ 1.023009281037097, 44.475439073062248 ], [ 1.022472194141044, 44.472097636342447 ], [ 1.025024603108957, 44.46563287872501 ], [ 1.020990038489484, 44.456240523436598 ], [ 1.021679370804208, 44.44659975939237 ], [ 1.031240619922689, 44.439513165931885 ], [ 1.031175069944257, 44.433091639357897 ], [ 1.045004831294389, 44.434013247088217 ], [ 1.047181565087718, 44.431026287279693 ], [ 1.051010514464675, 44.430409735332326 ], [ 1.057488093572828, 44.427678678344826 ], [ 1.061450022753304, 44.41473687458361 ], [ 1.059948916793083, 44.405021583755982 ], [ 1.061687795056556, 44.401927645974013 ], [ 1.058598932462816, 44.399703152798132 ], [ 1.051168351458714, 44.392269260257294 ], [ 1.05957878501539, 44.390905057944806 ], [ 1.064083831864889, 44.378513265035338 ], [ 1.060473493844354, 44.366257805357463 ], [ 1.047219738174854, 44.362574757405525 ], [ 1.024678484261023, 44.366854753725569 ], [ 1.02226571247912, 44.364056062329503 ], [ 1.004383796196146, 44.365705226698445 ], [ 0.996705418257772, 44.369149522397791 ], [ 0.993497253397206, 44.366515783229936 ], [ 0.978585692821644, 44.358048757623472 ], [ 0.969794017405998, 44.361020488400904 ], [ 0.950506449833006, 44.359519363610133 ], [ 0.944145645352755, 44.354259062845998 ], [ 0.942382096724825, 44.344420081643577 ], [ 0.941253551547876, 44.344398967539497 ], [ 0.940563339461538, 44.347852818564341 ], [ 0.937285229525954, 44.368610175166339 ], [ 0.923646721086368, 44.378006813326635 ], [ 0.919845413508077, 44.384418502433583 ], [ 0.915223765671068, 44.384096949171663 ], [ 0.910845704020203, 44.382960383319315 ], [ 0.90666648647443, 44.382223635556272 ], [ 0.895340690203332, 44.379180144022101 ], [ 0.893958952584039, 44.373120457158592 ], [ 0.89133375146956, 44.370458785187978 ], [ 0.88731996773788, 44.364645720855918 ], [ 0.893362896026777, 44.356071935503898 ], [ 0.892010697762249, 44.349913787878741 ], [ 0.896113168567192, 44.346228334702246 ], [ 0.894804537749394, 44.343285768132922 ], [ 0.883328076172451, 44.328378835349547 ], [ 0.879503145524254, 44.32734164946681 ], [ 0.873271968386821, 44.323574417787235 ], [ 0.874884083577784, 44.320724081455118 ], [ 0.869445138329048, 44.309254930444581 ], [ 0.883799767431442, 44.307686226274697 ], [ 0.891142388831953, 44.298741715260896 ], [ 0.895067328678828, 44.296700881617291 ], [ 0.912025877338073, 44.300914262928636 ], [ 0.916429596101846, 44.302204419991199 ], [ 0.921475367870214, 44.294195936995692 ], [ 0.923514782263091, 44.291569176326448 ], [ 0.946024394953829, 44.27510905448964 ], [ 0.950788108387827, 44.275071940006953 ], [ 0.948841214724942, 44.272073212893766 ], [ 0.940855059428813, 44.264225193643469 ], [ 0.927782483742459, 44.267410019978499 ], [ 0.932794736509313, 44.251251787606904 ], [ 0.919089818709801, 44.238270029336555 ], [ 0.928510423008133, 44.233063666959616 ], [ 0.929239237034596, 44.230250118265289 ], [ 0.903111355137533, 44.190055116492914 ], [ 0.898524862444443, 44.190903784456253 ], [ 0.860991504681113, 44.192978765828805 ], [ 0.859686551573562, 44.192737218507474 ], [ 0.857792557654066, 44.189863946319576 ], [ 0.853674950362896, 44.184245919252717 ], [ 0.853632130957677, 44.174781754031613 ], [ 0.863911579075721, 44.173568781409898 ], [ 0.870137979454992, 44.168998762109453 ], [ 0.882074413224838, 44.173632860649327 ], [ 0.890007664639488, 44.170220183125089 ], [ 0.889793780628102, 44.166884605017444 ], [ 0.888105803952903, 44.163835792707708 ], [ 0.888351337943931, 44.148813009294848 ], [ 0.894083809299713, 44.140234571241066 ], [ 0.892065891744555, 44.137332577513995 ], [ 0.883986545417754, 44.140094157653024 ], [ 0.880235623760851, 44.131711157647764 ], [ 0.869091678371, 44.126515954787848 ], [ 0.857814136478162, 44.127574653159108 ], [ 0.855078980222127, 44.130492437125689 ], [ 0.820491160081612, 44.143136052273725 ], [ 0.796556315063798, 44.145124720438368 ], [ 0.787732621614592, 44.142759010307941 ], [ 0.795081614116537, 44.133497776039221 ], [ 0.797564986675916, 44.130387275887287 ], [ 0.793164969224246, 44.118458451589355 ], [ 0.798587847598689, 44.110103786773749 ], [ 0.79524221749864, 44.112269500480842 ], [ 0.781919683724225, 44.112919024624667 ], [ 0.775040830624516, 44.116885407275667 ], [ 0.773071154876564, 44.113883057924483 ], [ 0.754272705558672, 44.104747404895555 ], [ 0.748003462010428, 44.093291597599659 ], [ 0.747760902552793, 44.086479568630793 ], [ 0.739873858083885, 44.078105432457619 ], [ 0.737991950317548, 44.071403629032957 ], [ 0.741634893497535, 44.065203084336325 ], [ 0.738932987730719, 44.062491158785981 ], [ 0.717115449194522, 44.057590407026019 ], [ 0.707922779359666, 44.058289705038739 ], [ 0.704967146559003, 44.055724666262556 ], [ 0.6945466598338, 44.045124074602505 ], [ 0.682755291647133, 44.042236873089266 ], [ 0.679585704473241, 44.029348047879381 ], [ 0.676266863298873, 44.026882560671886 ], [ 0.662534336347794, 44.024582140893799 ], [ 0.654170047592157, 44.032848890389886 ], [ 0.652847479876805, 44.042833063542588 ], [ 0.632704777793585, 44.049629558332292 ], [ 0.631509086056708, 44.052863217233622 ], [ 0.622546791735785, 44.064176392153925 ], [ 0.599327348997181, 44.074952213913676 ], [ 0.601221838063633, 44.078010224721822 ], [ 0.584703433352779, 44.077259922277449 ], [ 0.576884166270697, 44.073449337895148 ], [ 0.567314520069194, 44.061234109089504 ], [ 0.558739990873573, 44.058224810611584 ], [ 0.546089592695612, 44.056231082716145 ], [ 0.538427474631968, 44.05295246662407 ], [ 0.535071041988542, 44.055209112806565 ], [ 0.522484195043326, 44.05695097586225 ], [ 0.511580284743271, 44.062736768488115 ], [ 0.504716608452828, 44.050667323545042 ], [ 0.503818907848087, 44.053771474648414 ], [ 0.497470988160944, 44.05757958843688 ], [ 0.488816975032955, 44.056462908233158 ], [ 0.485696972957362, 44.058687499347393 ], [ 0.485403428727459, 44.055439041337081 ], [ 0.459759081172883, 44.055378171997894 ], [ 0.458660364769778, 44.052579174681298 ], [ 0.450621318932374, 44.046403990534557 ], [ 0.450312467308608, 44.044379712587926 ], [ 0.447452464694762, 44.041620595429961 ], [ 0.442449914754968, 44.028761983325857 ], [ 0.437588205319867, 44.029188510651224 ], [ 0.418873879718909, 44.028208301124828 ], [ 0.412023789711148, 44.023499010288589 ], [ 0.397883103689328, 44.021884864615359 ], [ 0.38244439884456, 44.008342309855756 ], [ 0.372908309951857, 44.008428827445492 ], [ 0.357070373034492, 44.015530394294714 ], [ 0.324750471328433, 44.007846717793754 ], [ 0.315479999496281, 44.009969892779495 ], [ 0.314859931204445, 44.006712814001347 ], [ 0.318025526376329, 43.997245074629909 ], [ 0.305492790797283, 43.993992271767631 ], [ 0.302771712109064, 43.991394738886434 ], [ 0.282349571593191, 43.998003124468596 ], [ 0.273552361695216, 43.998054277547851 ], [ 0.271139901864696, 44.001019871250072 ], [ 0.259824090951202, 44.00569883522455 ], [ 0.250635783023935, 44.004261490812517 ], [ 0.232994544432685, 44.009390913552302 ], [ 0.232774891558331, 44.02238932578156 ], [ 0.229143200507496, 44.021360812944465 ], [ 0.218720868170521, 44.021132324956014 ], [ 0.214733635748168, 44.022786965500948 ], [ 0.201762137125746, 44.014233741150257 ], [ 0.193465644227957, 44.013687949682051 ], [ 0.189806645006021, 44.015007886338132 ], [ 0.181139816201838, 44.002528110389221 ], [ 0.165746633392163, 43.994448342724148 ], [ 0.164052991920283, 43.977095580358494 ], [ 0.161034530336526, 43.974351561797384 ], [ 0.156784262839454, 43.972809185028751 ], [ 0.138624871916051, 43.976594947826861 ], [ 0.140999755900724, 43.993641909657377 ], [ 0.126847430401266, 44.001925533205714 ], [ 0.127415301550592, 43.998581264257773 ], [ 0.107387967047689, 43.985381947207181 ], [ 0.093312644838494, 43.985738062906748 ], [ 0.080371779069242, 43.981718753013283 ], [ 0.076045609699233, 43.983143136582925 ], [ 0.069724037594927, 43.976552572408373 ], [ 0.067535702718007, 43.974242382345636 ], [ 0.067104222513539, 43.967359250307446 ], [ 0.055391035307573, 43.957065636682486 ], [ 0.069739760716131, 43.935252033857815 ], [ 0.074764997752704, 43.918185848199798 ], [ 0.075081669394288, 43.914682129607712 ], [ 0.069083288767152, 43.905344526756707 ], [ 0.058618138871537, 43.898380864935667 ], [ 0.03692743792122, 43.902125936586863 ], [ 0.03317787921015, 43.899979786556237 ], [ 0.029209987360853, 43.902033247001633 ], [ 0.015984020813393, 43.912245351936853 ], [ -0.019935657662961, 43.929269804878174 ], [ 0.005382886738808, 43.945232285463582 ], [ 0.005560785198336, 43.955612218035135 ], [ -0.00096087721243, 43.960611838829237 ], [ -0.00491465474955, 43.962529576753361 ], [ -0.036168924668081, 43.983740327552326 ], [ -0.046915094645765, 43.961231349185738 ], [ -0.060462706241915, 43.958799244412987 ], [ -0.073634503474484, 43.94455951360883 ], [ -0.094468427068918, 43.945790600924823 ], [ -0.0978637447379, 43.943352658996574 ], [ -0.095423272646441, 43.931001884648801 ], [ -0.09874815848479, 43.928890139760732 ], [ -0.1025610421069, 43.927277794417911 ], [ -0.10674567364588, 43.928834028664753 ], [ -0.125325431620949, 43.943597106077711 ], [ -0.13513333682529, 43.936299818639064 ], [ -0.153158054459241, 43.938816181000824 ], [ -0.15591537001912, 43.93233273257826 ], [ -0.163921811584211, 43.928606433914531 ], [ -0.179029356831845, 43.93648999081568 ], [ -0.198710081797721, 43.917820443827914 ], [ -0.200575131890593, 43.914640402831658 ], [ -0.203482912506704, 43.913393230822386 ], [ -0.209669034941377, 43.911734398280558 ], [ -0.216850266755068, 43.907623030249482 ], [ -0.227892962901499, 43.910791742760516 ], [ -0.232825670052015, 43.901539736560693 ], [ -0.239878580955211, 43.897412579400381 ], [ -0.231715896206669, 43.890962470894365 ], [ -0.219238789836444, 43.891223176096283 ], [ -0.215616441188314, 43.889267418476997 ], [ -0.205349976933099, 43.884976029380383 ], [ -0.201256823697522, 43.885267318191566 ], [ -0.194002076601693, 43.881580032053144 ], [ -0.18753208577979, 43.869853523575976 ], [ -0.185723333172035, 43.866889169664816 ], [ -0.187112287754956, 43.863894456628216 ], [ -0.195833596517227, 43.870700438517311 ], [ -0.204298495477243, 43.860256650204043 ], [ -0.20890820830047, 43.857671334928817 ], [ -0.194495792571634, 43.843008567067166 ], [ -0.193419971275386, 43.840013921542578 ], [ -0.189844450299468, 43.833697034040746 ], [ -0.196344273044876, 43.829120557219909 ], [ -0.194708439271165, 43.809210538696618 ], [ -0.212633233285768, 43.809278006616793 ], [ -0.21600044711848, 43.812538059722854 ], [ -0.226956257148999, 43.807665976532064 ], [ -0.218646911577249, 43.796590774958723 ], [ -0.221603737280379, 43.790370106861154 ], [ -0.222127766102849, 43.787094343545483 ], [ -0.214827730285924, 43.78262679507305 ], [ -0.215682479065069, 43.772406587238628 ], [ -0.207783878640551, 43.759661781052245 ], [ -0.209199022623269, 43.756314871715617 ], [ -0.213933557147392, 43.755661875614074 ], [ -0.218864360591066, 43.75032873594057 ], [ -0.196407533910191, 43.746865678123662 ], [ -0.195896426303634, 43.740162300415896 ], [ -0.194143302372309, 43.737016685694684 ], [ -0.218276066587226, 43.720878713734159 ], [ -0.222235915236877, 43.718870295331961 ], [ -0.226314143739705, 43.716984299268489 ], [ -0.247380660201018, 43.709242907368534 ], [ -0.241215925172517, 43.692675889169315 ], [ -0.254545475233022, 43.682623599105398 ], [ -0.256714037846253, 43.675804340686746 ], [ -0.249330180312866, 43.671846600522741 ], [ -0.239730192011478, 43.671241522013943 ], [ -0.2432756059109, 43.663958317733261 ], [ -0.246275524341634, 43.654944215119883 ], [ -0.259197655137074, 43.653161632795033 ], [ -0.261803308381093, 43.647950258140391 ], [ -0.263358867653014, 43.644994747024242 ], [ -0.26336158283098, 43.638726778334323 ], [ -0.266967507425204, 43.636943387916602 ], [ -0.282111589196071, 43.643079149921263 ], [ -0.280374940849157, 43.627254670775926 ], [ -0.281223088988995, 43.624095119505597 ], [ -0.280401089340505, 43.620778886161489 ], [ -0.274673240609179, 43.615989676762098 ], [ -0.247204199518219, 43.615958813275235 ], [ -0.248945538448078, 43.605784755311255 ], [ -0.254238213899312, 43.600124052218639 ], [ -0.254007275547106, 43.596708968523515 ], [ -0.249482120183014, 43.596664373928903 ], [ -0.242837066929749, 43.584985198971971 ], [ -0.238911698736129, 43.583040206573401 ], [ -0.228803426716592, 43.589644867322789 ], [ -0.210606775836645, 43.593237175865859 ], [ -0.206209435811592, 43.587270723979579 ], [ -0.205010919909674, 43.584001288156372 ], [ -0.200655634428512, 43.585426486237331 ], [ -0.176919540737558, 43.596596304218103 ], [ -0.165057037507251, 43.583930754066401 ], [ -0.162107895159636, 43.581666450478608 ], [ -0.157822435239429, 43.581449008647738 ], [ -0.151007274193539, 43.585465025346736 ], [ -0.133717517397774, 43.581445118925345 ], [ -0.128961138242624, 43.581447239858576 ], [ -0.125566994547029, 43.583490000628075 ], [ -0.117675134691721, 43.585517825076408 ], [ -0.105519769806267, 43.581796154891073 ], [ -0.096782973208806, 43.582405897631666 ], [ -0.091968233315107, 43.570063038900074 ], [ -0.093557415870795, 43.56370571524937 ], [ -0.090087187945143, 43.559968743819823 ], [ -0.094943123671972, 43.548070799920694 ], [ -0.091411098664503, 43.542480837234244 ], [ -0.087008351318715, 43.542552173510941 ], [ -0.06960587707878, 43.546737607745072 ], [ -0.057929324147813, 43.536217466240984 ], [ -0.056175708111263, 43.533034457036763 ], [ -0.049231967157652, 43.529754347808009 ], [ -0.048167776651938, 43.527191135451623 ], [ -0.043700431990904, 43.522985729938803 ], [ -0.043648708003737, 43.520141970501655 ], [ -0.040131786149995, 43.512605402100817 ], [ -0.044093353414225, 43.506587804073042 ], [ -0.044885784493552, 43.503801408658134 ], [ -0.0467459269093, 43.498292904561765 ], [ -0.049195419238135, 43.492011496798142 ], [ -0.036451155866288, 43.488848807739828 ], [ -0.030784215599965, 43.474016544306643 ], [ -0.026389838172168, 43.474850622277536 ], [ -0.020185246880143, 43.472529762174155 ], [ -0.018905940502381, 43.470062462932468 ], [ -0.019442842085894, 43.466869310420478 ], [ -0.032106523881317, 43.466038515206854 ], [ -0.061552523605476, 43.462581506271228 ], [ -0.065754117762758, 43.463489109481081 ], [ -0.061977532630664, 43.4536200162771 ], [ -0.064851365907048, 43.447020245104106 ], [ -0.066819113655033, 43.443831355549882 ], [ -0.069629375448546, 43.434208137432826 ], [ -0.053331089799366, 43.422523456532346 ], [ -0.067273322137864, 43.410416178245121 ], [ -0.042983438292721, 43.41021035293069 ], [ -0.042459276514164, 43.413376173094399 ], [ -0.038142477781005, 43.418863258324436 ], [ -0.03423932650375, 43.430802861829356 ], [ -0.02823087652924, 43.431889365843126 ], [ -0.02481044134137, 43.430040272773759 ], [ -0.022528290215764, 43.432687897243184 ], [ -0.016534095244995, 43.443946932111047 ], [ -0.007072510342117, 43.444011940508396 ], [ -0.002482528185158, 43.445084597281436 ], [ -0.00326269327811, 43.434943457559733 ], [ -0.004794171735982, 43.431623855034907 ], [ -0.001211140550534, 43.429247370378327 ], [ 0.009655310320505, 43.422201547264599 ], [ 0.00781059756588, 43.41919761973535 ], [ -0.003806846158255, 43.398052199355483 ], [ -0.000391080171156, 43.396238341161514 ], [ -0.002970087574844, 43.395266533739616 ], [ -0.004290670915797, 43.393366300518665 ], [ 0.002651206963242, 43.392820547404163 ], [ -0.001202874691582, 43.387420104387928 ], [ 0.001294923460529, 43.384968578313341 ], [ -0.000590432693074, 43.38182837882303 ], [ -0.004652889864817, 43.375710836284092 ], [ 0.000487479881884, 43.370379846428449 ], [ 0.00475680996361, 43.371812513908324 ], [ 0.007409852448905, 43.365881195949854 ], [ 0.005348717991745, 43.363042361383982 ], [ 0.028749705955875, 43.346655078061829 ], [ 0.025541309896428, 43.34022922737956 ], [ 0.024181555912805, 43.338616408496392 ], [ 0.020525359444058, 43.33633716236379 ], [ 0.012767912907601, 43.327534906403244 ], [ 0.008515376329555, 43.326075975809779 ], [ -0.003207888944164, 43.331449441673008 ], [ -0.025371382055715, 43.329616186438514 ], [ -0.026223776152344, 43.327296700237618 ], [ -0.027990865101539, 43.322673974106507 ], [ -0.031664398309107, 43.312578327611384 ], [ -0.034255752261651, 43.309579834930624 ], [ -0.03722416226189, 43.306957785277653 ], [ -0.044585685359856, 43.302798600116418 ], [ -0.044010432031995, 43.289338327529542 ], [ -0.040785944513504, 43.283577671095287 ], [ -0.028313390516146, 43.280714251283747 ], [ -0.023974663919789, 43.280214646274814 ], [ -0.025978248005803, 43.277070812732774 ], [ -0.01853408175173, 43.272787062032407 ], [ -0.018438588997125, 43.269314944876882 ], [ -0.025018880369913, 43.260191838541054 ], [ -0.025297303587544, 43.253288534159744 ], [ -0.044813635564977, 43.233844853074721 ], [ -0.046754019498212, 43.223726022586106 ], [ -0.048037758907164, 43.22053013612819 ], [ -0.053676574106831, 43.218462338131793 ], [ -0.06176484240962, 43.221509834184374 ], [ -0.065680780912091, 43.223163035174984 ], [ -0.073972494455258, 43.222378058103232 ], [ -0.072341641019999, 43.212090329586985 ], [ -0.067874000130581, 43.177119793165147 ], [ -0.072545442080812, 43.176842770219139 ], [ -0.09125138587214, 43.17703730854398 ], [ -0.101821673593793, 43.16704796460489 ], [ -0.11170886632743, 43.178231288329151 ], [ -0.116234449696219, 43.179126813448264 ], [ -0.125305681847393, 43.167414005464465 ], [ -0.126898930549252, 43.164586266873783 ], [ -0.126421334707116, 43.15848794471821 ], [ -0.134808833967202, 43.151718127389913 ], [ -0.139470965706251, 43.148368834483648 ], [ -0.138921538061877, 43.145270256645503 ], [ -0.146313959263281, 43.128185649281058 ], [ -0.150590482081103, 43.127052510990687 ], [ -0.16647861045554, 43.121401819179901 ], [ -0.176483391476839, 43.110926473960191 ], [ -0.193583322040525, 43.114660641149349 ], [ -0.191927568941536, 43.104699889068812 ], [ -0.197504295563842, 43.099799627624009 ], [ -0.187339717065668, 43.088551998686235 ], [ -0.199011671863376, 43.065981336450328 ], [ -0.196559164329755, 43.059366224792093 ], [ -0.181008167044046, 43.052031946431185 ], [ -0.185734198788566, 43.0518201333633 ], [ -0.223951523801138, 43.033687539643921 ], [ -0.227696952563126, 43.035942557088134 ], [ -0.24105847554329, 43.039645458619624 ], [ -0.260140229187633, 43.037673715978471 ], [ -0.256413001364336, 43.024860660393713 ], [ -0.261461165552797, 43.012330958853596 ], [ -0.264715654929039, 43.010008903602575 ], [ -0.268856882673003, 43.00819086674273 ], [ -0.287669203530472, 43.005556047138391 ], [ -0.292254431251405, 42.992147887259677 ], [ -0.289621953009201, 42.961120733069656 ], [ -0.283829047768764, 42.955780370496655 ], [ -0.27927029398609, 42.942346376695788 ], [ -0.279243284930442, 42.939052926610358 ], [ -0.284940618639615, 42.930202133312598 ], [ -0.297784694745664, 42.930978593335304 ], [ -0.313023688749673, 42.918565528634794 ], [ -0.322251366830765, 42.917389332827469 ], [ -0.326875042893161, 42.91686813493812 ], [ -0.324323375018819, 42.903329075373946 ], [ -0.316001950006636, 42.895044886226998 ], [ -0.315883022523138, 42.884823969576381 ], [ -0.307293702331838, 42.868978353667366 ], [ -0.311467539923956, 42.85248712929782 ], [ -0.313442863498095, 42.849375059707555 ], [ -0.315497287386522, 42.846152508678784 ], [ -0.326287421581824, 42.834874185439666 ], [ -0.335323305740982, 42.837194550411823 ], [ -0.349198034877305, 42.83518704278903 ], [ -0.364968968822456, 42.817376817427252 ], [ -0.388865785404016, 42.800540616354681 ], [ -0.41079742657369, 42.806667025196624 ], [ -0.441448779125473, 42.796875750344647 ], [ -0.494919661173374, 42.818627964843671 ], [ -0.501297684188078, 42.827888758920658 ], [ -0.50992233449393, 42.825113471105155 ], [ -0.524148596093472, 42.811289309300889 ], [ -0.526910910404046, 42.794564867567097 ], [ -0.544393113225206, 42.790639670218653 ], [ -0.553722482527797, 42.779124585115142 ], [ -0.563019079501886, 42.780489921768847 ], [ -0.567746901385374, 42.780872616239691 ], [ -0.57027326358227, 42.790770480908662 ], [ -0.565585517931722, 42.796831231246315 ], [ -0.566163588320066, 42.80366177939937 ], [ -0.573617912171891, 42.80740094660414 ], [ -0.591622050031596, 42.803594638247496 ], [ -0.60028111852368, 42.806427502075913 ], [ -0.602346958842861, 42.830085686054318 ], [ -0.621642880294326, 42.839652385293064 ], [ -0.636157332982319, 42.853248924886103 ], [ -0.640546324801769, 42.853586127015269 ], [ -0.656060589175736, 42.85922470243829 ], [ -0.662672657719541, 42.870737803857708 ], [ -0.679441631445303, 42.882929140579385 ], [ -0.697750203929508, 42.879590011411324 ], [ -0.722561014380543, 42.889679114765904 ], [ -0.731417215200287, 42.897933051960763 ], [ -0.734972440525569, 42.911691657801605 ], [ -0.725877399997275, 42.919588095302196 ], [ -0.73296704894, 42.935529106289088 ], [ -0.730891375606392, 42.938689273068327 ], [ -0.737122544199633, 42.947151591602065 ], [ -0.740468971713841, 42.948871744803398 ], [ -0.743279049935275, 42.951582840389975 ], [ -0.752805219116579, 42.966961198279407 ], [ -0.766504130038402, 42.968543618842538 ], [ -0.783837249616493, 42.964558264880949 ], [ -0.788663203854323, 42.964118080913643 ], [ -0.811884941979223, 42.951294834846287 ], [ -0.835876999679901, 42.953411913006356 ], [ -0.864703548400975, 42.950973990519444 ], [ -0.882969129022012, 42.955582528080377 ], [ -0.897500266531653, 42.955839605442534 ], [ -0.89758172385417, 42.959420277489485 ], [ -0.910014129266131, 42.963803716737843 ], [ -0.923917355607373, 42.954571666518476 ], [ -0.943103038599134, 42.953869060069714 ], [ -0.96992085616327, 42.961867678000736 ], [ -0.99728388999774, 42.976233044775306 ], [ -1.00705132099313, 42.988548133933001 ], [ -1.010465969626622, 42.991095240901927 ], [ -1.014743799667406, 42.992817572375642 ], [ -1.072330395014333, 42.998449574528074 ], [ -1.084489905754138, 43.004030871769181 ], [ -1.083574353824424, 43.010882859978281 ], [ -1.097380125431886, 43.013140298937977 ], [ -1.112415633357561, 43.021635033235412 ], [ -1.139250930019788, 43.008474283963601 ], [ -1.144496945067347, 43.014044961164615 ], [ -1.145600494039768, 43.024485409420116 ], [ -1.169244003327667, 43.036098893394858 ], [ -1.173540754681695, 43.03762541776198 ], [ -1.175113129522766, 43.034403169459779 ], [ -1.183727679581915, 43.034176449852232 ], [ -1.209937727721929, 43.048491742746677 ], [ -1.212408670607621, 43.051394218145845 ], [ -1.230798280276567, 43.054815617007712 ], [ -1.24382887584104, 43.044592966592006 ], [ -1.247508457674316, 43.042358135602271 ], [ -1.261610415889096, 43.043592649248922 ], [ -1.27218207199166, 43.055215613901602 ], [ -1.308474332429774, 43.071008174458086 ], [ -1.293567504698188, 43.099752228933177 ], [ -1.273029149039445, 43.115737989972445 ], [ -1.270189232157325, 43.118570917380133 ], [ -1.320144960256187, 43.112767995171772 ], [ -1.327877083797089, 43.10897145025271 ], [ -1.332250464132753, 43.107777675711439 ], [ -1.345196902614757, 43.093068570770058 ], [ -1.341514118964279, 43.079381314558589 ], [ -1.344857025300431, 43.051259823776114 ], [ -1.350975756111665, 43.034141530082529 ], [ -1.356564797345855, 43.028952158996667 ], [ -1.365887812871522, 43.030798841994816 ], [ -1.439726456636968, 43.04595332822597 ], [ -1.453266596349627, 43.06038312831155 ], [ -1.456042770330519, 43.063249901022814 ], [ -1.471281148021978, 43.080940785502101 ], [ -1.47067406240028, 43.091208726294447 ], [ -1.427253143564245, 43.117281250789141 ], [ -1.4270774077099, 43.120765762276029 ], [ -1.414498410832993, 43.130443812930714 ], [ -1.411523912104641, 43.14045706717792 ], [ -1.413698534222617, 43.150241433050333 ], [ -1.407505873046201, 43.155350615867292 ], [ -1.402885622752499, 43.156080037836432 ], [ -1.400027231754299, 43.179934736237762 ], [ -1.384954110517109, 43.188125323611537 ], [ -1.383696873263236, 43.222311060686913 ], [ -1.378321897992418, 43.231673499641786 ], [ -1.378585760172788, 43.235149288720464 ], [ -1.379715719077708, 43.238508851964383 ], [ -1.385577731785784, 43.254991767278256 ], [ -1.413205604459704, 43.273416064289279 ], [ -1.433075824550887, 43.26676366409577 ], [ -1.446080095801017, 43.268805570898429 ], [ -1.468960934029086, 43.273699094189574 ], [ -1.484509614073891, 43.281775989935554 ], [ -1.493953026808553, 43.282365426538789 ], [ -1.50585636567239, 43.293276263835068 ], [ -1.524593315330971, 43.293114505372884 ], [ -1.529291893174209, 43.293413100005267 ], [ -1.561732193910876, 43.288398199051684 ], [ -1.559527880217805, 43.275038552456429 ], [ -1.573470186633692, 43.252598249266249 ], [ -1.607091571150506, 43.25327649035129 ], [ -1.618209560788514, 43.259874678648423 ], [ -1.624382223537395, 43.269504276066606 ], [ -1.62976542499911, 43.286781861149628 ], [ -1.62315161203897, 43.303663662401455 ], [ -1.630919315816981, 43.307277759018106 ], [ -1.635301228626791, 43.308828950707529 ], [ -1.63560865954415, 43.30881575604451 ], [ -1.644551438147522, 43.306782487004419 ], [ -1.655736679832339, 43.312807105640992 ], [ -1.669613976078623, 43.314253647507812 ], [ -1.682255634296333, 43.309903488342165 ], [ -1.699793655973087, 43.309628367121832 ], [ -1.704278184212259, 43.308631083890845 ], [ -1.713446335690225, 43.300931833118753 ], [ -1.731214121463815, 43.298676883114346 ], [ -1.739350228827839, 43.314784895971322 ], [ -1.738245634224605, 43.328360419791863 ], [ -1.75038986669062, 43.33281083407315 ], [ -1.75494303583195, 43.342496988873592 ], [ -1.759025171811601, 43.344227895904844 ], [ -1.762839705804329, 43.343915637957025 ], [ -1.767024647037982, 43.342559492783288 ], [ -1.786006567467315, 43.350462572735616 ], [ -1.785050472181172, 43.35396573542409 ], [ -1.772004861071863, 43.364203956604968 ], [ -1.779209284933756, 43.37107774820079 ], [ -1.761829876899578, 43.376936740535911 ], [ -1.752256765294288, 43.384892416094466 ], [ -1.733808732666319, 43.382051547247237 ], [ -1.729375630889505, 43.383137757957932 ], [ -1.686478269113042, 43.396378730285718 ], [ -1.682891726789131, 43.391946888710827 ], [ -1.680377300332428, 43.389901837957012 ], [ -1.669409223258243, 43.388140969644347 ], [ -1.661977470677519, 43.392345761715823 ], [ -1.662032021624079, 43.402166524295481 ], [ -1.644317460179799, 43.406722580813039 ], [ -1.621164365236784, 43.423007244790966 ], [ -1.609471710055533, 43.427525242915799 ], [ -1.607457058730938, 43.430621003447534 ], [ -1.600528610246663, 43.434745785263033 ], [ -1.59434057392538, 43.447526126111171 ], [ -1.57802417578389, 43.463807871902368 ], [ -1.57011687765972, 43.475767230792528 ], [ -1.569807699955595, 43.482458137033113 ], [ -1.54981987819212, 43.494330081488499 ], [ -1.547317544911441, 43.497120688813908 ], [ -1.52486654842211, 43.529701346690103 ], [ -1.49558407268459, 43.567625158891175 ], [ -1.49330884794588, 43.570540191735752 ], [ -1.484595362937775, 43.58322018561978 ], [ -1.482502089732632, 43.586415841434786 ], [ -1.468952416616319, 43.607269843405668 ], [ -1.466912671264581, 43.610219648989506 ], [ -1.446684899961634, 43.647486027281502 ], [ -1.445676226860753, 43.654637963788566 ], [ -1.445591283519782, 43.658021038180038 ], [ -1.440562363650392, 43.680252777911356 ], [ -1.440528524057712, 43.683498618659414 ], [ -1.42844831101457, 43.737958198855495 ], [ -1.427605616421472, 43.741363226509499 ], [ -1.416041890900736, 43.781894643181353 ], [ -1.414566622142831, 43.78518105933319 ], [ -1.412665923869753, 43.794721587513337 ], [ -1.411790316625825, 43.797884530350714 ], [ -1.400855898995461, 43.832819345117706 ], [ -1.399856411030515, 43.836329715051171 ], [ -1.390421234146907, 43.856448756781909 ], [ -1.383673051912962, 43.884381548699906 ], [ -1.352735723949144, 43.997971333387277 ], [ -1.351446191093788, 44.001357719922673 ], [ -1.327377334648597, 44.086221662500556 ], [ -1.325915361576887, 44.089524455598045 ], [ -1.317320997528, 44.125558928122075 ], [ -1.316381482160128, 44.128841004696703 ], [ -1.287862554719925, 44.267174875676233 ], [ -1.287089490404585, 44.270720715758856 ], [ -1.28069602329691, 44.304341960445001 ], [ -1.280059306299522, 44.307711187702715 ], [ -1.275290699434354, 44.332353570452611 ], [ -1.274753903910447, 44.335890179944116 ], [ -1.254490859465343, 44.464047090589496 ], [ -1.253890102807702, 44.467604212346089 ], [ -1.250951580870219, 44.506347637726066 ], [ -1.259821707964283, 44.544428724569372 ], [ -1.232351643311154, 44.568781705247993 ], [ -1.213458420938339, 44.597461120391017 ], [ -1.205070230972342, 44.614071607716113 ], [ -1.204777951799516, 44.635187773060771 ], [ -1.204345828306318, 44.63870220653618 ], [ -1.193836882775109, 44.658160166859204 ], [ -1.186043041670225, 44.66223307153227 ], [ -1.161739667690523, 44.66309667138799 ], [ -1.143716471353008, 44.658499894808791 ], [ -1.141915757116356, 44.651878167680984 ], [ -1.153621344380158, 44.646543616870886 ], [ -1.153778993783495, 44.643202083464196 ], [ -1.145872137599338, 44.642831902522715 ], [ -1.139060538223003, 44.647053884966965 ], [ -1.124931777969022, 44.647257621115287 ], [ -1.118360119918909, 44.643563187643032 ], [ -1.118773012306748, 44.640230302261223 ], [ -1.112495598285065, 44.644872399508721 ], [ -1.084310705106633, 44.641211994467518 ], [ -1.066299473712339, 44.64620327055767 ], [ -1.056811185850752, 44.644731039900854 ], [ -1.048876235661319, 44.648348412614759 ], [ -1.044034356202508, 44.648624852755049 ], [ -1.040816001889278, 44.651113385932291 ], [ -1.016364705321869, 44.641511933516128 ], [ -1.018580659025211, 44.647795506254361 ], [ -1.00929539686972, 44.648980088288504 ], [ -1.004680754372875, 44.648191881405019 ], [ -1.0062724394335, 44.654768725087692 ], [ -1.018659410741742, 44.664649563684037 ], [ -1.017861795870571, 44.66798684994496 ], [ -1.020114992805905, 44.671059997675776 ], [ -1.025339501057546, 44.67699074815706 ], [ -1.051924881028258, 44.684754928201443 ], [ -1.062480481886738, 44.691994148116144 ], [ -1.056332288123546, 44.694888172245193 ], [ -1.037417837742173, 44.692316917348393 ], [ -1.037785501731379, 44.695503690938892 ], [ -1.078191415414969, 44.722192862511747 ], [ -1.10056373220956, 44.739414352742138 ], [ -1.117713643048234, 44.745088370648638 ], [ -1.122039534484264, 44.751120891379209 ], [ -1.118511435375293, 44.753388821653608 ], [ -1.11632870248384, 44.756408982750301 ], [ -1.119323377132036, 44.753764304060141 ], [ -1.128248892842246, 44.751430447380315 ], [ -1.132186022789987, 44.753357105274503 ], [ -1.161932908153893, 44.774908061354537 ], [ -1.177623554614962, 44.761569113507164 ], [ -1.174083539496845, 44.751388714932339 ], [ -1.177351017455664, 44.744792241147593 ], [ -1.207735762017179, 44.716702298822881 ], [ -1.219313457601866, 44.709896237416963 ], [ -1.229232000495729, 44.697535480545405 ], [ -1.237442059451071, 44.680668201070397 ], [ -1.238352577690742, 44.67715320930499 ], [ -1.24495819510352, 44.645615078081676 ], [ -1.241877423159764, 44.638917527906813 ], [ -1.24494381901163, 44.624816464327395 ], [ -1.251793862405832, 44.620234502077778 ], [ -1.260760179472676, 44.628129365912741 ], [ -1.261328331998171, 44.649492904441487 ], [ -1.233618732444128, 44.805397281720438 ], [ -1.232986392718245, 44.808937743066814 ], [ -1.21486257548122, 44.917282193093776 ], [ -1.214517492293099, 44.920793645538097 ], [ -1.194636448555842, 45.064826812061483 ], [ -1.194341287450692, 45.068354417625095 ], [ -1.187447855686672, 45.124958986106471 ], [ -1.187115166454827, 45.12850604026702 ], [ -1.169940900868009, 45.246493834421237 ], [ -1.169506555079576, 45.250071709912561 ], [ -1.164967301380508, 45.28156565637358 ], [ -1.164539721376335, 45.285071128343191 ], [ -1.158977318648278, 45.355285630080409 ], [ -1.16030218718, 45.390438786169419 ], [ -1.160493898382571, 45.405652441363074 ], [ -1.151498667407425, 45.440314083811067 ], [ -1.154856543296096, 45.464139027253175 ], [ -1.155894549252908, 45.467563125071024 ], [ -1.154377032566339, 45.481190124291253 ], [ -1.137141570092386, 45.509969457744226 ], [ -1.120294809177564, 45.522636022713179 ], [ -1.117078921712648, 45.525278788554822 ], [ -1.100299890121182, 45.54279964880898 ], [ -1.093176671956614, 45.559984179354714 ], [ -1.071277693777877, 45.568354230727863 ], [ -1.066720437164238, 45.569754608510443 ], [ -1.062799660815506, 45.568282504444099 ], [ -1.061945262333141, 45.554175275746594 ], [ -1.04382224904723, 45.542900464083402 ], [ -1.041002437521239, 45.53942243282318 ], [ -1.040933830014207, 45.536016659116207 ], [ -1.044326848205296, 45.534163297101216 ], [ -1.054126312689689, 45.535360668108595 ], [ -1.05759151198327, 45.529591073852025 ], [ -1.069895950836922, 45.52542171521911 ], [ -1.068350899281921, 45.515027423970608 ], [ -1.051666336376878, 45.502575109541681 ], [ -1.047731007113923, 45.50048106359057 ], [ -1.027859972267238, 45.492567552036185 ], [ -1.019999426481118, 45.484752856487979 ], [ -1.016856335419684, 45.482413030677812 ], [ -0.982439304136275, 45.460757537316951 ], [ -0.979011037700549, 45.458508038920861 ], [ -0.932489337149024, 45.439638624091792 ], [ -0.904069249291958, 45.411547939003526 ], [ -0.903698962773439, 45.408098865866307 ], [ -0.868284163287456, 45.39136891099227 ], [ -0.864457335991474, 45.389328351024908 ], [ -0.846175941681321, 45.378445359490591 ], [ -0.843364612101496, 45.375711140602142 ], [ -0.810748348833729, 45.351836612024044 ], [ -0.81025255883877, 45.348517960818604 ], [ -0.803318945962471, 45.343966929167593 ], [ -0.78406185664528, 45.312878830100892 ], [ -0.782551963045135, 45.309648547323675 ], [ -0.768074243990705, 45.287330308618614 ], [ -0.767201141488099, 45.283862068595333 ], [ -0.764974134383204, 45.280763970686905 ], [ -0.746968020711412, 45.226822677433923 ], [ -0.742433073034772, 45.22786719074206 ], [ -0.73797003863911, 45.229035308113446 ], [ -0.695017998664433, 45.23615278536343 ], [ -0.69012042030042, 45.236368805488645 ], [ -0.69955584616094, 45.281271857940695 ], [ -0.698893354847078, 45.28475525268744 ], [ -0.7145810252753, 45.324303831582107 ], [ -0.714861336420492, 45.327738022207022 ], [ -0.716938154705741, 45.33070688869055 ], [ -0.724075634753866, 45.359640354053887 ], [ -0.72923664059012, 45.365481201548988 ], [ -0.741211339672297, 45.399968215113851 ], [ -0.743523250201806, 45.403136246712556 ], [ -0.752888817814355, 45.419031327992293 ], [ -0.753173795009146, 45.422492460314849 ], [ -0.763292705677682, 45.434863939198301 ], [ -0.765169923125265, 45.438190465016625 ], [ -0.771376289057698, 45.446428732015789 ], [ -0.778116733783822, 45.449122579857423 ], [ -0.781005078123258, 45.451477258310796 ], [ -0.787938450514452, 45.458860855529366 ], [ -0.790208813085821, 45.461344387900198 ], [ -0.799701460719652, 45.475384091733922 ], [ -0.80819362389598, 45.47290537417927 ], [ -0.813775543792417, 45.47787235094458 ], [ -0.816627706240465, 45.48058806113962 ], [ -0.823901993108968, 45.484983126900062 ], [ -0.823396177122695, 45.493826273063519 ], [ -0.855980010791371, 45.513554682341962 ], [ -0.876996092748878, 45.519592261707018 ], [ -0.887568237849341, 45.529720744591387 ], [ -0.891777211340403, 45.531206734149862 ], [ -0.89999871589591, 45.530281290690795 ], [ -0.903156727546838, 45.534508089948233 ], [ -0.908586975158831, 45.53456258506916 ], [ -0.910079628328502, 45.53571871835414 ], [ -0.906524152547764, 45.537330092635962 ], [ -0.908429033718217, 45.541239742123516 ], [ -0.919429570015545, 45.551476906570251 ], [ -0.926172695090477, 45.554099382441798 ], [ -0.92950299826885, 45.556182779816417 ], [ -0.938914109182122, 45.556781737393599 ], [ -0.946688536088507, 45.552776175457993 ], [ -0.956022061088852, 45.554629643099233 ], [ -0.967805036398541, 45.560750626912977 ], [ -0.981793687008025, 45.573770848348474 ], [ -0.983941471340279, 45.576859394982712 ], [ -0.990986731760093, 45.579665850201117 ], [ -0.993380223510207, 45.59630602014682 ], [ -1.013376625810156, 45.602319936999088 ], [ -1.009003818988448, 45.608453866920499 ], [ -1.00985286135646, 45.611840800567713 ], [ -1.022531857186693, 45.622081369175483 ], [ -1.040152727665376, 45.618438021543938 ], [ -1.048941864773489, 45.62143093617027 ], [ -1.053222560165694, 45.627597382353045 ], [ -1.057392497117159, 45.626103504068311 ], [ -1.075481494376571, 45.636332591287669 ], [ -1.078308882539118, 45.638944158793151 ], [ -1.082680789456701, 45.637396939792119 ], [ -1.113410850225925, 45.646863142460923 ], [ -1.143768926474994, 45.664089875557067 ], [ -1.147510247831801, 45.666305528621649 ], [ -1.209736722549325, 45.695592349490482 ], [ -1.219658541650087, 45.695428286236726 ], [ -1.227426807658941, 45.691502671418384 ], [ -1.224070352463612, 45.681591927684195 ], [ -1.213618543199372, 45.674093259219681 ], [ -1.219204985213547, 45.672287804594774 ], [ -1.227097748550722, 45.676428317606835 ], [ -1.234387128117441, 45.68947356490132 ], [ -1.235613914028127, 45.69289024915733 ], [ -1.242500767453524, 45.764187787033379 ], [ -1.241023798264159, 45.785552659039503 ], [ -1.232756224956149, 45.789515551570851 ], [ -1.207768048476591, 45.792975701128164 ], [ -1.188226105629349, 45.790096124875383 ], [ -1.157027342163977, 45.801836954823507 ], [ -1.143482978845907, 45.79710528331487 ], [ -1.139180564831462, 45.799039671104005 ], [ -1.132892836305427, 45.803905116004749 ], [ -1.137218068528714, 45.819977661454566 ], [ -1.139535130549301, 45.822841332416566 ], [ -1.149584598243211, 45.830416497400009 ], [ -1.156657245352397, 45.843303585565508 ], [ -1.165160154504183, 45.846723373348453 ], [ -1.167540474066948, 45.85346174687141 ], [ -1.153927229628135, 45.855532476844019 ], [ -1.149879903749892, 45.861254049462119 ], [ -1.120516229152742, 45.857775726470997 ], [ -1.11012400522211, 45.864998508802927 ], [ -1.10604400835766, 45.867058563781868 ], [ -1.099657256938955, 45.875766652534857 ], [ -1.098080859451195, 45.878871628550925 ], [ -1.098398069222912, 45.882268570296716 ], [ -1.084309241476268, 45.896160065391307 ], [ -1.081210856200205, 45.898787757252343 ], [ -1.073834672849296, 45.915699177250964 ], [ -1.074485457599418, 45.926414881765993 ], [ -1.07707189688608, 45.936564882469177 ], [ -1.09873170473791, 45.944375070014182 ], [ -1.092267291484989, 45.949045563260015 ], [ -1.067544026784285, 45.949811197719121 ], [ -1.064622050966619, 45.952603274592562 ], [ -1.078918012325107, 45.961826928016428 ], [ -1.085669601728026, 45.978922960472865 ], [ -1.116244147436346, 46.001557106511449 ], [ -1.113388968913215, 46.002652776188171 ], [ -1.092284239843539, 45.99342678488707 ], [ -1.062098438661269, 45.995469893483019 ], [ -1.055018482419518, 46.000511671400432 ], [ -1.053076999026186, 46.00383626350758 ], [ -1.052828060824672, 46.01081515823315 ], [ -1.06045994837195, 46.023562035309212 ], [ -1.056336016785645, 46.033276654371861 ], [ -1.06071255667511, 46.043272797677524 ], [ -1.0656155412235, 46.049336621424608 ], [ -1.079504640896508, 46.05326471104604 ], [ -1.084520174888919, 46.05313812923908 ], [ -1.089026641628283, 46.05469784101539 ], [ -1.100077873881738, 46.092224242471083 ], [ -1.103186915909667, 46.094979207563419 ], [ -1.114446699354463, 46.101505391212427 ], [ -1.128938254582183, 46.102358347841147 ], [ -1.140675728312335, 46.107935922986861 ], [ -1.126980339465744, 46.11079757622543 ], [ -1.123775968780817, 46.113357774814354 ], [ -1.129537350614611, 46.126340357743004 ], [ -1.148272837643635, 46.129372035822975 ], [ -1.149105846689526, 46.132840299290983 ], [ -1.156640865297418, 46.137280613803775 ], [ -1.171310355833315, 46.139140984288382 ], [ -1.163214693584001, 46.153478353644772 ], [ -1.183144235628083, 46.152790756999941 ], [ -1.201251380758223, 46.147288575113187 ], [ -1.206485327257737, 46.146851240220343 ], [ -1.216388917551559, 46.148088914262814 ], [ -1.226292264937615, 46.150326724117704 ], [ -1.234616090723094, 46.1541105794537 ], [ -1.238465710110161, 46.15657306175045 ], [ -1.239588868860709, 46.163042011985702 ], [ -1.221787481604722, 46.168998783555715 ], [ -1.215857901628908, 46.182186554731338 ], [ -1.203549362431207, 46.187755775860346 ], [ -1.201244809258535, 46.190888989618408 ], [ -1.202341084062925, 46.201795809276781 ], [ -1.206380140077469, 46.203657270227431 ], [ -1.199724161594999, 46.212551354327644 ], [ -1.184513696309015, 46.220714213044403 ], [ -1.175152481069598, 46.222149596382039 ], [ -1.171153984070971, 46.22406381872193 ], [ -1.149222207069091, 46.238103881447884 ], [ -1.146552971049368, 46.241122848771447 ], [ -1.138927379573004, 46.253880476010337 ], [ -1.111344847383563, 46.261156797193308 ], [ -1.12691680484916, 46.307319351520611 ], [ -1.129404177492161, 46.31027691915596 ], [ -1.123946366514855, 46.31468571107807 ], [ -1.121790812132327, 46.323203692060702 ], [ -1.117433791064276, 46.323244099024478 ], [ -1.114100358111316, 46.316998605202144 ], [ -1.095327980554981, 46.313780080483859 ], [ -1.078143527195843, 46.319256942557814 ], [ -1.080064405663071, 46.322325962161507 ], [ -1.07333665571302, 46.326876813339297 ], [ -1.055236869821451, 46.34641254455326 ], [ -1.053688012385192, 46.349578387160285 ], [ -1.050719837788166, 46.343264165487518 ], [ -1.017638730662765, 46.353010227614853 ], [ -0.978338999067195, 46.351197475953981 ], [ -0.966979106474246, 46.362232518773403 ], [ -0.964513358294434, 46.36540181178048 ], [ -0.951491090208312, 46.361102648200642 ], [ -0.927337873376989, 46.370935381229671 ], [ -0.932977061173688, 46.362969265440292 ], [ -0.93422991287727, 46.360113069352153 ], [ -0.935459987362176, 46.356761766936188 ], [ -0.943731886490711, 46.336965280701826 ], [ -0.958783902055185, 46.323369882607707 ], [ -0.933936712312949, 46.312645469573084 ], [ -0.915043359139867, 46.315532607161394 ], [ -0.912085727752623, 46.31274920616039 ], [ -0.895424495522797, 46.316845585124753 ], [ -0.889040419253406, 46.323861612490866 ], [ -0.886848100593129, 46.326704260156859 ], [ -0.870266754505127, 46.322454635364053 ], [ -0.868529555749959, 46.325488789940891 ], [ -0.860811287269367, 46.325471220039837 ], [ -0.863018565905006, 46.319139605290538 ], [ -0.848986407530356, 46.318325547518164 ], [ -0.844900487471782, 46.324612091825074 ], [ -0.846812974857329, 46.334221050143498 ], [ -0.836394234046591, 46.341360985342902 ], [ -0.828388861648476, 46.33913304866315 ], [ -0.825409654425839, 46.336366268454988 ], [ -0.811170181704958, 46.338042586865093 ], [ -0.803745810772258, 46.34245573801909 ], [ -0.797727271404052, 46.338455472062137 ], [ -0.807126003873837, 46.331371346951613 ], [ -0.802811274261395, 46.325285996729896 ], [ -0.792867996649479, 46.324328405015386 ], [ -0.780848144923611, 46.318363435344793 ], [ -0.775832973965982, 46.318466728603489 ], [ -0.753456633680171, 46.306946162867881 ], [ -0.750475542294759, 46.304258794361928 ], [ -0.726248919601243, 46.303206263848082 ], [ -0.718202405145997, 46.305191156407254 ], [ -0.719803448353686, 46.314577291676841 ], [ -0.7163569007018, 46.316889416906328 ], [ -0.70710399106602, 46.318002326753842 ], [ -0.700530433843017, 46.322759495827334 ], [ -0.697337762212651, 46.325188955970603 ], [ -0.676169065273338, 46.318058606199848 ], [ -0.672272532246012, 46.316219165811674 ], [ -0.655579060068922, 46.315800736150649 ], [ -0.652074078318231, 46.31747268193616 ], [ -0.647444838554484, 46.317702172656396 ], [ -0.643541220102524, 46.319449710609604 ], [ -0.636797127125026, 46.324659188668555 ], [ -0.637248935113951, 46.334578498816853 ], [ -0.619408264649271, 46.339707902309549 ], [ -0.608048898082832, 46.346648511720424 ], [ -0.602849206493125, 46.359585985324223 ], [ -0.578438338997331, 46.356019328099507 ], [ -0.559595429214394, 46.360936066809344 ], [ -0.557285140019424, 46.364045856139569 ], [ -0.540585125804546, 46.3838101294184 ], [ -0.537800498012141, 46.38646546545575 ], [ -0.541295769338246, 46.388943907668157 ], [ -0.549629522143015, 46.392704938771743 ], [ -0.569018604883158, 46.394569590464805 ], [ -0.572377740509953, 46.400711026345391 ], [ -0.58198876572034, 46.402230408883405 ], [ -0.601255160577568, 46.412629833048989 ], [ -0.611005158215838, 46.413051774995118 ], [ -0.619034525836466, 46.393615339872404 ], [ -0.620883383437776, 46.390455794535704 ], [ -0.63787151051146, 46.397505078981652 ], [ -0.632655035117309, 46.403305209543092 ], [ -0.64002050640949, 46.415861547299592 ], [ -0.634985870316065, 46.429110625235083 ], [ -0.636841429649337, 46.432305615091778 ], [ -0.620234325570046, 46.439215589859593 ], [ -0.61809004927567, 46.448955647227436 ], [ -0.610977863705175, 46.45144334730918 ], [ -0.608213367636427, 46.454207904754739 ], [ -0.616219401067983, 46.462833403043831 ], [ -0.617996814033469, 46.473107151810034 ], [ -0.628562789233057, 46.479938116637349 ], [ -0.625532505009279, 46.49676435310456 ], [ -0.632838913712317, 46.50141789011694 ], [ -0.634351083228263, 46.504714014046378 ], [ -0.644359568156087, 46.510894427189477 ], [ -0.638678748557277, 46.519278211627416 ], [ -0.642231647878881, 46.524762784300961 ], [ -0.628197563297273, 46.528165635226834 ], [ -0.608657180689087, 46.528126072517381 ], [ -0.602128598958693, 46.533280547788742 ], [ -0.602900673954081, 46.539619980148728 ], [ -0.603098349057032, 46.542804642500528 ], [ -0.608308826771448, 46.562488796244601 ], [ -0.613200338992214, 46.562352434365174 ], [ -0.617952707257834, 46.561499154636778 ], [ -0.622828363409661, 46.574279760753491 ], [ -0.624699403168316, 46.577447471028599 ], [ -0.613426709124465, 46.587611000698729 ], [ -0.618934555625792, 46.592971459620344 ], [ -0.616698826437629, 46.598874047265923 ], [ -0.627151346289902, 46.605601171754678 ], [ -0.617714216297207, 46.618464951133248 ], [ -0.613965448624746, 46.620124664809111 ], [ -0.633062492629649, 46.636331194953904 ], [ -0.643094341554109, 46.637815370690923 ], [ -0.657072689235006, 46.633953705538211 ], [ -0.658671348107079, 46.64040170477665 ], [ -0.650795390530522, 46.644141332613486 ], [ -0.647809205556051, 46.656783732930421 ], [ -0.640572668653245, 46.661124144133034 ], [ -0.636989037762426, 46.663329119139576 ], [ -0.654026253823841, 46.674478174543438 ], [ -0.65773746908504, 46.676694408025426 ], [ -0.678752425943304, 46.686685479108426 ], [ -0.660357759380656, 46.698667656980511 ], [ -0.655832206109463, 46.700335336791504 ], [ -0.673110763482031, 46.720821633994589 ], [ -0.6844007819561, 46.727652727019048 ], [ -0.688669439943171, 46.725848012455586 ], [ -0.698074050710147, 46.735938388418681 ], [ -0.695491264937202, 46.745369020493506 ], [ -0.698238270222174, 46.751617333369801 ], [ -0.707731778698553, 46.749679578889022 ], [ -0.716599499128346, 46.752971379753909 ], [ -0.719752446576473, 46.75572670659794 ], [ -0.726563583328463, 46.768765475568664 ], [ -0.725161505426501, 46.782917879501639 ], [ -0.720612154362994, 46.789284956325289 ], [ -0.718527675075067, 46.798880165597708 ], [ -0.703625256684463, 46.807455899857707 ], [ -0.699099729664685, 46.808854576689995 ], [ -0.701033656402433, 46.811604614252836 ], [ -0.7100400306094, 46.82157195935909 ], [ -0.714990737854696, 46.82157431414057 ], [ -0.729630748088226, 46.821550926934762 ], [ -0.738594392271886, 46.828894561408937 ], [ -0.757950657004667, 46.83131922403706 ], [ -0.761554572310112, 46.833851500826796 ], [ -0.773172531739705, 46.840357593046171 ], [ -0.777826233748472, 46.840970992539518 ], [ -0.78676288371459, 46.851917704723213 ], [ -0.788296175823482, 46.854301033457723 ], [ -0.793735463133478, 46.857853620639318 ], [ -0.795076244872753, 46.861045481685217 ], [ -0.819017836251377, 46.881121165036859 ], [ -0.832460381319003, 46.884739706071962 ], [ -0.818283749139979, 46.902572341486767 ], [ -0.820340692078254, 46.908976294067351 ], [ -0.813814300052084, 46.913979182482358 ], [ -0.80990316161599, 46.919706426860834 ], [ -0.824358432332768, 46.921706166603073 ], [ -0.830605600087375, 46.931143729704871 ], [ -0.852640438206098, 46.93825122906108 ], [ -0.851840510328143, 46.94420036206764 ], [ -0.876134102969685, 46.945242521817292 ], [ -0.881000137199253, 46.946466924598077 ], [ -0.882298760388121, 46.949884713341504 ], [ -0.865304707801243, 46.95283585857922 ], [ -0.868023027462186, 46.959361156393648 ], [ -0.877789697284419, 46.959141092071455 ], [ -0.883243362241858, 46.968521716736142 ], [ -0.898222917554669, 46.968070138069535 ], [ -0.902217134528051, 46.970314799347143 ], [ -0.896250507925098, 46.9746813199027 ], [ -0.891960598400872, 46.975826842135021 ], [ -0.882077040288795, 46.976295329624591 ], [ -0.85891537878396, 46.970465572234069 ], [ -0.854241454046808, 46.971586476702683 ], [ -0.855168893168305, 46.977937519024536 ], [ -0.847720387316235, 46.986154872072298 ], [ -0.834301860657635, 46.987512310993075 ], [ -0.82163840509024, 46.992845347341678 ], [ -0.816647197358707, 46.993055723597806 ], [ -0.809677598233817, 46.988193332622124 ], [ -0.805023768776, 46.989446696461357 ], [ -0.808397519421544, 46.991895264140155 ], [ -0.789958128142423, 47.002453992388283 ], [ -0.786850253629717, 47.005106965329581 ], [ -0.772826730566613, 47.003358175346463 ], [ -0.761383158631503, 46.993050793425937 ], [ -0.751303945490796, 46.992270442576277 ], [ -0.733800401652881, 46.997083862564168 ], [ -0.71446155119007, 46.985990943797752 ], [ -0.702174433662306, 46.992163654457244 ], [ -0.698465999214431, 46.994563014656116 ], [ -0.689724406734032, 46.992715902755101 ], [ -0.684778741159182, 46.987997878075149 ], [ -0.680185010497722, 46.987657868031548 ], [ -0.680367941449873, 46.993240218457174 ], [ -0.673301374741165, 47.001865779924003 ], [ -0.646938300323821, 46.994257168407962 ], [ -0.632918177202653, 46.99693488419684 ], [ -0.625115316019546, 46.993340912290265 ], [ -0.620176975867115, 46.993360846089509 ], [ -0.600670808714899, 46.997540574226228 ], [ -0.595491918204269, 46.997909433169902 ], [ -0.595739760292119, 47.000641578683535 ], [ -0.587251751024899, 47.006133233022211 ], [ -0.58009927499429, 47.014899404700884 ], [ -0.566773819545567, 47.019836423705343 ], [ -0.561547570726527, 47.02950603212588 ], [ -0.547012527021391, 47.028755034795076 ], [ -0.543462522097821, 47.035109664517833 ], [ -0.556071802404705, 47.045617859496666 ], [ -0.556126869406028, 47.059251885285036 ], [ -0.559717425893246, 47.061700763653377 ], [ -0.519491780014611, 47.076037399455316 ], [ -0.515130382733627, 47.077936576267376 ], [ -0.491782003722016, 47.08285330113182 ], [ -0.467753050573202, 47.083405856409478 ], [ -0.463353396614661, 47.081870651632727 ], [ -0.464423305858795, 47.076143096670165 ], [ -0.483853755255821, 47.066537734650829 ], [ -0.480383240359096, 47.053638108421119 ], [ -0.460572159838231, 47.068346151337927 ], [ -0.44545402077976, 47.067680687668464 ], [ -0.426487310872578, 47.072237117468795 ], [ -0.408633950887092, 47.066493304076481 ], [ -0.400779506157934, 47.070771034609642 ], [ -0.391845722013347, 47.091877234858494 ], [ -0.387061656113144, 47.092387036148743 ], [ -0.381939017697106, 47.088554049282202 ], [ -0.363689279655797, 47.092529093413418 ], [ -0.359107509107013, 47.093536470222503 ], [ -0.354650829034683, 47.094648163592083 ], [ -0.342066154389098, 47.090236889885659 ], [ -0.34014090849098, 47.087273812641996 ], [ -0.317232566388145, 47.091267885240818 ], [ -0.312636214013001, 47.092048541566335 ], [ -0.292510103132558, 47.100607442886009 ], [ -0.266009279998704, 47.102954285826335 ], [ -0.262875993267898, 47.105475691044361 ], [ -0.258180511367974, 47.100282794734028 ], [ -0.240430205576253, 47.105079927130525 ], [ -0.209135114298375, 47.095906314001269 ], [ -0.206268791983931, 47.093192608732238 ], [ -0.190185017361927, 47.099647714642721 ], [ -0.186681773070092, 47.105339830587127 ], [ -0.185240423956503, 47.108416062786148 ], [ -0.156149651073435, 47.101591322163493 ], [ -0.146212175793158, 47.102700210813623 ], [ -0.141253445674811, 47.103655012761493 ], [ -0.140891324330366, 47.096763029155653 ], [ -0.166736046215075, 47.080992396152787 ], [ -0.178554022464854, 47.069792231997567 ], [ -0.174753875001704, 47.067517977644691 ], [ -0.170369702187174, 47.066070579082847 ], [ -0.165984180163047, 47.064596025598668 ], [ -0.158811269235876, 47.068883145271442 ], [ -0.149809492202162, 47.069651567571015 ], [ -0.138000819251607, 47.064341530097707 ], [ -0.133283541842135, 47.055549395432365 ], [ -0.128896119124204, 47.054235717058674 ], [ -0.106980191375973, 47.063540307230753 ], [ -0.102121473880672, 47.064806187069543 ], [ -0.100647935633302, 47.084586912042617 ], [ -0.099978359080569, 47.088082766864915 ], [ -0.098055491410198, 47.091350926305388 ], [ -0.088887493235375, 47.098272757354906 ], [ -0.08554115381807, 47.1004344370591 ], [ -0.068733014216673, 47.096530147688775 ], [ -0.067762333853003, 47.093384431890449 ], [ -0.04423937240755, 47.093150538157964 ], [ -0.039916583336312, 47.087615187923355 ], [ -0.035315043452993, 47.08671804568948 ], [ -0.027069620229471, 47.102674331120674 ], [ -0.028062897130343, 47.106026951017185 ], [ -0.037498270317621, 47.108139947899694 ], [ -0.039507727999953, 47.114754326280156 ], [ -0.036548699385114, 47.117516972641411 ], [ -0.034440475019595, 47.120626603972887 ], [ -0.033735625188988, 47.127564518369873 ], [ -0.01172230065465, 47.156240563639912 ], [ 0.015340068321542, 47.173167580571274 ], [ 0.019014858267631, 47.175757850319691 ], [ 0.033623768544553, 47.162889615709133 ] ] ] ] } },
{ "type": "Feature", "properties": { "code_INSEE": 94, "NOM": "CORSE", "population": 302966, "nb_dentist": 262 }, "geometry": { "type": "MultiPolygon", "coordinates": [ [ [ [ 9.425739716264221, 43.009129777058355 ], [ 9.46056678561334, 42.985852111809209 ], [ 9.451916434163454, 42.963065185286482 ], [ 9.455223647393883, 42.956477747960783 ], [ 9.45643239521689, 42.953328069914846 ], [ 9.469239446285265, 42.936467852232667 ], [ 9.466181629702866, 42.933719757745031 ], [ 9.470928248254188, 42.92048516348121 ], [ 9.469754782805051, 42.906137169140159 ], [ 9.474493196555743, 42.900103366897376 ], [ 9.475255764063458, 42.88452883723987 ], [ 9.4775812849144, 42.881843807802056 ], [ 9.476916105690661, 42.878527527355068 ], [ 9.480014626229748, 42.86015923235064 ], [ 9.484100082895944, 42.853812589599769 ], [ 9.481716439894988, 42.83644402470987 ], [ 9.487021839402466, 42.826883579309857 ], [ 9.48711357053166, 42.82353969807118 ], [ 9.491457927919235, 42.797526335480626 ], [ 9.469850737858934, 42.766473372097956 ], [ 9.468417042471547, 42.752837994884615 ], [ 9.462913527518747, 42.743427489468935 ], [ 9.461326810286945, 42.740167396625964 ], [ 9.456449998205988, 42.72074128260936 ], [ 9.456258423345407, 42.717586376748656 ], [ 9.456045349902979, 42.714568099363859 ], [ 9.454509391113985, 42.70812050750326 ], [ 9.454870273638791, 42.701459115132444 ], [ 9.446972386338389, 42.685833569228137 ], [ 9.448059596361725, 42.665543148635805 ], [ 9.449197237510786, 42.662244992349969 ], [ 9.450927434771149, 42.659001225889142 ], [ 9.462638619459447, 42.639998709339089 ], [ 9.48295499124421, 42.616187362074974 ], [ 9.48580335348518, 42.613362127931914 ], [ 9.515923082116373, 42.583390427299769 ], [ 9.526146115614122, 42.568196638109704 ], [ 9.527541004528018, 42.564963009278792 ], [ 9.53409288879827, 42.526341527388503 ], [ 9.534757824419831, 42.522809857597778 ], [ 9.529568672992657, 42.499026195554684 ], [ 9.529584887655838, 42.495579539602552 ], [ 9.530467952137261, 42.486379086340719 ], [ 9.531422810876382, 42.483370972317324 ], [ 9.534920404969172, 42.473694375517347 ], [ 9.536057443705021, 42.4704675869 ], [ 9.541639493988814, 42.457992864059172 ], [ 9.540880744016293, 42.444924804239882 ], [ 9.540876060400821, 42.441623893186694 ], [ 9.542202365481341, 42.431296037079456 ], [ 9.543385579974313, 42.427949139341116 ], [ 9.539184495639862, 42.415228560989895 ], [ 9.538227954996902, 42.412013356893382 ], [ 9.535720196337826, 42.397006170970151 ], [ 9.535249416654699, 42.393995656654511 ], [ 9.532307569147296, 42.382054866353108 ], [ 9.532625384333437, 42.379022980104203 ], [ 9.534738180245247, 42.362244113059702 ], [ 9.53513746357901, 42.358855521335947 ], [ 9.535589907259062, 42.355725211608096 ], [ 9.540421099224432, 42.337291111629227 ], [ 9.54153208591104, 42.331468772738873 ], [ 9.542538109016835, 42.328620031748727 ], [ 9.552585408996318, 42.302558999246024 ], [ 9.553670921895398, 42.29923630920586 ], [ 9.559830357899303, 42.282667688340929 ], [ 9.55549376895183, 42.255457380323136 ], [ 9.555097520532364, 42.25202797513878 ], [ 9.553220097461033, 42.241439733054861 ], [ 9.553137043478332, 42.220099801041428 ], [ 9.55874412990835, 42.195748117744309 ], [ 9.554431989061955, 42.160351685597092 ], [ 9.554385493038367, 42.156792819898868 ], [ 9.554875905020728, 42.145355951814309 ], [ 9.556247065967359, 42.142665143957601 ], [ 9.549283664401928, 42.103864643034477 ], [ 9.499643715337282, 42.05141592408085 ], [ 9.496981083311825, 42.048451251308919 ], [ 9.494771269659591, 42.045422653397999 ], [ 9.457181056012457, 42.00220091921009 ], [ 9.441408505383587, 41.989624349955989 ], [ 9.439854477337882, 41.98768189882739 ], [ 9.415285245436694, 41.958403846578783 ], [ 9.411855776605631, 41.941459322117993 ], [ 9.412961673224963, 41.938093179023021 ], [ 9.414771909622615, 41.935098833267809 ], [ 9.416116207501096, 41.928608534502615 ], [ 9.408977140479855, 41.906617482010937 ], [ 9.4023792241004, 41.897761824462513 ], [ 9.397680673663848, 41.877840224686999 ], [ 9.39953651329092, 41.861405691662576 ], [ 9.402269297607141, 41.858707195705776 ], [ 9.401339855218323, 41.855257779802535 ], [ 9.405614561927868, 41.820516759394195 ], [ 9.395404804583936, 41.797264496129458 ], [ 9.399035924669159, 41.787112871184434 ], [ 9.396644187291406, 41.773722717220842 ], [ 9.406690317391735, 41.767794819752986 ], [ 9.40418677211372, 41.720457495149056 ], [ 9.401377886526381, 41.717735970609141 ], [ 9.40434387244056, 41.715032294026919 ], [ 9.399548335706049, 41.69453621409064 ], [ 9.379807787518915, 41.686410213085772 ], [ 9.373250448584587, 41.677329121543643 ], [ 9.383941466905959, 41.66704818781696 ], [ 9.385148596397272, 41.653423470657522 ], [ 9.382869924231391, 41.650011959763894 ], [ 9.368152205636008, 41.637174113335035 ], [ 9.360269447285891, 41.640372706875354 ], [ 9.351246946084546, 41.639567207172625 ], [ 9.346911622420425, 41.633531552127629 ], [ 9.353355479921206, 41.620970026990683 ], [ 9.350589218445169, 41.618578681736821 ], [ 9.323208382145069, 41.617726557233027 ], [ 9.313373821271956, 41.625129234703678 ], [ 9.313613500358608, 41.628610390014593 ], [ 9.30527105831267, 41.625823262037756 ], [ 9.30531418368632, 41.615532346304825 ], [ 9.286700616271711, 41.605765861624171 ], [ 9.283775319772223, 41.595518020892712 ], [ 9.286961018102673, 41.589021276614972 ], [ 9.294480991106758, 41.584813984398011 ], [ 9.298834983621482, 41.586039171778019 ], [ 9.320077715641101, 41.604050085138908 ], [ 9.333618892768607, 41.602161895238027 ], [ 9.343239606658802, 41.594725035235626 ], [ 9.35666246627113, 41.596003113322062 ], [ 9.361264027543118, 41.596048670080535 ], [ 9.367819161409797, 41.593281738475099 ], [ 9.351345413531989, 41.577000510015957 ], [ 9.347986231390697, 41.563807600699057 ], [ 9.336622624397082, 41.559062350875628 ], [ 9.332119612709521, 41.559685588547069 ], [ 9.298422493350671, 41.541706892090581 ], [ 9.28707682509588, 41.531064677762224 ], [ 9.2742899318271, 41.528047295814048 ], [ 9.283002320861593, 41.516617272971175 ], [ 9.271515936236314, 41.501857219613484 ], [ 9.27670272089421, 41.496304443740996 ], [ 9.284676348872367, 41.49975385206784 ], [ 9.286509703632991, 41.496707469327269 ], [ 9.287259445158037, 41.483790945204653 ], [ 9.282937330005982, 41.477483916645198 ], [ 9.272049438744348, 41.471137763207615 ], [ 9.271554517360107, 41.46476342864824 ], [ 9.262850726231552, 41.462510039439593 ], [ 9.243115223660279, 41.447701422165686 ], [ 9.225861902681862, 41.442532156088021 ], [ 9.224599820633804, 41.432790421687592 ], [ 9.227670926639069, 41.426366554205885 ], [ 9.224477724544698, 41.416235563350696 ], [ 9.216085049511921, 41.414122572876906 ], [ 9.216773603369571, 41.410875604827361 ], [ 9.218589254474276, 41.407426595549047 ], [ 9.222894826711286, 41.406279118104528 ], [ 9.258989297744526, 41.427416953702142 ], [ 9.263384843372231, 41.426433566912372 ], [ 9.263234044507547, 41.422966119110903 ], [ 9.258217176873684, 41.413296199236299 ], [ 9.250739774829455, 41.409320985709847 ], [ 9.244524209050997, 41.400163655883908 ], [ 9.240733945958819, 41.398129271116311 ], [ 9.223104349123334, 41.377943894032079 ], [ 9.219627210898587, 41.368037616992055 ], [ 9.182812001583542, 41.36599677438381 ], [ 9.169780140563645, 41.383335393983657 ], [ 9.152260551612239, 41.386186002732586 ], [ 9.155660019457679, 41.388642539401602 ], [ 9.139983413152308, 41.390139882297461 ], [ 9.125563052356069, 41.397441448273433 ], [ 9.099377806882861, 41.392829652905576 ], [ 9.091645824562791, 41.400096444218605 ], [ 9.092722083298447, 41.40347355497304 ], [ 9.097376485000149, 41.413269792802119 ], [ 9.106897312564005, 41.420350961409909 ], [ 9.106884174086769, 41.427195517821865 ], [ 9.118700991579388, 41.43770808860932 ], [ 9.113009876307013, 41.441588516019245 ], [ 9.099502868159613, 41.443375616850929 ], [ 9.09553362824251, 41.449469062011353 ], [ 9.080824211599779, 41.442003405255036 ], [ 9.072386185651254, 41.444212924451655 ], [ 9.0673276491636, 41.449746947212418 ], [ 9.068436518055075, 41.463037170953513 ], [ 9.07788154499095, 41.474475645151088 ], [ 9.079938955232826, 41.477490152348103 ], [ 9.071007222177801, 41.475981804462592 ], [ 9.055778547077475, 41.46299516618226 ], [ 9.047583231402825, 41.45999265671351 ], [ 9.043021762580974, 41.459985729279659 ], [ 9.035069719488327, 41.467828082449714 ], [ 9.022137113970121, 41.466266974185828 ], [ 9.015583552291783, 41.474945815944118 ], [ 9.002337351676571, 41.476443775530747 ], [ 8.998816085123359, 41.478680464395431 ], [ 8.997088260931312, 41.483614878317539 ], [ 8.994792074306025, 41.485538183791306 ], [ 8.983070552968162, 41.475357461802894 ], [ 8.974871147475072, 41.483335024021912 ], [ 8.966355668116162, 41.485458949854305 ], [ 8.962139991100058, 41.491047505772592 ], [ 8.945061993821179, 41.489847455315598 ], [ 8.940487655060135, 41.490088793265365 ], [ 8.936675256917553, 41.492078632736337 ], [ 8.924252793445977, 41.491322765241705 ], [ 8.913460296341587, 41.506176789528098 ], [ 8.886086842486211, 41.507951180877114 ], [ 8.88511879770182, 41.51798206784774 ], [ 8.878203079966534, 41.522538856847952 ], [ 8.856037152078985, 41.518772679035685 ], [ 8.846536261127156, 41.51815929008842 ], [ 8.842171463053848, 41.52321958524734 ], [ 8.852369973143249, 41.535130547054585 ], [ 8.851584081884608, 41.542215608714663 ], [ 8.840385767350943, 41.545693913695281 ], [ 8.821498525063497, 41.546320413713282 ], [ 8.812014236662289, 41.553851273567048 ], [ 8.808371769694263, 41.555943788823839 ], [ 8.794640647965464, 41.556495841443777 ], [ 8.787374127810468, 41.560273273924665 ], [ 8.789403645992152, 41.566193926243812 ], [ 8.799290815707566, 41.573130407902624 ], [ 8.790250864413618, 41.585028623127997 ], [ 8.78187317400606, 41.587660330215677 ], [ 8.779148910574669, 41.590466528425083 ], [ 8.789266852596853, 41.605495498315285 ], [ 8.792685926484818, 41.62914191135043 ], [ 8.800028169445653, 41.632905998019375 ], [ 8.804488744685989, 41.638485771338011 ], [ 8.817863989006719, 41.631073367445751 ], [ 8.852230532108784, 41.647112016930151 ], [ 8.865756823664503, 41.648032845530921 ], [ 8.869502509562633, 41.646094635703157 ], [ 8.876099573302518, 41.650742028568459 ], [ 8.883195651411059, 41.670526915457842 ], [ 8.912006738629035, 41.679609770603108 ], [ 8.91578278048047, 41.681567868185098 ], [ 8.912302335015426, 41.690968093421532 ], [ 8.889315169725792, 41.689628271184212 ], [ 8.878116018822983, 41.695172246563175 ], [ 8.842189634031904, 41.697615536296233 ], [ 8.828976026966311, 41.707156397985365 ], [ 8.825422528560091, 41.709388578545493 ], [ 8.812778874952713, 41.713537244930222 ], [ 8.786074555310327, 41.703374362838105 ], [ 8.773257733904027, 41.716704217212616 ], [ 8.783939482863349, 41.731886339950783 ], [ 8.784015121218918, 41.735358398215709 ], [ 8.777758490772113, 41.740349065155186 ], [ 8.768760742626025, 41.740680558483902 ], [ 8.714522336282755, 41.72255845519922 ], [ 8.709892532340826, 41.722287520781244 ], [ 8.705528606713846, 41.723523807470499 ], [ 8.706297579211517, 41.733720835844998 ], [ 8.702503970216423, 41.739626702580388 ], [ 8.670290541045592, 41.742717912801922 ], [ 8.661252331566823, 41.740998266559856 ], [ 8.659240052064284, 41.744213144885912 ], [ 8.663070487554664, 41.750301538376597 ], [ 8.67198649772654, 41.752360897716009 ], [ 8.6844215422724, 41.747871971835913 ], [ 8.70849929380093, 41.75786155695743 ], [ 8.712106423707136, 41.760088354176673 ], [ 8.730463934905087, 41.779695709742455 ], [ 8.723743521374121, 41.788679737882568 ], [ 8.713016901632116, 41.795214947545198 ], [ 8.71263786718006, 41.801242408284928 ], [ 8.734522246460703, 41.798054029072382 ], [ 8.753967072900998, 41.811700884584582 ], [ 8.757334943826571, 41.809328357360947 ], [ 8.771293565923191, 41.811239551074237 ], [ 8.779907175172225, 41.833040848419067 ], [ 8.7562133143562, 41.84544278242889 ], [ 8.787238620076666, 41.849940852449514 ], [ 8.789592401559283, 41.853054155306886 ], [ 8.79067410257513, 41.856093192109313 ], [ 8.788533988925828, 41.868280325655782 ], [ 8.782124110738295, 41.872955447975592 ], [ 8.78045910110364, 41.882270168143712 ], [ 8.800192406965341, 41.889635891660447 ], [ 8.802448323164386, 41.896015322398689 ], [ 8.799274184834234, 41.902224985948891 ], [ 8.797666407354638, 41.905366953897413 ], [ 8.778897761738008, 41.925204561795496 ], [ 8.769819473240366, 41.926601993178437 ], [ 8.761163716723612, 41.924309460495216 ], [ 8.752350281556142, 41.93249164064958 ], [ 8.747681321585409, 41.932980161352994 ], [ 8.740890295356289, 41.92865679371279 ], [ 8.73945339935182, 41.918250304729 ], [ 8.719682943492085, 41.909145534258393 ], [ 8.67340635707135, 41.905275883274271 ], [ 8.641074566153648, 41.909468002177107 ], [ 8.636808168843961, 41.907975750957895 ], [ 8.609260580672982, 41.89559218587253 ], [ 8.612876294236724, 41.901911315108713 ], [ 8.611022371352469, 41.912060817244665 ], [ 8.620700827140627, 41.927685255335753 ], [ 8.621954156419481, 41.937777894468319 ], [ 8.618495501621645, 41.940087562379468 ], [ 8.609460591465027, 41.939838434393579 ], [ 8.59391089749583, 41.963566999868341 ], [ 8.618387062967766, 41.971049547268088 ], [ 8.622871414028406, 41.970486689223939 ], [ 8.644461702041347, 41.967948105004957 ], [ 8.662883004076516, 41.976762017943024 ], [ 8.668422861327269, 41.982139573280087 ], [ 8.669048257315035, 41.984745201907906 ], [ 8.669041511010459, 41.990186093760855 ], [ 8.667411353774485, 41.993065877454036 ], [ 8.65905529123064, 41.992558926187662 ], [ 8.654614102472259, 42.001245699727662 ], [ 8.656559105024513, 42.004015021698656 ], [ 8.658264034192033, 42.010562368999423 ], [ 8.688570808297484, 42.026690293502845 ], [ 8.706991611531839, 42.027769398865509 ], [ 8.71999285402547, 42.032246578815069 ], [ 8.725381150111854, 42.041539945441457 ], [ 8.74297085114277, 42.04308150268713 ], [ 8.746188542928865, 42.049537136876147 ], [ 8.743852505588258, 42.056303516385398 ], [ 8.743930723965164, 42.059452363141993 ], [ 8.740537484445994, 42.061717617753544 ], [ 8.733687666786746, 42.065359334025864 ], [ 8.72052586870935, 42.064162053996021 ], [ 8.717194837404069, 42.077386809414548 ], [ 8.713270313737159, 42.083409485154483 ], [ 8.705993123149357, 42.086802080543436 ], [ 8.709259919341136, 42.096517648887392 ], [ 8.700924425812991, 42.107840749393233 ], [ 8.70120097911172, 42.111186216005464 ], [ 8.689081485307408, 42.113847200415329 ], [ 8.679866823234157, 42.106774538166405 ], [ 8.662681943241614, 42.10383049144788 ], [ 8.650968207360187, 42.116987447736086 ], [ 8.644379997095269, 42.121203583809965 ], [ 8.635583642647822, 42.120077606994876 ], [ 8.633143324828788, 42.123018139487471 ], [ 8.623970905969012, 42.123775961990631 ], [ 8.611143831962906, 42.133392848268748 ], [ 8.584059394558309, 42.130608472978679 ], [ 8.592300476176163, 42.14266825049436 ], [ 8.585238385681134, 42.150878203199269 ], [ 8.5763250791142, 42.152626948685231 ], [ 8.564080349574249, 42.147721638002849 ], [ 8.560186200903649, 42.14584520139897 ], [ 8.562845940140278, 42.152065403323704 ], [ 8.579597970306279, 42.157634496556426 ], [ 8.591733352689882, 42.167705986143588 ], [ 8.5841667828141, 42.171032810223068 ], [ 8.566028258794818, 42.170293453981344 ], [ 8.564966351587911, 42.176330891780694 ], [ 8.582969216766671, 42.17893347589235 ], [ 8.586423503351993, 42.181246887886829 ], [ 8.584858240352146, 42.182743756655505 ], [ 8.582376881716444, 42.183270860557251 ], [ 8.578621077052835, 42.192936844359494 ], [ 8.5803999010701, 42.202969226132893 ], [ 8.57020756728666, 42.208811424046665 ], [ 8.573701460511636, 42.215096278576269 ], [ 8.570491831520323, 42.22136403268231 ], [ 8.572773403557207, 42.227766761069432 ], [ 8.570030131993668, 42.230532511184741 ], [ 8.560865220958883, 42.231166528446295 ], [ 8.55252523671939, 42.228098917544756 ], [ 8.545465702439563, 42.232531263986218 ], [ 8.545060498926874, 42.238624502760118 ], [ 8.563362980701044, 42.237810415430317 ], [ 8.606865732533612, 42.250241656739419 ], [ 8.608807105422645, 42.253418565920462 ], [ 8.635878453854119, 42.252939171473386 ], [ 8.643456846668368, 42.256951254901146 ], [ 8.684300219433315, 42.262880443704795 ], [ 8.688916857419734, 42.263453002076872 ], [ 8.691250516344006, 42.266121115511204 ], [ 8.690552617165126, 42.27491675321383 ], [ 8.691002805179712, 42.277550733076033 ], [ 8.687189166018719, 42.282008123087984 ], [ 8.682675935350334, 42.282015551062528 ], [ 8.675395115505919, 42.284765816267992 ], [ 8.672396659100402, 42.294270007911578 ], [ 8.660498673684158, 42.298995762828774 ], [ 8.660471055303654, 42.302349159640784 ], [ 8.63953145918906, 42.301075523846038 ], [ 8.636826701189081, 42.303615895165166 ], [ 8.627669738814037, 42.310760205754377 ], [ 8.60943983779549, 42.308012394810724 ], [ 8.602213238209348, 42.311520373494389 ], [ 8.600082223332691, 42.318300301197276 ], [ 8.623362444038483, 42.329730058952194 ], [ 8.626291814137845, 42.336450032591785 ], [ 8.61567813698985, 42.347463805158363 ], [ 8.602747259309286, 42.351453205211179 ], [ 8.598413499581062, 42.352879987836069 ], [ 8.589438366511917, 42.351505241217495 ], [ 8.565775840873465, 42.335051056146625 ], [ 8.556929258425793, 42.335117658467247 ], [ 8.552554368518161, 42.364890634946846 ], [ 8.548585678689671, 42.36672871678757 ], [ 8.544337028015327, 42.367923494282898 ], [ 8.546087517624388, 42.374463758543847 ], [ 8.550005630495615, 42.375926214997072 ], [ 8.556867024214624, 42.371531165655263 ], [ 8.570213483560936, 42.37131928335193 ], [ 8.577249776759578, 42.37552774675904 ], [ 8.573411068108665, 42.381405712050324 ], [ 8.595272702483136, 42.382897692164576 ], [ 8.6071864840646, 42.387992026086209 ], [ 8.603886397663913, 42.39781672596073 ], [ 8.607768495802087, 42.404064027888737 ], [ 8.607323805292545, 42.414125879789658 ], [ 8.623290698249583, 42.420438076924775 ], [ 8.632545084015252, 42.419795343187495 ], [ 8.636799997007078, 42.41838949103888 ], [ 8.648883276314935, 42.413927693549844 ], [ 8.656551561190032, 42.417638521187371 ], [ 8.661808169614345, 42.430588100355351 ], [ 8.651209953806324, 42.441370808002233 ], [ 8.667063294392669, 42.447133567164286 ], [ 8.667133607589545, 42.457259338476895 ], [ 8.675358934765828, 42.465626027234904 ], [ 8.679451771403471, 42.467282321865611 ], [ 8.672783305600984, 42.47569478239545 ], [ 8.650443015819533, 42.477071822827391 ], [ 8.66490490250866, 42.495743019541386 ], [ 8.666981687457248, 42.513360137127698 ], [ 8.674092096880024, 42.51732581781004 ], [ 8.688409918192045, 42.517977428146636 ], [ 8.699095729583716, 42.524968265643452 ], [ 8.717822834357374, 42.525452258278342 ], [ 8.717443529306758, 42.528915621013212 ], [ 8.71337061763399, 42.535353108867596 ], [ 8.720072182402937, 42.555832422491996 ], [ 8.711850550011063, 42.572578444962495 ], [ 8.712641234836438, 42.575916156866974 ], [ 8.715770235040091, 42.57859679542802 ], [ 8.723723514718797, 42.580099199904602 ], [ 8.727004415995163, 42.566204372967896 ], [ 8.734128704330809, 42.563757401363098 ], [ 8.73769424701576, 42.566161526661134 ], [ 8.759771938674206, 42.569063568261065 ], [ 8.757775463724785, 42.562311881872581 ], [ 8.768273374883742, 42.556146895663112 ], [ 8.782194769266086, 42.55686205305954 ], [ 8.794044761679171, 42.562122917773387 ], [ 8.796518956874223, 42.565053234545211 ], [ 8.803186145072683, 42.569918818511795 ], [ 8.801672738448351, 42.583378334851851 ], [ 8.809426267609814, 42.592015803051282 ], [ 8.805764823955059, 42.601914717649734 ], [ 8.823566957429549, 42.605442824104308 ], [ 8.831854452220707, 42.602168546183755 ], [ 8.843012433397131, 42.608174956524749 ], [ 8.847486307598773, 42.609219003780048 ], [ 8.850831754989905, 42.611298371954824 ], [ 8.863093670882147, 42.608957530968702 ], [ 8.867394996672479, 42.608405561038204 ], [ 8.875234091766981, 42.615096200943057 ], [ 8.882570628457849, 42.62730447132563 ], [ 8.910272932160463, 42.629479430377103 ], [ 8.919373364686919, 42.637567126361539 ], [ 8.924094187117188, 42.637999457590325 ], [ 8.935425036246434, 42.640741989078464 ], [ 8.944229458648229, 42.634283490878822 ], [ 8.948379084029535, 42.633547421963492 ], [ 8.975579697157896, 42.638853366574828 ], [ 8.980306567410009, 42.639337005487491 ], [ 8.988367909154013, 42.641130154822022 ], [ 9.000253826074013, 42.64175206909615 ], [ 9.00310953496289, 42.64398090226446 ], [ 9.009863741961052, 42.640436034370623 ], [ 9.017582182694996, 42.642561932106801 ], [ 9.0299080161082, 42.652722657973506 ], [ 9.047827027724802, 42.656001218699622 ], [ 9.058850284509576, 42.662139137237858 ], [ 9.055400787335167, 42.67888149150523 ], [ 9.058128811445288, 42.692397196678002 ], [ 9.062211964109562, 42.693923988788953 ], [ 9.066723271831286, 42.692757128177327 ], [ 9.074556596245307, 42.696009231170862 ], [ 9.082794712487013, 42.704639421956898 ], [ 9.086233030308001, 42.71458873220265 ], [ 9.100417027967245, 42.715619669187532 ], [ 9.107896903831509, 42.724535230509026 ], [ 9.124630355695745, 42.730575915819394 ], [ 9.134116246253605, 42.729815536141324 ], [ 9.161563445331486, 42.735893775739136 ], [ 9.197115756570817, 42.725441899993065 ], [ 9.210040635949039, 42.729742401612199 ], [ 9.212788614967616, 42.732559037828985 ], [ 9.221760164258059, 42.734192810820545 ], [ 9.232009078121685, 42.722980017380586 ], [ 9.234004331673608, 42.719914342429789 ], [ 9.238745218538641, 42.719980413669894 ], [ 9.248080406167192, 42.719885994352147 ], [ 9.255887670142638, 42.715938712313417 ], [ 9.256554335898969, 42.705545407178811 ], [ 9.270595320297643, 42.696947474263098 ], [ 9.286949762759074, 42.675863772446732 ], [ 9.295986740610141, 42.67612505620032 ], [ 9.321143060830234, 42.696024763258883 ], [ 9.32486162381786, 42.717723226894648 ], [ 9.329004873919898, 42.71881288429072 ], [ 9.332542626610865, 42.721192080355372 ], [ 9.342755581938142, 42.73282695790288 ], [ 9.343822423560958, 42.739682300901691 ], [ 9.345460649134374, 42.742579860592691 ], [ 9.339857492930813, 42.760646638850041 ], [ 9.338441190242856, 42.76393290987415 ], [ 9.342645659104011, 42.790763902765562 ], [ 9.337935426549032, 42.80393388363985 ], [ 9.330329005122268, 42.811357288206949 ], [ 9.32629970989993, 42.812272117201573 ], [ 9.312045223698327, 42.833960971716849 ], [ 9.335888546320872, 42.864505887639254 ], [ 9.340295980977876, 42.865670474575623 ], [ 9.328267384652229, 42.876025663216659 ], [ 9.328078279151216, 42.886537825032825 ], [ 9.321679989123314, 42.895810694241753 ], [ 9.326389143428763, 42.901180317880375 ], [ 9.351448159964685, 42.915288009645884 ], [ 9.359475556681677, 42.922886833627743 ], [ 9.350608877499063, 42.930693198267676 ], [ 9.357863325650099, 42.943534936378136 ], [ 9.347101801815571, 42.954701250106559 ], [ 9.349903458837643, 42.960869079395792 ], [ 9.347027305251224, 42.963430188523894 ], [ 9.349874850330684, 42.969676576852535 ], [ 9.343577904890726, 42.97835864114964 ], [ 9.343577114283862, 42.99773893346913 ], [ 9.3576005509311, 43.006220705111311 ], [ 9.371358497173544, 43.005224630640157 ], [ 9.383895540440502, 43.009207879697485 ], [ 9.400950544738551, 43.00766904856544 ], [ 9.404635081646459, 43.005635645409896 ], [ 9.409433891689922, 43.005782357619971 ], [ 9.41682696807378, 43.009807233020588 ], [ 9.425739716264221, 43.009129777058355 ] ] ] ] } },
{ "type": "Feature", "properties": { "code_INSEE": 82, "NOM": "RHONE-ALPES-AUVERGNE", "population": 7459092, "nb_dentist": 4983 }, "geometry": { "type": "MultiPolygon", "coordinates": [ [ [ [ 5.203564517209778, 46.504802919076148 ], [ 5.200343312167195, 46.502567922311812 ], [ 5.209481370989551, 46.492104509233755 ], [ 5.20668508934078, 46.486177195131567 ], [ 5.21303066362976, 46.481541459115832 ], [ 5.215280486932143, 46.471760135675638 ], [ 5.215064143095112, 46.468359273121585 ], [ 5.224698303878078, 46.468352242722133 ], [ 5.233383590805667, 46.460453793551302 ], [ 5.236259286250129, 46.457785164464042 ], [ 5.243864078301063, 46.460455594688355 ], [ 5.248003875498354, 46.459374290551168 ], [ 5.256270990442785, 46.451878589053457 ], [ 5.26965272851585, 46.450226173943882 ], [ 5.273676830639489, 46.448587696485681 ], [ 5.310560994900808, 46.446775421441146 ], [ 5.321727454098848, 46.428955386111909 ], [ 5.308145226268792, 46.420474578955179 ], [ 5.31233335853436, 46.416020702809931 ], [ 5.307816692621566, 46.414859941224549 ], [ 5.29880564442362, 46.415528245326833 ], [ 5.309145907832892, 46.410256752019222 ], [ 5.334091934648562, 46.39972274028495 ], [ 5.348115791726063, 46.399416984918005 ], [ 5.363519902692708, 46.39038754441841 ], [ 5.367104813673746, 46.38869165068084 ], [ 5.370296140868079, 46.386030877109192 ], [ 5.377880614188972, 46.382323582919774 ], [ 5.375163665767757, 46.379713604547526 ], [ 5.365074762133987, 46.37307663230267 ], [ 5.363471832828057, 46.370019876062329 ], [ 5.376474426606004, 46.361668795581465 ], [ 5.375761147935085, 46.358431496431109 ], [ 5.374637455971627, 46.355328865133615 ], [ 5.373462288620207, 46.352236304685157 ], [ 5.40272945128399, 46.336118936524102 ], [ 5.401686156111351, 46.332798632524394 ], [ 5.404351931627966, 46.319184026884074 ], [ 5.404041358720361, 46.315668098016189 ], [ 5.404053757375841, 46.314766945437313 ], [ 5.406583443021284, 46.309911779053301 ], [ 5.410239969537863, 46.309104745546882 ], [ 5.423534445168904, 46.347732380663778 ], [ 5.435942269583308, 46.318467924182507 ], [ 5.4371456488875, 46.315126867250221 ], [ 5.454475779165034, 46.31799806973472 ], [ 5.460892275622824, 46.322472310869422 ], [ 5.465179645856975, 46.32354180352727 ], [ 5.471468790390217, 46.316531581450377 ], [ 5.475304568878763, 46.315385221831463 ], [ 5.473218227687156, 46.30892592458067 ], [ 5.466530860229085, 46.293241862998194 ], [ 5.459000955459303, 46.290530800907177 ], [ 5.457671629657802, 46.276847606023772 ], [ 5.471307612210207, 46.267209876286053 ], [ 5.475361641679783, 46.265220838268874 ], [ 5.49959451001463, 46.268204841695862 ], [ 5.502609157285266, 46.270210737609638 ], [ 5.507498128422553, 46.265481359244568 ], [ 5.511369745905276, 46.264359922528186 ], [ 5.539301294490224, 46.268902566006226 ], [ 5.559458449918029, 46.283514973710524 ], [ 5.561576920824335, 46.286575608251972 ], [ 5.56467415081319, 46.292767494850665 ], [ 5.582606255043766, 46.293236129321848 ], [ 5.587250887529478, 46.292509031724286 ], [ 5.597891442228574, 46.297897785929301 ], [ 5.602149869314277, 46.306810199924882 ], [ 5.604641103134091, 46.309438131001095 ], [ 5.605673342436595, 46.313640044771716 ], [ 5.612518353306879, 46.326556281158773 ], [ 5.635056913009942, 46.333308119098341 ], [ 5.637458308552853, 46.336442011476429 ], [ 5.646091529087766, 46.342809998661878 ], [ 5.649206736303058, 46.337295724458237 ], [ 5.649797748005974, 46.33419162754037 ], [ 5.645284642357693, 46.324791169391062 ], [ 5.668481300065808, 46.32389885055769 ], [ 5.680230072781445, 46.318433355443716 ], [ 5.683316430330301, 46.315873958403685 ], [ 5.684582306162585, 46.310933714225541 ], [ 5.714553032546872, 46.30806998806306 ], [ 5.718977516099212, 46.294287136139417 ], [ 5.715960260221056, 46.280375481345061 ], [ 5.7215375010405, 46.263177102532786 ], [ 5.72518121121298, 46.260693207098299 ], [ 5.729659507104821, 46.261928390097246 ], [ 5.733674599966778, 46.263769201272915 ], [ 5.761568320133637, 46.26715037759736 ], [ 5.766045235799799, 46.268330132768796 ], [ 5.813575349556924, 46.263596883117501 ], [ 5.818279719118314, 46.262867761358983 ], [ 5.826261858162805, 46.261714682062703 ], [ 5.850658631641486, 46.26170084638472 ], [ 5.860849528880794, 46.268770796745102 ], [ 5.867693994226091, 46.268220091241112 ], [ 5.869187442840113, 46.264983641670618 ], [ 5.891984911506219, 46.283599623087767 ], [ 5.894626750237924, 46.28661417921878 ], [ 5.909198006924772, 46.283944986642069 ], [ 5.921870305433147, 46.311941760805951 ], [ 5.925908027590718, 46.313766445808881 ], [ 5.937319037341759, 46.309769239105286 ], [ 5.941530920092244, 46.309264052837818 ], [ 5.944004036818003, 46.312209826448225 ], [ 5.975139486588666, 46.350292748771572 ], [ 5.984116883194302, 46.362655609341502 ], [ 6.013384134609587, 46.375997345491037 ], [ 6.031020118005237, 46.388100685644375 ], [ 6.052807407730641, 46.4114087462249 ], [ 6.056983604931247, 46.416190111213503 ], [ 6.060575448711203, 46.417508619434649 ], [ 6.064008481818334, 46.416226988931555 ], [ 6.097525559908013, 46.408284070261644 ], [ 6.106503143522036, 46.399839424680231 ], [ 6.120401058050397, 46.395954569090151 ], [ 6.147123634681298, 46.379828245170799 ], [ 6.160983978400094, 46.376552062253886 ], [ 6.16667576017738, 46.370743662365058 ], [ 6.166735914680495, 46.364145263662785 ], [ 6.15508403296901, 46.348796675817795 ], [ 6.138661170824804, 46.33657050644392 ], [ 6.137695387166812, 46.333118540410908 ], [ 6.126190974714545, 46.320088329430568 ], [ 6.124377686284998, 46.317263321109323 ], [ 6.119787528877445, 46.31112595888203 ], [ 6.119098605887517, 46.30771134411598 ], [ 6.119469063883392, 46.295282964825581 ], [ 6.105302966748485, 46.287352384611488 ], [ 6.102366083823731, 46.284846094995039 ], [ 6.112991843651713, 46.268046442192066 ], [ 6.116039387207477, 46.265656015831638 ], [ 6.120107643597917, 46.263625024886245 ], [ 6.122535343792486, 46.253339012729768 ], [ 6.115883485819256, 46.244428468936995 ], [ 6.10346386643742, 46.238658016323456 ], [ 6.088144013040353, 46.247041333303663 ], [ 6.083379558524986, 46.246395569846527 ], [ 6.070480317543978, 46.241743028987102 ], [ 6.06195404768456, 46.244883606064342 ], [ 6.046946435714546, 46.231940529759676 ], [ 6.042400938564993, 46.233098542858329 ], [ 6.038615358794575, 46.235317446249546 ], [ 6.029934406547034, 46.235909498901712 ], [ 6.016683918445715, 46.231819107055429 ], [ 6.012598340627589, 46.230016995184648 ], [ 6.002932330713016, 46.222576963667706 ], [ 5.993818297330856, 46.220438307464732 ], [ 5.99271795930266, 46.217169140879783 ], [ 5.974412360787506, 46.214747885241607 ], [ 5.964200525089638, 46.198028512657594 ], [ 5.963676109845379, 46.196969857319232 ], [ 5.990045367401555, 46.187466146115987 ], [ 5.99365717035366, 46.181378525204906 ], [ 5.990267029764267, 46.174880527360074 ], [ 5.982170209227877, 46.172209740761232 ], [ 5.97542536533241, 46.15930225395477 ], [ 5.973349106993666, 46.156166644441527 ], [ 5.964700564168335, 46.144660131409253 ], [ 5.966497985762738, 46.138341371269846 ], [ 5.959563121010242, 46.134260057247474 ], [ 5.956063159932645, 46.132089435942689 ], [ 5.957291638952378, 46.12794833476179 ], [ 5.960622159862651, 46.130105309917731 ], [ 5.973523951313035, 46.131885736406026 ], [ 5.980363570316985, 46.135869594111831 ], [ 5.982527627654046, 46.138957706928579 ], [ 5.993515016059084, 46.143850065288483 ], [ 6.017931972222455, 46.142293548866519 ], [ 6.035353471347361, 46.136160893497014 ], [ 6.047816693914778, 46.140936552622257 ], [ 6.047841372363965, 46.144414361132 ], [ 6.052098813664966, 46.150563061478451 ], [ 6.091658448508762, 46.150781587179182 ], [ 6.097824061846268, 46.14538671078094 ], [ 6.126624627901115, 46.140460810786131 ], [ 6.131100563224191, 46.140517697830994 ], [ 6.135412086795354, 46.14132694333049 ], [ 6.138289990593286, 46.14381584634436 ], [ 6.146554962759963, 46.145957260293457 ], [ 6.148376092737314, 46.149223205484603 ], [ 6.175299263473407, 46.158260714176528 ], [ 6.188334213953638, 46.168097331895133 ], [ 6.186310833039205, 46.174796092278662 ], [ 6.186107502028491, 46.178217413478734 ], [ 6.209952334112453, 46.192605729846051 ], [ 6.214252409143099, 46.193790968371246 ], [ 6.22639212624774, 46.202044745159085 ], [ 6.230115786436077, 46.203561207810374 ], [ 6.233842511777072, 46.206005742898611 ], [ 6.248983238872918, 46.206096693730473 ], [ 6.27637425262923, 46.21524231359043 ], [ 6.290517811424144, 46.223323722566001 ], [ 6.294471010543275, 46.224930664272648 ], [ 6.309153839773596, 46.242493680871576 ], [ 6.306375563754523, 46.25198373525167 ], [ 6.308533911392046, 46.255021352517524 ], [ 6.30360433487227, 46.255362887115332 ], [ 6.294916857602738, 46.257813909639808 ], [ 6.294883096224781, 46.264592385787502 ], [ 6.291442057403129, 46.26204226752494 ], [ 6.278200456152078, 46.251618494592137 ], [ 6.269220376388636, 46.248524261497195 ], [ 6.264499874070444, 46.249750340932998 ], [ 6.261335794204654, 46.252463729632545 ], [ 6.238822511415978, 46.275322385719079 ], [ 6.238650765854991, 46.282302831477942 ], [ 6.251104141402168, 46.288220444775973 ], [ 6.251881065452607, 46.29166802800146 ], [ 6.245575745576104, 46.303284650309202 ], [ 6.241373003658532, 46.304557941945063 ], [ 6.250225229545448, 46.308000690786251 ], [ 6.258154851931353, 46.324753462116767 ], [ 6.269366759650427, 46.336689145397564 ], [ 6.277333793616671, 46.349122772504778 ], [ 6.287331242944799, 46.356946080491966 ], [ 6.291411528559554, 46.358991329716758 ], [ 6.303395141886377, 46.366224226373213 ], [ 6.311511962351434, 46.367610998690573 ], [ 6.315959063301548, 46.368806586946924 ], [ 6.326890038095289, 46.371065740885768 ], [ 6.345247454037158, 46.369555185644373 ], [ 6.349112795519642, 46.367404809001421 ], [ 6.359371608433952, 46.350032633231578 ], [ 6.362590681436978, 46.347774607000225 ], [ 6.390777620386726, 46.340999807515409 ], [ 6.39922015488329, 46.349734266438716 ], [ 6.404349360704874, 46.351212521162417 ], [ 6.413938743626497, 46.359280813710974 ], [ 6.438449256858107, 46.362338591909847 ], [ 6.442914052071542, 46.36397942925673 ], [ 6.447544645212711, 46.365561005690687 ], [ 6.474921116976487, 46.375518772004668 ], [ 6.481417622941752, 46.381008049904061 ], [ 6.486010309043627, 46.394604204158746 ], [ 6.513071711513279, 46.404788403072786 ], [ 6.517967227471694, 46.404529365641196 ], [ 6.544206475005637, 46.395054924117311 ], [ 6.568242033795974, 46.398235483132368 ], [ 6.573185419081423, 46.399315619203101 ], [ 6.614020478712888, 46.403284199279291 ], [ 6.6167919749647, 46.403421704322831 ], [ 6.619571119905729, 46.403477772877963 ], [ 6.624282399314718, 46.404373810488629 ], [ 6.638672129309049, 46.405412038901659 ], [ 6.643613726460683, 46.405650922269132 ], [ 6.711861177806089, 46.407615151418305 ], [ 6.717013792434612, 46.407880065431009 ], [ 6.757506429641504, 46.402604861122157 ], [ 6.761223466304873, 46.400192568988551 ], [ 6.790014598713308, 46.393154282321525 ], [ 6.805191796758962, 46.394064212470902 ], [ 6.80182084929349, 46.38831683427604 ], [ 6.80612946312999, 46.380041446471878 ], [ 6.800902926025754, 46.375131296538591 ], [ 6.791873163401638, 46.367201259247345 ], [ 6.782236319828162, 46.366637978798742 ], [ 6.771278449971536, 46.360140688544618 ], [ 6.772192560799446, 46.350184946808838 ], [ 6.774673793317908, 46.347281082899187 ], [ 6.786917591633485, 46.332540827843168 ], [ 6.796400894908465, 46.330791744715391 ], [ 6.801136123297246, 46.321032666653181 ], [ 6.82267286679983, 46.312684830504715 ], [ 6.831572408609142, 46.300440356336132 ], [ 6.845966766476592, 46.290939506664579 ], [ 6.850886223242445, 46.29025026935512 ], [ 6.855356806367131, 46.291865959191803 ], [ 6.863736956250506, 46.279780428646916 ], [ 6.852748014738147, 46.253169594944531 ], [ 6.840406847817113, 46.247131901783099 ], [ 6.834025445891696, 46.237655632390485 ], [ 6.822210946483261, 46.231264814665735 ], [ 6.821127698278074, 46.224305301726062 ], [ 6.803563575659237, 46.203131440943068 ], [ 6.806982392219658, 46.196462825271851 ], [ 6.810784482021877, 46.180197911765795 ], [ 6.807337321580183, 46.17784330986526 ], [ 6.793522995872792, 46.164259760464098 ], [ 6.790421876958249, 46.154311317610535 ], [ 6.797237185896186, 46.138270758522737 ], [ 6.81235287460385, 46.132030262237194 ], [ 6.815211664317768, 46.129319725845114 ], [ 6.83473626759526, 46.132240784960807 ], [ 6.852683339187251, 46.126701388161266 ], [ 6.89714195723871, 46.123001345944715 ], [ 6.893169382471544, 46.10575517913 ], [ 6.88509668326257, 46.09681781641887 ], [ 6.890050734462278, 46.076569730830343 ], [ 6.880576524953105, 46.06862694643808 ], [ 6.87311357328808, 46.055556911649042 ], [ 6.872633110865443, 46.052048172961094 ], [ 6.887970990705385, 46.043904581183689 ], [ 6.909534276748314, 46.051998210965493 ], [ 6.922089161522927, 46.06279832940583 ], [ 6.936208865949463, 46.064274345060973 ], [ 6.937976288377804, 46.054241124581836 ], [ 6.951126611962386, 46.049644940247127 ], [ 6.960681579867236, 46.03364110672527 ], [ 6.962904151400112, 46.030533907320098 ], [ 6.981157338176697, 46.018758596294518 ], [ 6.986806384812109, 46.005107377183691 ], [ 7.009036978795463, 45.99714519174205 ], [ 7.020130417934999, 45.98130631500613 ], [ 7.012909475900407, 45.972564067987065 ], [ 7.012762424816679, 45.965761775375391 ], [ 7.036102053602024, 45.952560608018885 ], [ 7.0421399116666, 45.928288330022838 ], [ 7.042049280115946, 45.924766025596043 ], [ 7.03882667792563, 45.922049953283043 ], [ 7.021333210353518, 45.914793078487762 ], [ 7.008919480074879, 45.903440406180991 ], [ 7.006282279965501, 45.900387161546739 ], [ 7.004187389698374, 45.886314500519902 ], [ 7.002928746523581, 45.882851683653648 ], [ 6.996492471934661, 45.873143421163434 ], [ 6.992852391056692, 45.87064837795927 ], [ 6.954901748384412, 45.860524042317145 ], [ 6.937724663035067, 45.84750096346977 ], [ 6.908472074300984, 45.842693158558916 ], [ 6.879522090077907, 45.847974263219818 ], [ 6.873662719955612, 45.842432413083422 ], [ 6.869981534437544, 45.828394942629288 ], [ 6.862576138437282, 45.82909039981255 ], [ 6.861387946989475, 45.832566036107131 ], [ 6.857231717290159, 45.834547345445763 ], [ 6.853841019791827, 45.837151484460939 ], [ 6.840124594911188, 45.840035120650974 ], [ 6.821584723710179, 45.836994984836402 ], [ 6.804669347775356, 45.816713827835699 ], [ 6.807071587575518, 45.813783942983328 ], [ 6.812006399216819, 45.807955653147154 ], [ 6.811691013607761, 45.797418285129169 ], [ 6.803876847566213, 45.788576555818665 ], [ 6.802516663522688, 45.778371974021937 ], [ 6.807236336207275, 45.747416236273729 ], [ 6.815908561985301, 45.738927930209314 ], [ 6.809395209228762, 45.725877705301542 ], [ 6.8275122536685, 45.705150145934262 ], [ 6.84025293694294, 45.69999225381963 ], [ 6.845513753960306, 45.694051779833941 ], [ 6.846120580066128, 45.690569084621586 ], [ 6.872043510861495, 45.680304171636294 ], [ 6.901362588230714, 45.679120454948809 ], [ 6.905410676600765, 45.677068704980371 ], [ 6.906332214124008, 45.670085493513064 ], [ 6.902142971098989, 45.663748445176473 ], [ 6.914955047264394, 45.660914196341828 ], [ 6.916153602330595, 45.654777733370615 ], [ 6.914833042122664, 45.651740255757332 ], [ 6.93322536538666, 45.64661776368569 ], [ 6.966742688804056, 45.653861910831367 ], [ 6.976746988214146, 45.646196538595213 ], [ 6.999125951844733, 45.638171996022407 ], [ 6.997338744865223, 45.631401134390998 ], [ 6.985207542327133, 45.620164635474083 ], [ 6.978894629787763, 45.588642103513962 ], [ 6.994946239656517, 45.571365386819245 ], [ 6.990543914711746, 45.561396609377773 ], [ 6.995077013260007, 45.543978322145051 ], [ 6.99201495277698, 45.533529225530067 ], [ 7.004774774222905, 45.518540476489584 ], [ 7.000778791420549, 45.508305290514237 ], [ 6.999973965570654, 45.504790600664066 ], [ 7.021659735397286, 45.496874424076786 ], [ 7.051050579171999, 45.496249706325308 ], [ 7.056114854495542, 45.490638743065489 ], [ 7.048163392776734, 45.482333269104558 ], [ 7.04623923366542, 45.479147756044519 ], [ 7.049573880555188, 45.472679778569052 ], [ 7.078324395671157, 45.473278804509732 ], [ 7.101809882119359, 45.468517876570331 ], [ 7.100943163515923, 45.455051460805016 ], [ 7.110217654920431, 45.447074523017079 ], [ 7.114687195202057, 45.437551046547973 ], [ 7.113516455211967, 45.434194687331122 ], [ 7.150285091541407, 45.423046328216444 ], [ 7.184201901627921, 45.403452664349096 ], [ 7.177592331644105, 45.390110577170077 ], [ 7.163692684622731, 45.380177586624697 ], [ 7.159861286400075, 45.359580922365254 ], [ 7.135646116964844, 45.347836876396649 ], [ 7.132679537763306, 45.330625240019238 ], [ 7.124125845605064, 45.327325265224509 ], [ 7.114352192637999, 45.328947579709741 ], [ 7.110695394012802, 45.326512299604943 ], [ 7.111695828117857, 45.316178523077184 ], [ 7.117733643271931, 45.310555359529573 ], [ 7.122003468896899, 45.29677383533371 ], [ 7.135251306454734, 45.281803652662944 ], [ 7.130939911304081, 45.27189148626654 ], [ 7.135106091665597, 45.254560603343904 ], [ 7.126119424518697, 45.246119792041505 ], [ 7.111395255838467, 45.244634114427022 ], [ 7.083564450733832, 45.224683285187361 ], [ 7.075911039106478, 45.212141880706874 ], [ 7.066400904991329, 45.211343714347656 ], [ 7.054388697809868, 45.222618078158703 ], [ 7.05118013624986, 45.225340216453425 ], [ 7.041505291719059, 45.224581900907701 ], [ 7.025444515089998, 45.216831428505095 ], [ 7.001326373341818, 45.217419080270474 ], [ 6.990072336722546, 45.210780631880127 ], [ 6.966271993308315, 45.2064720034044 ], [ 6.964836042864729, 45.196678031751375 ], [ 6.953925589363715, 45.18972655475298 ], [ 6.953579229104726, 45.182860027584248 ], [ 6.947092537304921, 45.178023054132041 ], [ 6.942909357170532, 45.176187606196379 ], [ 6.9451591889377, 45.173033808754241 ], [ 6.892974247905126, 45.165653877446736 ], [ 6.886165906163307, 45.156272276632869 ], [ 6.895382960416712, 45.140093196199786 ], [ 6.854263942434657, 45.128622215430823 ], [ 6.796843084181038, 45.152966970908992 ], [ 6.791895750725338, 45.15327954751492 ], [ 6.769525949139489, 45.159338434231273 ], [ 6.747221107626237, 45.140808645156547 ], [ 6.738744744299373, 45.137478538976467 ], [ 6.711286195179381, 45.144759927331286 ], [ 6.706564905196984, 45.143673046705999 ], [ 6.678692965589906, 45.13762842347527 ], [ 6.67098610103087, 45.124812464005721 ], [ 6.650019515018176, 45.115712201099598 ], [ 6.635149590426193, 45.115305890271237 ], [ 6.629987338137435, 45.109326928199934 ], [ 6.626688306205489, 45.111840957198638 ], [ 6.613530341473156, 45.120957378340442 ], [ 6.589940898031669, 45.11919594646556 ], [ 6.576530695925343, 45.123097200377231 ], [ 6.57356979893434, 45.120596350983497 ], [ 6.563907742341193, 45.113821347350715 ], [ 6.561367172621134, 45.107313935513034 ], [ 6.540051561919971, 45.099529898947928 ], [ 6.530286938936857, 45.09906460890484 ], [ 6.510422970898438, 45.109002566864611 ], [ 6.507777678856632, 45.105994445065988 ], [ 6.487117357659395, 45.096134012690513 ], [ 6.481724527395921, 45.090453414248586 ], [ 6.488729451612175, 45.070180925354137 ], [ 6.487081931725002, 45.056407065924603 ], [ 6.482138263450604, 45.056246355072268 ], [ 6.453124047895877, 45.05237341334616 ], [ 6.434870003216732, 45.06299596955558 ], [ 6.420353145743019, 45.061216787043598 ], [ 6.406142992863209, 45.064247929741221 ], [ 6.396887835211015, 45.061989199966362 ], [ 6.364877554955565, 45.070170796875772 ], [ 6.367174479613447, 45.07325561090402 ], [ 6.374600823318691, 45.082295337574095 ], [ 6.362713398837356, 45.105031987432994 ], [ 6.334232578706946, 45.122938597443152 ], [ 6.332876063386736, 45.119617667082693 ], [ 6.317030694869856, 45.111934499246075 ], [ 6.293342219869129, 45.108635751874168 ], [ 6.276887562657799, 45.114933389466046 ], [ 6.260566197557885, 45.126847913866328 ], [ 6.258495923396544, 45.123655217761595 ], [ 6.245508018598509, 45.119203867657291 ], [ 6.229263129892585, 45.106807185840431 ], [ 6.243285306592182, 45.069948229152899 ], [ 6.220080156369971, 45.065367936215324 ], [ 6.218716529382557, 45.062001054013983 ], [ 6.209562581595905, 45.042296194904687 ], [ 6.208685718304641, 45.028335979707826 ], [ 6.202925043759345, 45.022932987011494 ], [ 6.20313811255563, 45.012446824770663 ], [ 6.21437349071102, 45.005679755483662 ], [ 6.256173043641922, 44.996218656961041 ], [ 6.313282458120352, 45.003859117566137 ], [ 6.318198730740813, 45.00386577257769 ], [ 6.322680554595003, 44.99762203956243 ], [ 6.316204318919787, 44.9882088744315 ], [ 6.315991668937198, 44.981186126780109 ], [ 6.328213698007129, 44.966348205196688 ], [ 6.323254479328498, 44.956574771326814 ], [ 6.326279121959653, 44.950013949048781 ], [ 6.353421996625112, 44.942556563506663 ], [ 6.358172281947819, 44.941575008035429 ], [ 6.354910142911668, 44.92777749621419 ], [ 6.357945457650987, 44.907292361312507 ], [ 6.354660106644986, 44.89710038955419 ], [ 6.358550182464034, 44.887322338115837 ], [ 6.351997303072616, 44.882032363348216 ], [ 6.35046972829102, 44.875130592330066 ], [ 6.35536414117107, 44.854823966045096 ], [ 6.352053199234035, 44.852842401550397 ], [ 6.336319027358171, 44.848369434939357 ], [ 6.31942823665658, 44.855138993186912 ], [ 6.304352587060521, 44.872791526836657 ], [ 6.29456316666265, 44.873983686715825 ], [ 6.267094946561592, 44.869091632406942 ], [ 6.248866431392028, 44.852559942441211 ], [ 6.229097886970287, 44.85200169970377 ], [ 6.196382213093461, 44.858977252652942 ], [ 6.192555892694437, 44.856744621800026 ], [ 6.169659028876842, 44.852391173190959 ], [ 6.165014215810272, 44.853587022296693 ], [ 6.157906039743549, 44.858285835213245 ], [ 6.130448597771805, 44.862514870221602 ], [ 6.113150513309321, 44.845530426149303 ], [ 6.09732158409707, 44.838233691239019 ], [ 6.093293347222853, 44.836372862222795 ], [ 6.056502376029612, 44.815813767541712 ], [ 6.052272429728903, 44.817173663737584 ], [ 6.030210546239002, 44.83809609775416 ], [ 6.016206227656368, 44.83528828173592 ], [ 6.003416210613008, 44.820354731466999 ], [ 5.979182157180596, 44.818593849171364 ], [ 5.975607139182772, 44.81658158336748 ], [ 5.949519247847443, 44.804530122897155 ], [ 5.951205547923604, 44.801458056934472 ], [ 5.977782179481481, 44.790989968545439 ], [ 5.979498158941999, 44.78445696559627 ], [ 5.980273413653571, 44.781183671161877 ], [ 5.976427109739487, 44.779737406588964 ], [ 5.953164593423209, 44.771314329424555 ], [ 5.952215362961415, 44.768411572896007 ], [ 5.951121583439229, 44.75962053934213 ], [ 5.946885508371645, 44.76130994371087 ], [ 5.93768915954018, 44.763428132732763 ], [ 5.919571787077517, 44.752789696558267 ], [ 5.902202954371302, 44.757993963120008 ], [ 5.893138844062215, 44.755573378426639 ], [ 5.88545616345669, 44.747287242194695 ], [ 5.880591736636212, 44.74684629848592 ], [ 5.867466798207253, 44.751006688823288 ], [ 5.847985661438239, 44.751527326677035 ], [ 5.841024125203204, 44.756372702489791 ], [ 5.827093368949468, 44.759693014990113 ], [ 5.826525979255253, 44.756203058107985 ], [ 5.829360978385005, 44.742437285019612 ], [ 5.818860248530297, 44.730651375672075 ], [ 5.811318774372763, 44.714023953009807 ], [ 5.80146999609451, 44.706778512870017 ], [ 5.808962020631054, 44.705786858908525 ], [ 5.812674848156732, 44.705007911784634 ], [ 5.825458378124812, 44.700979740664692 ], [ 5.829958230027807, 44.69124353105552 ], [ 5.817189348692682, 44.681885168499797 ], [ 5.813277058025531, 44.679903755395479 ], [ 5.809248817165935, 44.678123344020563 ], [ 5.80101693759718, 44.674827791041338 ], [ 5.790620212274487, 44.653299299136251 ], [ 5.785702806224209, 44.653135023608044 ], [ 5.771119531321884, 44.654276159823667 ], [ 5.753769297991107, 44.660528894610664 ], [ 5.749155497588021, 44.651076993336957 ], [ 5.7255049816388, 44.640087122472153 ], [ 5.683495084843539, 44.649978568600524 ], [ 5.659304761867904, 44.6510494093815 ], [ 5.651550901141396, 44.655217057041803 ], [ 5.64924623140138, 44.652903245314626 ], [ 5.641715476737941, 44.651083686534349 ], [ 5.640300674449938, 44.647820645813731 ], [ 5.642842232762364, 44.624258839200188 ], [ 5.649461790654657, 44.619380335177411 ], [ 5.648367332273093, 44.61621785718701 ], [ 5.646091881097417, 44.609921984432567 ], [ 5.637030457356826, 44.609219831603994 ], [ 5.62747681179402, 44.594972329194064 ], [ 5.626319022720681, 44.586622907284493 ], [ 5.621998084767894, 44.585860848783163 ], [ 5.613898388174507, 44.571821155822946 ], [ 5.607147666291072, 44.568350791511527 ], [ 5.606489716135572, 44.566654934312353 ], [ 5.597248798066795, 44.543273727979233 ], [ 5.612473307602526, 44.535600542728496 ], [ 5.614987004799318, 44.532775789408554 ], [ 5.627653039143868, 44.534357435928072 ], [ 5.642692729285381, 44.522063615970097 ], [ 5.646326272089842, 44.520075984279906 ], [ 5.663049651715834, 44.504946604336183 ], [ 5.664504139914047, 44.501894032401601 ], [ 5.65977557119241, 44.501972138169975 ], [ 5.651243927750406, 44.49932226128238 ], [ 5.633187804406717, 44.502096704810668 ], [ 5.62632906560146, 44.49777468527013 ], [ 5.623729137550057, 44.484064722849375 ], [ 5.61484689900165, 44.471837046092027 ], [ 5.603636602559009, 44.465500307972363 ], [ 5.598967974718976, 44.46626799200012 ], [ 5.569099851904608, 44.476578458261109 ], [ 5.564686977201461, 44.475249120897637 ], [ 5.560430060351429, 44.474303282462664 ], [ 5.549713683395427, 44.479901672025612 ], [ 5.546077300826028, 44.482120310429615 ], [ 5.511029530221043, 44.491507406620698 ], [ 5.506409174664396, 44.492017816596665 ], [ 5.483133899565536, 44.491220394921179 ], [ 5.474924885525115, 44.494260011308185 ], [ 5.470847261479721, 44.499998554596239 ], [ 5.466344500496238, 44.500342512280319 ], [ 5.457842945549569, 44.498154570768634 ], [ 5.458908554280877, 44.488520885138868 ], [ 5.460352353234252, 44.486137989835804 ], [ 5.461529037523698, 44.482824366094093 ], [ 5.466821825890228, 44.473519483534595 ], [ 5.460217308780587, 44.468587450333878 ], [ 5.463835729257284, 44.452051966652448 ], [ 5.464831728948369, 44.448652312778769 ], [ 5.495489993853964, 44.438802744734367 ], [ 5.495030832523986, 44.430959565464526 ], [ 5.493615332229907, 44.428217653556132 ], [ 5.489917889010221, 44.429021798807014 ], [ 5.486044257170747, 44.42896518530786 ], [ 5.483328907908006, 44.426090369546465 ], [ 5.47756958286488, 44.420852311272299 ], [ 5.472722783290884, 44.420943216421151 ], [ 5.438582416468737, 44.433556485219832 ], [ 5.433751619301304, 44.433167969699845 ], [ 5.418397417669444, 44.424770174195764 ], [ 5.425381747407611, 44.415610521058511 ], [ 5.430034628084258, 44.414526293618728 ], [ 5.441701838869459, 44.391680999231575 ], [ 5.442621500812566, 44.381267659142345 ], [ 5.431328212854496, 44.375330615966014 ], [ 5.434953500862117, 44.369117432948755 ], [ 5.439297473632386, 44.367949524335707 ], [ 5.443921515424791, 44.367747862476484 ], [ 5.46278184879294, 44.367237319966158 ], [ 5.467048617549287, 44.3545153438113 ], [ 5.468856187117785, 44.351349725801811 ], [ 5.478569981491291, 44.3510412416001 ], [ 5.490082103903813, 44.339965049942549 ], [ 5.492944223223237, 44.337135377243229 ], [ 5.503160494554911, 44.344279279573819 ], [ 5.520926979765027, 44.349259201706417 ], [ 5.536860183819683, 44.342102257239489 ], [ 5.539953361605748, 44.332439316400468 ], [ 5.549105059419014, 44.330588445557872 ], [ 5.566542845801346, 44.333019815399908 ], [ 5.571306603801938, 44.333475930949596 ], [ 5.582972421029641, 44.332292918386337 ], [ 5.586925846852091, 44.332037877605018 ], [ 5.588187073324213, 44.332179321756726 ], [ 5.620370021434582, 44.332948272783305 ], [ 5.623800326745524, 44.335217168287578 ], [ 5.628258550075, 44.333939872624839 ], [ 5.630209412872497, 44.327849893121922 ], [ 5.613215935144231, 44.315772227640046 ], [ 5.60831835873762, 44.306116698307868 ], [ 5.616057010366872, 44.309382214117498 ], [ 5.62932166284001, 44.30114915862228 ], [ 5.633798844517878, 44.300879849636843 ], [ 5.639777761350887, 44.296503423931888 ], [ 5.63573936729397, 44.291637861880268 ], [ 5.632600537072819, 44.289389474472124 ], [ 5.632860844990301, 44.282844677649315 ], [ 5.646371571666918, 44.270397637486859 ], [ 5.646781325357386, 44.26709147544851 ], [ 5.671683333580238, 44.274225095630825 ], [ 5.675610026715095, 44.275885779492 ], [ 5.684489933832609, 44.268833286593306 ], [ 5.686652769624995, 44.266069482070705 ], [ 5.684205784425256, 44.26309415374272 ], [ 5.674252071027295, 44.255861700082363 ], [ 5.672644087768109, 44.245669712343307 ], [ 5.673312046684881, 44.240168649948188 ], [ 5.682024908607712, 44.233669800365881 ], [ 5.681132665069013, 44.230692521271322 ], [ 5.676722626472698, 44.213409240393233 ], [ 5.685922274168798, 44.197180596655031 ], [ 5.67603732554349, 44.191433131858957 ], [ 5.65159258523705, 44.189577077248288 ], [ 5.652287730830786, 44.186237091798226 ], [ 5.643896743332492, 44.170526344036013 ], [ 5.650427928093791, 44.166766366615697 ], [ 5.682728093629557, 44.163486275089134 ], [ 5.681265873059702, 44.160072780344876 ], [ 5.678605452158371, 44.14609768890292 ], [ 5.674060182248089, 44.147316373811051 ], [ 5.645321382061823, 44.148184747524105 ], [ 5.640667341775063, 44.149233545000818 ], [ 5.631136350531427, 44.150579411795661 ], [ 5.632026445972078, 44.157375340276268 ], [ 5.638794765675097, 44.166281429219914 ], [ 5.629772708449912, 44.174090002461185 ], [ 5.616955401086002, 44.178620272329326 ], [ 5.609326531230207, 44.190707605198092 ], [ 5.605704281890534, 44.191144924330452 ], [ 5.602053261071307, 44.191501753464081 ], [ 5.594234441811164, 44.187481261950211 ], [ 5.579656640777753, 44.188374379269284 ], [ 5.575670844194657, 44.186315690700638 ], [ 5.564374392120546, 44.170901706494313 ], [ 5.568104667403727, 44.168725140927833 ], [ 5.581188185336803, 44.155152844177103 ], [ 5.570422844280337, 44.148615661985978 ], [ 5.55133337667298, 44.149646933255433 ], [ 5.551315204196628, 44.149242115439534 ], [ 5.550089350153229, 44.14589363586672 ], [ 5.542145703694197, 44.133263637587191 ], [ 5.51108858712378, 44.123956913518278 ], [ 5.507614943413628, 44.117759934842873 ], [ 5.498787806458744, 44.115719347788342 ], [ 5.493838084171808, 44.115435899096866 ], [ 5.454716459743136, 44.119227904662857 ], [ 5.451161176591035, 44.121135476183319 ], [ 5.447570973530494, 44.1367581431182 ], [ 5.44303323757513, 44.137948969877819 ], [ 5.436695264005384, 44.142070210237065 ], [ 5.435755865794686, 44.152248640249866 ], [ 5.431058933975543, 44.151506424635819 ], [ 5.422916844054597, 44.150038766414056 ], [ 5.415834087795949, 44.154652480256487 ], [ 5.396950088104057, 44.152338473742454 ], [ 5.383240887752115, 44.155284730219144 ], [ 5.383200579102188, 44.158797473045411 ], [ 5.386649681105689, 44.179271533708857 ], [ 5.381280655082791, 44.192382314930427 ], [ 5.383188228000948, 44.199067606817565 ], [ 5.384529100472621, 44.201190669271824 ], [ 5.380357709844485, 44.202911139485778 ], [ 5.376670293905456, 44.205134250827719 ], [ 5.372391172535215, 44.206685648744219 ], [ 5.355790066669242, 44.213598869670719 ], [ 5.335726093433306, 44.204311433236875 ], [ 5.317995587326116, 44.208793570728794 ], [ 5.303623925086469, 44.208799017769309 ], [ 5.303297976880241, 44.205393058705468 ], [ 5.299429233137286, 44.206923951179363 ], [ 5.291804181580929, 44.214647422997118 ], [ 5.280667663366518, 44.219795969443197 ], [ 5.27628316873954, 44.220994559003024 ], [ 5.25650871457163, 44.230056328557424 ], [ 5.252656715759808, 44.231134952276115 ], [ 5.248535836832811, 44.231120374115235 ], [ 5.244511927139097, 44.230707453720591 ], [ 5.240446462537333, 44.230826509600881 ], [ 5.238149708040023, 44.213233332998932 ], [ 5.208774816105213, 44.2144226960692 ], [ 5.175606457049889, 44.220865958396075 ], [ 5.167912694330636, 44.225304259013079 ], [ 5.163507399007028, 44.226354632689613 ], [ 5.150006744005078, 44.23523703548463 ], [ 5.151813942499238, 44.238308151511703 ], [ 5.158750981015901, 44.242872308003214 ], [ 5.161547590528073, 44.245590671105184 ], [ 5.162088870082533, 44.248947690710317 ], [ 5.160531355313899, 44.265618690589605 ], [ 5.147458253978399, 44.269170669557013 ], [ 5.150646833730123, 44.281876776217281 ], [ 5.168428560470918, 44.292242890992121 ], [ 5.170106352929927, 44.298738196145536 ], [ 5.169742730048123, 44.302014094039755 ], [ 5.17282661398842, 44.308211494205196 ], [ 5.168839313106632, 44.314125325573542 ], [ 5.166434198103998, 44.314857105900174 ], [ 5.161975943538178, 44.313387033487238 ], [ 5.153262225199111, 44.310154240361193 ], [ 5.149503498787481, 44.300655799859101 ], [ 5.109640817042329, 44.28036650274997 ], [ 5.086471494080945, 44.28393339431689 ], [ 5.076512049103131, 44.284086015978872 ], [ 5.073921629878714, 44.286944298487455 ], [ 5.06024453525336, 44.307614496882763 ], [ 5.056515022521009, 44.305397201259915 ], [ 5.02950026866043, 44.297894390509676 ], [ 5.024771592553071, 44.296784024461594 ], [ 5.017150351782536, 44.292241935541689 ], [ 5.013072236939951, 44.291074119838591 ], [ 5.002729377030806, 44.285374334421114 ], [ 4.989594320202399, 44.285765982875809 ], [ 4.985461687029868, 44.2855165723224 ], [ 4.971687522886884, 44.279425690023061 ], [ 4.96755527308963, 44.277725959936298 ], [ 4.94152834679649, 44.269410054163458 ], [ 4.932031187973039, 44.262455397420553 ], [ 4.927220664047693, 44.262107708049214 ], [ 4.903477422045458, 44.259478388267993 ], [ 4.901282946732467, 44.264279389702423 ], [ 4.896964550317251, 44.264408061995127 ], [ 4.880250376691039, 44.261769177444961 ], [ 4.876028528545874, 44.260265706055357 ], [ 4.857094248224971, 44.245992552082669 ], [ 4.853170802064341, 44.244366151897715 ], [ 4.825341848908655, 44.228445904651778 ], [ 4.820885933621923, 44.228889032746224 ], [ 4.813448440809548, 44.23242441386536 ], [ 4.812140737604666, 44.24206166442179 ], [ 4.81311788448287, 44.245205750770943 ], [ 4.812512574146792, 44.258018710316463 ], [ 4.803998564899068, 44.269206183528979 ], [ 4.805856934394183, 44.274838899493552 ], [ 4.804479109916825, 44.277616630648758 ], [ 4.802925843563938, 44.28079338285626 ], [ 4.804563291806239, 44.303896893827336 ], [ 4.799988421722891, 44.303548718129242 ], [ 4.780956048827136, 44.317121090134869 ], [ 4.771902075687521, 44.31753746360291 ], [ 4.762995008707322, 44.325099651590776 ], [ 4.758398944403083, 44.32532629380821 ], [ 4.721662853885755, 44.326591775045472 ], [ 4.717089112182759, 44.325906975929442 ], [ 4.713016931473897, 44.320649375513625 ], [ 4.679884119517153, 44.320692303859637 ], [ 4.654887236217384, 44.328346062781407 ], [ 4.650615013437525, 44.329805791511262 ], [ 4.651541866566366, 44.326316555586992 ], [ 4.653181380659162, 44.294807190371785 ], [ 4.652363852088788, 44.291272191111453 ], [ 4.649223666100444, 44.270359865010981 ], [ 4.641729071975821, 44.274199407699619 ], [ 4.637027612066389, 44.283668866779585 ], [ 4.632679241537062, 44.284993996875556 ], [ 4.620478031270252, 44.27994373650391 ], [ 4.616625219902832, 44.277992781890092 ], [ 4.609124832088356, 44.289248742538398 ], [ 4.605465459763982, 44.29103986249531 ], [ 4.602331732442818, 44.291922882099847 ], [ 4.598980272709761, 44.291755610421312 ], [ 4.574273596580338, 44.300746216657011 ], [ 4.56999757458768, 44.299348860071596 ], [ 4.55716754815282, 44.304167932585351 ], [ 4.545630732774081, 44.319708043496888 ], [ 4.547748768592149, 44.322874376206983 ], [ 4.549110357889393, 44.324511789636091 ], [ 4.531152074673948, 44.324097033676289 ], [ 4.524166643884612, 44.328767650722817 ], [ 4.514731391116731, 44.329114066540441 ], [ 4.512014296862216, 44.335399620631144 ], [ 4.506097093410039, 44.340252456783688 ], [ 4.482910428147134, 44.338199627104302 ], [ 4.464760614772599, 44.341674882989999 ], [ 4.459865952549634, 44.341595892680722 ], [ 4.451067896198852, 44.334095731559636 ], [ 4.450792942063385, 44.330705228678212 ], [ 4.448757407134806, 44.296710055940146 ], [ 4.453211979670011, 44.29786664493691 ], [ 4.450048178741751, 44.295225575324466 ], [ 4.440422440526615, 44.283423430497244 ], [ 4.435607551724197, 44.28332437848524 ], [ 4.431983352810463, 44.289682591214167 ], [ 4.40357007863327, 44.288176510310372 ], [ 4.393312811782483, 44.294599898234004 ], [ 4.391594178971673, 44.304758745352359 ], [ 4.40006292977955, 44.324817538384735 ], [ 4.401450043208653, 44.328166945429629 ], [ 4.402346723077256, 44.335006718230559 ], [ 4.391868471274162, 44.346573493143744 ], [ 4.387050081906517, 44.347057478909157 ], [ 4.383809830333614, 44.344352389530322 ], [ 4.370171286424322, 44.340138682226083 ], [ 4.325771353402377, 44.338323964521713 ], [ 4.329257066144579, 44.332376089034447 ], [ 4.318097772813658, 44.321752135547214 ], [ 4.30633386741501, 44.316265836392624 ], [ 4.288374598432618, 44.315019283414159 ], [ 4.289583761396112, 44.295415540649188 ], [ 4.288995517846043, 44.292145526432932 ], [ 4.286338433882108, 44.289385879272821 ], [ 4.27377271811423, 44.271752425101631 ], [ 4.258900832485029, 44.264424857489516 ], [ 4.245137989953825, 44.26807458019649 ], [ 4.238181591208064, 44.273095457731145 ], [ 4.234052016612128, 44.275059404123233 ], [ 4.230777522728938, 44.277175663041021 ], [ 4.216384000823929, 44.289038946071713 ], [ 4.212951305415955, 44.29144449812614 ], [ 4.186579066696126, 44.299735407053689 ], [ 4.183912912533467, 44.302320818169107 ], [ 4.177990501263057, 44.317742495125763 ], [ 4.173247283629926, 44.317577141317038 ], [ 4.161700504671208, 44.312154255492096 ], [ 4.14286770009046, 44.31335085540006 ], [ 4.141664528495284, 44.323959128837586 ], [ 4.126751899132374, 44.337733520045916 ], [ 4.113525059855751, 44.329126884775128 ], [ 4.109419949678887, 44.330842802651595 ], [ 4.106627578868647, 44.332356318581077 ], [ 4.103860840373232, 44.333905515469787 ], [ 4.073841934926563, 44.329026315133831 ], [ 4.06014403654324, 44.320165932974867 ], [ 4.055621068476555, 44.319021144134659 ], [ 4.051451662788485, 44.317323657117022 ], [ 4.048058637303705, 44.318949435218229 ], [ 4.038705226636979, 44.327887350478221 ], [ 4.035706171010427, 44.329851110501181 ], [ 4.047918736658533, 44.334443631565101 ], [ 4.053046922035821, 44.3397510289346 ], [ 4.051159659984885, 44.346205734990093 ], [ 4.053676977449851, 44.35879396873689 ], [ 4.056717546663975, 44.361024418276656 ], [ 4.052980345425565, 44.378696008151678 ], [ 4.046711068273638, 44.382464809968923 ], [ 4.043749376806834, 44.384554494232773 ], [ 4.042393082003229, 44.394073983469148 ], [ 4.059453322895632, 44.393911172695049 ], [ 4.068440197624279, 44.405059567201874 ], [ 4.054794878432185, 44.414787864317418 ], [ 4.037812651813812, 44.42091789098366 ], [ 4.045418722355211, 44.433494716739752 ], [ 4.037103226640191, 44.445951999678947 ], [ 4.02387623578353, 44.446300730804879 ], [ 4.0166602508548, 44.450364725264919 ], [ 4.015082229346186, 44.453476201674235 ], [ 4.002602687039317, 44.458514894177327 ], [ 3.998162987763963, 44.459797555863204 ], [ 3.987125419841063, 44.474868482136223 ], [ 3.986789193557799, 44.502429111675212 ], [ 3.980284487734322, 44.515424244417865 ], [ 3.975790107917653, 44.516742489722503 ], [ 3.978997537429275, 44.521755718845448 ], [ 3.967657259604553, 44.534855976642021 ], [ 3.965691680940648, 44.537682114893585 ], [ 3.964955387530294, 44.541001649190726 ], [ 3.960905954713971, 44.553812229258064 ], [ 3.958490421757283, 44.556894251971229 ], [ 3.948773902996817, 44.572886548436585 ], [ 3.944441487103601, 44.57366192688211 ], [ 3.923566877594876, 44.571884764659693 ], [ 3.921627105858074, 44.574962001303867 ], [ 3.91682073470476, 44.580709932792921 ], [ 3.91846592924054, 44.587367549516223 ], [ 3.906539968774397, 44.592372722164178 ], [ 3.905329574001494, 44.595461704904316 ], [ 3.908084441985978, 44.607701362603976 ], [ 3.90666231718382, 44.610963175969921 ], [ 3.894139724131013, 44.615287659479378 ], [ 3.894402612927971, 44.639017971571434 ], [ 3.895766094794996, 44.642293122337996 ], [ 3.894778089961901, 44.649962901141372 ], [ 3.88537340928617, 44.657457283503739 ], [ 3.871647067557058, 44.679336302781323 ], [ 3.881766727573615, 44.690573388147534 ], [ 3.884563260091344, 44.693441170106773 ], [ 3.883529151740936, 44.696717670030466 ], [ 3.869647744005693, 44.69696264049238 ], [ 3.869246311770266, 44.700396093749518 ], [ 3.870007946261563, 44.707205708404985 ], [ 3.863100025720888, 44.712022593102844 ], [ 3.863763150175123, 44.722326392310237 ], [ 3.877097156452844, 44.735987982111205 ], [ 3.862527328127133, 44.743872437148589 ], [ 3.858307708161569, 44.745525845604185 ], [ 3.839418691548292, 44.747120131946019 ], [ 3.829914990945892, 44.75463764760287 ], [ 3.8329736682789, 44.757252739477991 ], [ 3.841072318639203, 44.765618921700366 ], [ 3.841852255342835, 44.772131610788605 ], [ 3.833253242104671, 44.775275818684236 ], [ 3.819372405833958, 44.772561162328543 ], [ 3.817335365117872, 44.769812100927609 ], [ 3.810630503957909, 44.765881762540836 ], [ 3.806989801725859, 44.767582991751723 ], [ 3.804675117801092, 44.773641213470974 ], [ 3.797349065201209, 44.786488249924815 ], [ 3.77195184526778, 44.802316244142823 ], [ 3.764135332507937, 44.800380575450816 ], [ 3.759954110010641, 44.806333685845253 ], [ 3.761686918617931, 44.812876448001504 ], [ 3.759832616460141, 44.816058450156312 ], [ 3.755779340940885, 44.817535726966696 ], [ 3.743865804949569, 44.837802485264319 ], [ 3.735379732214462, 44.840118970582388 ], [ 3.735967957376108, 44.83672067790333 ], [ 3.719429240187556, 44.83179607915212 ], [ 3.70180886827158, 44.836266686048823 ], [ 3.694678520995067, 44.831674675484663 ], [ 3.66636491464299, 44.828778088734794 ], [ 3.663663168336531, 44.831414328358377 ], [ 3.657417171574798, 44.836124379319074 ], [ 3.661599515097395, 44.83775618927902 ], [ 3.669727615835032, 44.841281876731308 ], [ 3.673640166794447, 44.85412442726399 ], [ 3.671244553996265, 44.857029120362959 ], [ 3.664392222055604, 44.860968936621894 ], [ 3.66013686832168, 44.870511230594332 ], [ 3.644297179394541, 44.877131956253571 ], [ 3.640653913727311, 44.87856661700274 ], [ 3.632535140457957, 44.877307617832273 ], [ 3.629866145968212, 44.879825818453106 ], [ 3.614235014758795, 44.874817281725008 ], [ 3.60828190349154, 44.879333884797447 ], [ 3.603368926318567, 44.879378692787348 ], [ 3.595023653530166, 44.87579523801201 ], [ 3.59783012667429, 44.858709250868969 ], [ 3.586883934495279, 44.836051624360536 ], [ 3.589724400107268, 44.829391954239874 ], [ 3.582453352148914, 44.826117064804073 ], [ 3.56877013613739, 44.834183171531002 ], [ 3.555336741702029, 44.825670872446914 ], [ 3.541088928784633, 44.828055164633206 ], [ 3.512200404150626, 44.824815981666049 ], [ 3.507375066107238, 44.824234921322642 ], [ 3.493094306664139, 44.811514451802871 ], [ 3.490993508872473, 44.808480623172528 ], [ 3.48696686756871, 44.806472612756814 ], [ 3.478242426664648, 44.809679762840666 ], [ 3.470010111296337, 44.821941564272791 ], [ 3.456169977694954, 44.831227838438231 ], [ 3.457593369117124, 44.841323848525604 ], [ 3.445198454072137, 44.851764267703054 ], [ 3.441800388956105, 44.854226792930227 ], [ 3.436572483235663, 44.876990371639543 ], [ 3.435711334721289, 44.880244038151837 ], [ 3.421510948391247, 44.894821607193037 ], [ 3.417812268630303, 44.905036666580585 ], [ 3.419256601220584, 44.908434596852793 ], [ 3.413025575082332, 44.915669846709086 ], [ 3.410380030855161, 44.917786501572891 ], [ 3.41511903622831, 44.926304376502145 ], [ 3.412834742275385, 44.944842501975828 ], [ 3.41081670182926, 44.948001281916071 ], [ 3.403222387512075, 44.956861750619083 ], [ 3.39090613362493, 44.952773008065186 ], [ 3.377782783888405, 44.9565909299439 ], [ 3.371663674003481, 44.968928678819715 ], [ 3.37271085258824, 44.975723025570126 ], [ 3.368996629978351, 44.974177753360273 ], [ 3.361342580739936, 44.971411709678954 ], [ 3.355221586733514, 44.958258942635453 ], [ 3.354527750802366, 44.954821733715356 ], [ 3.350369914008283, 44.955032993118046 ], [ 3.337948402304447, 44.955908780382288 ], [ 3.334081232663091, 44.953849611639292 ], [ 3.318249979475875, 44.946008812935112 ], [ 3.314335544520953, 44.939789408894953 ], [ 3.300883060336165, 44.939367443531246 ], [ 3.285388635127455, 44.926253994225533 ], [ 3.267128851587693, 44.92959469903915 ], [ 3.262554405296848, 44.935241864039185 ], [ 3.265703089659657, 44.941662979850769 ], [ 3.256169473872845, 44.941604322101355 ], [ 3.252172438397947, 44.940785124951532 ], [ 3.248414345130839, 44.93950606558915 ], [ 3.250201422743557, 44.936584881938302 ], [ 3.2445646548732, 44.931717464328123 ], [ 3.249692523675225, 44.916237893044929 ], [ 3.23115827101133, 44.911118952282678 ], [ 3.226427597770186, 44.909976238441736 ], [ 3.228277786850219, 44.906947262691659 ], [ 3.227768930530249, 44.897071440851605 ], [ 3.234928394868116, 44.888584237049898 ], [ 3.225669282484506, 44.882093920325232 ], [ 3.21481455408326, 44.875002716421108 ], [ 3.195962945439826, 44.872084455970445 ], [ 3.190270819095295, 44.862523724864936 ], [ 3.181618778129956, 44.864690028197167 ], [ 3.179881698064117, 44.867808035632244 ], [ 3.164672596383062, 44.875178424118801 ], [ 3.160279981380016, 44.884467400705688 ], [ 3.157550579390346, 44.886641139414358 ], [ 3.151478462977281, 44.893933394104842 ], [ 3.147950859464233, 44.896342078398121 ], [ 3.142848493777612, 44.902282059035755 ], [ 3.128384171684512, 44.903578211722639 ], [ 3.11951580687151, 44.891541442645497 ], [ 3.103126046257271, 44.884634210116715 ], [ 3.104978689238942, 44.866265497560839 ], [ 3.103187989264416, 44.863215027215645 ], [ 3.094844936899442, 44.85547956731827 ], [ 3.100178579644171, 44.843923590411151 ], [ 3.097681390080456, 44.841557941886251 ], [ 3.099159383668069, 44.832913455000813 ], [ 3.096528347082587, 44.833338929752777 ], [ 3.093845591364899, 44.833125151836732 ], [ 3.089340665366495, 44.832786744952678 ], [ 3.072175424232722, 44.836265506440562 ], [ 3.076979976508842, 44.824278905158252 ], [ 3.072702036334358, 44.822751235775982 ], [ 3.064033621599882, 44.820235665136643 ], [ 3.047916414418333, 44.803902937719577 ], [ 3.046241681844652, 44.797295304726013 ], [ 3.048705074252532, 44.794611302793456 ], [ 3.049970813605313, 44.781880277485911 ], [ 3.049474938224084, 44.778621366450068 ], [ 3.044048171534524, 44.773527890803472 ], [ 3.048236547250949, 44.764324983665738 ], [ 3.04224276003677, 44.759384742994428 ], [ 3.037831861059023, 44.75808989539798 ], [ 3.031344939173385, 44.749638058580111 ], [ 3.028746567442006, 44.733190268452496 ], [ 3.027305271830378, 44.730219650929996 ], [ 3.034893717315734, 44.727048476168513 ], [ 3.039128661858303, 44.715001124448932 ], [ 3.034293148509642, 44.715542902815997 ], [ 3.016021972227441, 44.712531075815058 ], [ 3.001627968241495, 44.686838029191925 ], [ 2.999722412758268, 44.676538825037348 ], [ 2.985620605254335, 44.658235274422367 ], [ 2.981676983604249, 44.644685615308994 ], [ 2.977212865681025, 44.644711793753451 ], [ 2.970250010283234, 44.648257200650427 ], [ 2.967625578594397, 44.650498136420246 ], [ 2.961871925327654, 44.654466499213356 ], [ 2.962676882029668, 44.657869803930332 ], [ 2.955269374599754, 44.662188371665572 ], [ 2.947500213165422, 44.674329691418222 ], [ 2.939346065630673, 44.677575531348424 ], [ 2.941417972545008, 44.68722766610432 ], [ 2.934201441137657, 44.696226459188658 ], [ 2.930886471121658, 44.71303283638418 ], [ 2.929367402679675, 44.716200907058237 ], [ 2.923264467172186, 44.728647926118661 ], [ 2.931311509646882, 44.737206042396537 ], [ 2.933510163397207, 44.747200727803893 ], [ 2.930116485009461, 44.753572791040504 ], [ 2.917021050034476, 44.757435073328537 ], [ 2.914287396582836, 44.760277962168928 ], [ 2.914117873592827, 44.763717006565656 ], [ 2.91776673259043, 44.765961542291834 ], [ 2.93170782596385, 44.764521511786441 ], [ 2.936372824502356, 44.774085578112249 ], [ 2.933774002986118, 44.780647333014521 ], [ 2.931810921559147, 44.783725216404711 ], [ 2.920190852300744, 44.794314181348625 ], [ 2.916729736068951, 44.792051839729488 ], [ 2.906916634932483, 44.785453722245791 ], [ 2.897865546574705, 44.78511263765477 ], [ 2.889641952868925, 44.788327888071009 ], [ 2.879445550830413, 44.803100504651184 ], [ 2.869874454150929, 44.829577254227672 ], [ 2.861554101724132, 44.837958265370148 ], [ 2.863543079006333, 44.847423229622329 ], [ 2.855424421697733, 44.854732681195479 ], [ 2.860544036501554, 44.867641081843274 ], [ 2.859678727482899, 44.874464579377928 ], [ 2.854930826744999, 44.874314423705513 ], [ 2.851531145956667, 44.871888010158642 ], [ 2.814630846206114, 44.869446635666165 ], [ 2.807588058144827, 44.874098431071744 ], [ 2.802790092203912, 44.873828914466905 ], [ 2.784749466631134, 44.863216385613711 ], [ 2.781646830568421, 44.856970969187607 ], [ 2.772282073692234, 44.856402947845403 ], [ 2.767711091710696, 44.865928088932208 ], [ 2.775611300302545, 44.884878587557694 ], [ 2.778589796222855, 44.887495573524035 ], [ 2.775893751320446, 44.890263240484579 ], [ 2.772244419735666, 44.900024621021856 ], [ 2.77609510644818, 44.909639215643516 ], [ 2.755915112444991, 44.932150692185303 ], [ 2.742087308882822, 44.931975411729638 ], [ 2.738254293313806, 44.941222184736709 ], [ 2.737687825227628, 44.940365503679566 ], [ 2.733919381795943, 44.938402758749795 ], [ 2.724567673119901, 44.927341537957766 ], [ 2.716765564476892, 44.928834538265271 ], [ 2.714067314082488, 44.926072523752246 ], [ 2.706372274721796, 44.907090903199624 ], [ 2.702555531324249, 44.905307049734418 ], [ 2.689464163776354, 44.903767637294614 ], [ 2.681867929715192, 44.907347574472332 ], [ 2.679376056698013, 44.904423254727469 ], [ 2.658610886025322, 44.885805072207638 ], [ 2.656223238892771, 44.872418495186579 ], [ 2.653048841753488, 44.869770600859255 ], [ 2.629077497997045, 44.872259110705848 ], [ 2.626615971932694, 44.869225685416794 ], [ 2.618041055828472, 44.852972255660497 ], [ 2.60416224306108, 44.843091870007619 ], [ 2.610223737719411, 44.834019873467128 ], [ 2.609777049820182, 44.82728376642676 ], [ 2.598424500507179, 44.820769830980652 ], [ 2.600122717273042, 44.793666946632079 ], [ 2.590137159477335, 44.786283812338361 ], [ 2.586563562950881, 44.783992718154664 ], [ 2.578243154289092, 44.785951103170611 ], [ 2.564485945220912, 44.778092083389467 ], [ 2.563363528911399, 44.77124519872676 ], [ 2.560675264911786, 44.761042926761277 ], [ 2.553677951420406, 44.757422688938441 ], [ 2.554239726443861, 44.739148510267903 ], [ 2.55414157776789, 44.733998322147151 ], [ 2.55212823330989, 44.731460322690069 ], [ 2.549397371602439, 44.728649278281601 ], [ 2.55623000846163, 44.722230645010171 ], [ 2.536400169040924, 44.711957925286086 ], [ 2.520134260039778, 44.702048285815174 ], [ 2.518885094457085, 44.699026845871067 ], [ 2.516627329233623, 44.695883955932061 ], [ 2.500495828068304, 44.688807989562875 ], [ 2.489175768397987, 44.669255850099916 ], [ 2.489523588297414, 44.658715013405008 ], [ 2.484685422004238, 44.652588607455542 ], [ 2.476306431520972, 44.650334542284355 ], [ 2.471964678888759, 44.652024454286163 ], [ 2.468999762086834, 44.649453435366212 ], [ 2.468040102701019, 44.64289471730357 ], [ 2.450107994672715, 44.648082718057708 ], [ 2.435650356783709, 44.639745225165427 ], [ 2.404766324223806, 44.647181794063933 ], [ 2.401279108803445, 44.645416400765306 ], [ 2.39713446825301, 44.646186147386558 ], [ 2.392670954936091, 44.644937327100727 ], [ 2.380878213551116, 44.64967052783684 ], [ 2.365289595536791, 44.641848618146824 ], [ 2.35098402806381, 44.641234419372893 ], [ 2.33504340664229, 44.648837295774264 ], [ 2.336616517525091, 44.658768085045878 ], [ 2.332220863207285, 44.664593632080205 ], [ 2.329813494341796, 44.666532744738632 ], [ 2.324130165836907, 44.66915408726166 ], [ 2.320317321109251, 44.667285096866408 ], [ 2.303361442203217, 44.663200268240466 ], [ 2.286188845947854, 44.666457975624645 ], [ 2.274460530803125, 44.661213893486369 ], [ 2.270053572308372, 44.660581695663012 ], [ 2.265206121264246, 44.660846709899438 ], [ 2.250538847448833, 44.652042295159106 ], [ 2.227114985057709, 44.654032863256326 ], [ 2.208413991565644, 44.643844101683413 ], [ 2.217619500011767, 44.624796041538467 ], [ 2.220569798901172, 44.622034936905976 ], [ 2.216622400391905, 44.621250781730865 ], [ 2.20747528553082, 44.615531676529812 ], [ 2.204863595814908, 44.618393896332144 ], [ 2.17655492666366, 44.635472639241449 ], [ 2.17232631881445, 44.635783190573221 ], [ 2.169418986484076, 44.637985171951989 ], [ 2.169540676365718, 44.647700513200007 ], [ 2.173734729000363, 44.653250883415048 ], [ 2.169023417385626, 44.658833602803249 ], [ 2.166010129103491, 44.661286818848616 ], [ 2.176250613514879, 44.671834320018014 ], [ 2.17915233871047, 44.674448824774828 ], [ 2.1585460445123, 44.697351596480111 ], [ 2.15466580094594, 44.699365802650547 ], [ 2.142949061415587, 44.693702617373837 ], [ 2.138291386952896, 44.692883163358957 ], [ 2.1328733513043, 44.697189495144421 ], [ 2.130063672994608, 44.699301260278126 ], [ 2.133279388216041, 44.709356302368484 ], [ 2.148087185042006, 44.722850347041003 ], [ 2.154692335062194, 44.74974040975723 ], [ 2.153491916009514, 44.753107579025254 ], [ 2.148907991602344, 44.7662897336591 ], [ 2.149147032605962, 44.769703938576171 ], [ 2.150974889012869, 44.770024077506861 ], [ 2.155249313512372, 44.771551335891019 ], [ 2.164662977116167, 44.772595066396015 ], [ 2.16850647284125, 44.781933705966004 ], [ 2.169882080914923, 44.784663112550277 ], [ 2.171632826445437, 44.790258467985275 ], [ 2.169115001431905, 44.792940728383357 ], [ 2.166053357533301, 44.799022240032237 ], [ 2.166289813136657, 44.812070391644376 ], [ 2.144397499344886, 44.82352755822108 ], [ 2.13980050301671, 44.823825152193649 ], [ 2.136777644699307, 44.826241704826245 ], [ 2.127672578311145, 44.840630658844184 ], [ 2.127145857686562, 44.843579785460236 ], [ 2.117213433342379, 44.848255280347672 ], [ 2.097413737159612, 44.87056990813636 ], [ 2.093510013042831, 44.872374922292288 ], [ 2.084512059387847, 44.888373298022394 ], [ 2.085431915826653, 44.898771569520079 ], [ 2.10811041477817, 44.910598215991669 ], [ 2.1051146445044, 44.913320377711948 ], [ 2.102335396609659, 44.919915980947167 ], [ 2.076351349038701, 44.934785048677725 ], [ 2.080703038894317, 44.951577954703907 ], [ 2.079176426560853, 44.954968924965762 ], [ 2.062914291973037, 44.976506405515664 ], [ 2.084729812544009, 44.982991043639402 ], [ 2.089121481050718, 44.984440761427336 ], [ 2.093554348841017, 44.985710554199599 ], [ 2.106207908571202, 44.98150887597032 ], [ 2.133292646703731, 44.985748070431796 ], [ 2.139894732708354, 45.001997975387553 ], [ 2.140895824126054, 45.005409328465987 ], [ 2.137833118977633, 45.008131957451887 ], [ 2.116937942485249, 45.021969902419137 ], [ 2.110261945185171, 45.038610893702128 ], [ 2.095159326327227, 45.056038888331045 ], [ 2.098369723598184, 45.059423587134326 ], [ 2.10020809228386, 45.062031739972092 ], [ 2.102111769544233, 45.062164156597603 ], [ 2.133316808399324, 45.081806885641633 ], [ 2.138101216666862, 45.081447791279516 ], [ 2.143402882702761, 45.0863150655059 ], [ 2.161012029090233, 45.085152363065227 ], [ 2.168152436588506, 45.081072842734379 ], [ 2.172775673513129, 45.081278338458873 ], [ 2.179370477164191, 45.094374530154383 ], [ 2.17886201734692, 45.10476194433631 ], [ 2.187932179623787, 45.116714293863353 ], [ 2.18110275600749, 45.13321466828009 ], [ 2.178792952324359, 45.136304257159125 ], [ 2.193101856515069, 45.135661294352154 ], [ 2.201410279686542, 45.139151804901026 ], [ 2.210419336620932, 45.14715792353666 ], [ 2.211364012010733, 45.160464325215933 ], [ 2.225778039554335, 45.1609164246603 ], [ 2.230422508495198, 45.161921037653563 ], [ 2.23300857364242, 45.167314554871815 ], [ 2.2016890715434, 45.181979560608731 ], [ 2.198415430976709, 45.198929852660449 ], [ 2.191141274179822, 45.20344277414361 ], [ 2.192535748809448, 45.219751351552702 ], [ 2.1911627889864, 45.223055153423651 ], [ 2.198876423369897, 45.221832060143925 ], [ 2.203062191112157, 45.223158671677574 ], [ 2.202299809011026, 45.226575018557369 ], [ 2.221133125515234, 45.23754953808038 ], [ 2.225316678933766, 45.243746840255127 ], [ 2.238564077394056, 45.247205631150898 ], [ 2.239007688870762, 45.26047259965717 ], [ 2.244194008549037, 45.266342843905704 ], [ 2.257830005693282, 45.269837968222284 ], [ 2.261549725268484, 45.279767797299712 ], [ 2.261733500055471, 45.283226831377441 ], [ 2.267931711547269, 45.287184633793359 ], [ 2.269694934169573, 45.289888578543454 ], [ 2.27324425018903, 45.289668566130729 ], [ 2.27613385089579, 45.288183510662655 ], [ 2.29032826256136, 45.288472568915374 ], [ 2.30528347176293, 45.306539879450185 ], [ 2.306146248156934, 45.310012058457424 ], [ 2.316930334424817, 45.32141537800554 ], [ 2.335033936384844, 45.326422976382659 ], [ 2.339866449581553, 45.325812243600666 ], [ 2.353415128753822, 45.329790374317184 ], [ 2.358813010321077, 45.335521417734171 ], [ 2.358556051734606, 45.338986770481284 ], [ 2.351509257432279, 45.347653775242378 ], [ 2.364432298045481, 45.357750166079725 ], [ 2.364622238584134, 45.374680229252128 ], [ 2.363484732362035, 45.380301770824993 ], [ 2.368799411001631, 45.386004862149761 ], [ 2.350249924178516, 45.409608581733082 ], [ 2.355134599689594, 45.415030696159484 ], [ 2.361706890748256, 45.414987263214975 ], [ 2.376967581536397, 45.414316701880402 ], [ 2.380990868907147, 45.413537557813093 ], [ 2.393587884357101, 45.408518680591136 ], [ 2.396443725396282, 45.402167692986637 ], [ 2.404119340761224, 45.398021531341044 ], [ 2.418301091510176, 45.397357640905206 ], [ 2.423123828062222, 45.396959343358532 ], [ 2.435245396792334, 45.390186466761143 ], [ 2.437850800173587, 45.387822312480026 ], [ 2.441551515271344, 45.384527070617182 ], [ 2.468389896760739, 45.382811646416997 ], [ 2.476366998006366, 45.371566316756073 ], [ 2.480204354877863, 45.36969320263055 ], [ 2.485575168114515, 45.378794723749245 ], [ 2.508434374697157, 45.380130988638939 ], [ 2.520664454953262, 45.38433513421905 ], [ 2.523371797365459, 45.381546228239479 ], [ 2.523509989940584, 45.384806509308724 ], [ 2.527254638840437, 45.390756455657794 ], [ 2.522232675324966, 45.402603350570701 ], [ 2.517482353104161, 45.402051724290494 ], [ 2.487537976270075, 45.418172379267688 ], [ 2.492279394716161, 45.424020026568677 ], [ 2.496051192283999, 45.443829524363082 ], [ 2.496878068243656, 45.447165006366525 ], [ 2.501585173688907, 45.451517321151321 ], [ 2.499700989147169, 45.460432687162097 ], [ 2.503694918732501, 45.461684081801465 ], [ 2.509307394356731, 45.472397467503491 ], [ 2.508408617426886, 45.478507803214015 ], [ 2.513889603566845, 45.49284033890978 ], [ 2.510568749487142, 45.497742552028782 ], [ 2.50899741577307, 45.50023003290363 ], [ 2.509566781475323, 45.50680605986409 ], [ 2.518362323641493, 45.518910629656986 ], [ 2.514877140805138, 45.524892871020775 ], [ 2.517910832598641, 45.531074266829705 ], [ 2.51497984332397, 45.540994034344948 ], [ 2.518148231637369, 45.543574057912743 ], [ 2.516672586325323, 45.551149838965991 ], [ 2.515879720921121, 45.55388391511012 ], [ 2.507604387346355, 45.553352695430029 ], [ 2.49629356712228, 45.556832498732149 ], [ 2.488221116330831, 45.569015719311047 ], [ 2.474279675450193, 45.579018922583984 ], [ 2.463471988729131, 45.594681544460066 ], [ 2.465475724246918, 45.601048599674243 ], [ 2.474685672307143, 45.606549003048585 ], [ 2.478431877957482, 45.60791718025682 ], [ 2.48202577729477, 45.635209889407498 ], [ 2.486286718782408, 45.640821520565083 ], [ 2.513976578223647, 45.639440648626675 ], [ 2.517926371410995, 45.639907882203211 ], [ 2.519069518628063, 45.644271180900148 ], [ 2.518942413678855, 45.647080191562573 ], [ 2.526007331388632, 45.655673893867984 ], [ 2.514490003771725, 45.665809470225668 ], [ 2.514537238288312, 45.672140189277755 ], [ 2.524542453385651, 45.681214883519552 ], [ 2.528683644085077, 45.682195821011966 ], [ 2.526321432244067, 45.685004478985491 ], [ 2.525830237909313, 45.694349610108162 ], [ 2.521281444124113, 45.695825208126493 ], [ 2.521625941480461, 45.709487284306263 ], [ 2.492125558241732, 45.737670095407047 ], [ 2.485224176904483, 45.746859990508646 ], [ 2.471269205131856, 45.749496956511955 ], [ 2.466989617392677, 45.755780374042054 ], [ 2.454754063066022, 45.76116097430112 ], [ 2.450512782783118, 45.759429425768161 ], [ 2.442297734931691, 45.761406255783783 ], [ 2.434118730275927, 45.769857352447197 ], [ 2.43345575407153, 45.773023828462613 ], [ 2.430863033629014, 45.788616668326576 ], [ 2.389332734740925, 45.824024075807628 ], [ 2.388020430871204, 45.827375905124242 ], [ 2.402109774323628, 45.837122920622292 ], [ 2.426321027021473, 45.834303783143227 ], [ 2.432688297081214, 45.839000606222079 ], [ 2.438950874928703, 45.846497145428636 ], [ 2.447822837106944, 45.845820441424571 ], [ 2.449666007531223, 45.852223080815413 ], [ 2.443406378574222, 45.857001166870099 ], [ 2.442696253009793, 45.863508386134455 ], [ 2.443424076316438, 45.866744819516832 ], [ 2.465348938727105, 45.86821043124165 ], [ 2.465266914301905, 45.871352832903177 ], [ 2.474279711721969, 45.871160976562827 ], [ 2.487570573455101, 45.864216033475508 ], [ 2.492225410180874, 45.864029924679166 ], [ 2.501580067842189, 45.875787201693207 ], [ 2.502118850896894, 45.886082407957794 ], [ 2.511845074500906, 45.887124383952042 ], [ 2.549707048862127, 45.908902684397212 ], [ 2.553195643640688, 45.91139291276648 ], [ 2.557840155117605, 45.91296003428333 ], [ 2.543889864011733, 45.916614738544943 ], [ 2.54260774233077, 45.923417401353042 ], [ 2.544086567996766, 45.930267228988015 ], [ 2.553173725697172, 45.937966792496283 ], [ 2.551636790968863, 45.941265575763261 ], [ 2.568835225203987, 45.947140665391572 ], [ 2.565828273815164, 45.956863645295584 ], [ 2.602149276184149, 45.96552488441764 ], [ 2.606830330303215, 45.966423728920155 ], [ 2.610788880942781, 45.972731924717436 ], [ 2.600090676798124, 45.984050007520239 ], [ 2.596790589393557, 45.986649770253877 ], [ 2.593557485319906, 45.999380351176157 ], [ 2.598839199406595, 46.008656354191217 ], [ 2.598287013965686, 46.01525508999692 ], [ 2.601760562579527, 46.021057585394743 ], [ 2.600116380965609, 46.03029996515555 ], [ 2.602696375840893, 46.03287547002212 ], [ 2.59921234109364, 46.035492675731625 ], [ 2.57349659985775, 46.04700635456831 ], [ 2.554676990815284, 46.076128382412662 ], [ 2.550659153383326, 46.086441328538022 ], [ 2.552621375221641, 46.093400972792693 ], [ 2.550965678263308, 46.09960791116562 ], [ 2.549019207363576, 46.112801577075729 ], [ 2.550522557941016, 46.118957974578194 ], [ 2.554640828354475, 46.120505056516372 ], [ 2.559959432234231, 46.132277342284638 ], [ 2.559208182923415, 46.138731024836929 ], [ 2.563984610170453, 46.140811607061146 ], [ 2.56537898739376, 46.143041187563128 ], [ 2.559154814880774, 46.174408639373517 ], [ 2.554590234732276, 46.174633978630162 ], [ 2.541834308367275, 46.176294226766771 ], [ 2.528499034018372, 46.18493853062575 ], [ 2.526101570669093, 46.187819168882939 ], [ 2.52830281697421, 46.194185854061736 ], [ 2.521757408759782, 46.202767292727032 ], [ 2.515202923937372, 46.238543374765946 ], [ 2.516311083389454, 46.239439582772555 ], [ 2.511508602367686, 46.239518123566732 ], [ 2.501979969657199, 46.246977970270606 ], [ 2.488920185001238, 46.250008784396698 ], [ 2.487941349417484, 46.253354238764999 ], [ 2.47777252959699, 46.268814619586834 ], [ 2.47957987178481, 46.275387519146214 ], [ 2.480300398003517, 46.278830707016915 ], [ 2.470214549905419, 46.286348406781713 ], [ 2.443031552582682, 46.294998578986899 ], [ 2.438446444628972, 46.293661340746517 ], [ 2.430240742525757, 46.290738995534859 ], [ 2.426006133941725, 46.284531300252802 ], [ 2.421373787567287, 46.285327315303434 ], [ 2.415615095000831, 46.297931934206659 ], [ 2.420656668929864, 46.310132428789032 ], [ 2.415900612439658, 46.311350835722209 ], [ 2.388164226718595, 46.331565582905618 ], [ 2.386079736862987, 46.331968604910571 ], [ 2.383784752346289, 46.329128653997479 ], [ 2.370610338335425, 46.312721573490101 ], [ 2.366209834679249, 46.311175333126783 ], [ 2.357931919028448, 46.323366825029062 ], [ 2.334253841204362, 46.32516705817163 ], [ 2.314585613180375, 46.334640863575999 ], [ 2.311619795746664, 46.340971554764685 ], [ 2.302110473451157, 46.342363555562443 ], [ 2.307829452077422, 46.347666372650309 ], [ 2.309602294083525, 46.356592109344007 ], [ 2.323261766649269, 46.365778054748915 ], [ 2.33714173566246, 46.365742496844454 ], [ 2.336464275127345, 46.369043391034303 ], [ 2.335474744465913, 46.37232445278903 ], [ 2.331406304834916, 46.378415068794361 ], [ 2.312478871092656, 46.376060330275159 ], [ 2.300942432055161, 46.381861492939244 ], [ 2.286935813716336, 46.383305668962478 ], [ 2.284788522942403, 46.386308912700819 ], [ 2.284575983093677, 46.38962142847268 ], [ 2.278416366020158, 46.408655265432159 ], [ 2.282033013641801, 46.410821259557629 ], [ 2.279480562371635, 46.413839861630485 ], [ 2.281047610130065, 46.420405373181026 ], [ 2.278431541624116, 46.427214647216132 ], [ 2.284665622664718, 46.451360136778149 ], [ 2.305465362068146, 46.475432514703776 ], [ 2.313096941097923, 46.470769083963127 ], [ 2.316996100839727, 46.468505214051746 ], [ 2.321409090338642, 46.468909708910111 ], [ 2.330813852658597, 46.47886150997666 ], [ 2.329630340959712, 46.481826176109102 ], [ 2.324968569508763, 46.487741942420065 ], [ 2.334315249856641, 46.499566061412906 ], [ 2.363696532476795, 46.517238626597354 ], [ 2.368300280591127, 46.518434763382942 ], [ 2.38409858143027, 46.518295802221012 ], [ 2.41463413907002, 46.520833390930122 ], [ 2.42780763911539, 46.525978695417137 ], [ 2.437938605480954, 46.525281529775754 ], [ 2.446148414179142, 46.52104434671039 ], [ 2.478655004948066, 46.530724042339024 ], [ 2.482928804775877, 46.532697444644008 ], [ 2.496525654891881, 46.531155260334167 ], [ 2.500235390999904, 46.522148878703931 ], [ 2.509759654626474, 46.523450741582522 ], [ 2.520282499857105, 46.529924654048621 ], [ 2.529407604005318, 46.52780144466039 ], [ 2.53268238539404, 46.521700733012572 ], [ 2.536651944236374, 46.519708850229428 ], [ 2.540403148232221, 46.521921110665225 ], [ 2.551790308019389, 46.528404586536567 ], [ 2.570133419433719, 46.533409490842992 ], [ 2.576552329448606, 46.538521009614769 ], [ 2.613262271367891, 46.554607000192 ], [ 2.605667969096954, 46.563288455913728 ], [ 2.609356295349045, 46.569613256401603 ], [ 2.608340008999607, 46.572950451447603 ], [ 2.59846058156509, 46.595310365180346 ], [ 2.583888257009728, 46.594592025536599 ], [ 2.577380353550971, 46.606733224653766 ], [ 2.568383393043465, 46.609392015657342 ], [ 2.572922015094982, 46.61045353853175 ], [ 2.588656885608783, 46.616949274035377 ], [ 2.584599353380158, 46.626362261980212 ], [ 2.596324693858384, 46.636723191453505 ], [ 2.593100474986189, 46.646580586560283 ], [ 2.588996580264515, 46.648096691226897 ], [ 2.566995239868939, 46.652481885085017 ], [ 2.570439362498545, 46.6568079284757 ], [ 2.570550715916655, 46.659266534721418 ], [ 2.606154625224521, 46.669299085838688 ], [ 2.607039914719292, 46.662638926238941 ], [ 2.623913816878941, 46.656626585968894 ], [ 2.631559994954789, 46.668798222913814 ], [ 2.631837780193117, 46.67220273876277 ], [ 2.621637693385702, 46.679273934319575 ], [ 2.623478232381221, 46.689310749419356 ], [ 2.628221312753614, 46.690307678973767 ], [ 2.648080552773412, 46.68895663494164 ], [ 2.656179379582205, 46.697355128360385 ], [ 2.674262314837088, 46.702279157713257 ], [ 2.677795383170071, 46.704612215378802 ], [ 2.676174523579884, 46.710838558866769 ], [ 2.688603338986335, 46.721182726415748 ], [ 2.698462840965719, 46.721064976600815 ], [ 2.703897784226279, 46.725599205913213 ], [ 2.704832967975679, 46.739035779439327 ], [ 2.730642090457197, 46.747995254925279 ], [ 2.734528130455327, 46.746221491701263 ], [ 2.743797447764635, 46.730548386529357 ], [ 2.755115266350652, 46.723910027206607 ], [ 2.758521155457045, 46.717659365577141 ], [ 2.771375304083497, 46.721260323654548 ], [ 2.774749707681622, 46.718952931124669 ], [ 2.782748080980878, 46.722461946422868 ], [ 2.793415960855045, 46.733556690614009 ], [ 2.822560879242511, 46.735415240620462 ], [ 2.82748528478533, 46.735332702366613 ], [ 2.841167959596951, 46.727320791981946 ], [ 2.845726733090454, 46.726615683344754 ], [ 2.843818014510696, 46.739227827553528 ], [ 2.844634156948538, 46.742362350342738 ], [ 2.875345791180723, 46.760641968317813 ], [ 2.880421859190853, 46.770029538419287 ], [ 2.894343845055787, 46.774167008325861 ], [ 2.898967264154719, 46.77567483069037 ], [ 2.910923563929242, 46.781348217648784 ], [ 2.908912919668182, 46.784471016990821 ], [ 2.912940985067784, 46.790191647672842 ], [ 2.936099036422424, 46.79539311949798 ], [ 2.939890437513807, 46.793189200579818 ], [ 2.944387384995055, 46.792993377144732 ], [ 2.952502748147393, 46.792681878451617 ], [ 2.959914690820694, 46.80387657677332 ], [ 2.979898507526256, 46.803422607054863 ], [ 2.996604262242486, 46.796959501795577 ], [ 3.016140442259341, 46.799830669839345 ], [ 3.027583628727335, 46.793372679631773 ], [ 3.032068189394675, 46.794911188525951 ], [ 3.036263978750062, 46.775965627192065 ], [ 3.037546186455272, 46.772831831414322 ], [ 3.049549785164861, 46.757718573394591 ], [ 3.079604739468691, 46.739963725936349 ], [ 3.083478141172352, 46.73777298938225 ], [ 3.100536658623587, 46.734292757478833 ], [ 3.104672799726408, 46.733181561026399 ], [ 3.129056323293419, 46.727493178236841 ], [ 3.143329333405318, 46.712736520817813 ], [ 3.146987879039586, 46.710210738412627 ], [ 3.14924697997627, 46.708217909678908 ], [ 3.167414483680757, 46.690967894380869 ], [ 3.199366245446263, 46.679499509015777 ], [ 3.20442642479371, 46.678752258907821 ], [ 3.226936029159307, 46.690001217959626 ], [ 3.229528017009187, 46.696461071221421 ], [ 3.234216995659977, 46.697370024293598 ], [ 3.259772738658428, 46.707660829148715 ], [ 3.268544273785627, 46.715924475850827 ], [ 3.278417292690736, 46.716324152728042 ], [ 3.282979202830708, 46.714971378709343 ], [ 3.283372874820402, 46.71515049096697 ], [ 3.298052213593199, 46.71587867368806 ], [ 3.304498674534342, 46.702841704404015 ], [ 3.318052425728365, 46.688443215525766 ], [ 3.337856191877994, 46.685253136819497 ], [ 3.35253221045806, 46.686595639718945 ], [ 3.356914396138092, 46.68841896055563 ], [ 3.366416172272748, 46.690676093512003 ], [ 3.385292098205182, 46.71376417074616 ], [ 3.390052239519375, 46.71489163186272 ], [ 3.414608819468596, 46.711104832003144 ], [ 3.434214102235092, 46.712220909751451 ], [ 3.430010689306313, 46.698829388589537 ], [ 3.436014715049038, 46.693548234404844 ], [ 3.44592340039682, 46.692249557547079 ], [ 3.452896460248159, 46.687332910237942 ], [ 3.452928058929907, 46.676995822849008 ], [ 3.447400455645512, 46.671389803359723 ], [ 3.443454664090886, 46.66233774731834 ], [ 3.454090417328842, 46.654840511746826 ], [ 3.45570982726095, 46.651466448739569 ], [ 3.474191317766814, 46.653534556597627 ], [ 3.483132303264268, 46.651678345949293 ], [ 3.486668840850767, 46.653806439027882 ], [ 3.486833915916203, 46.660559035080134 ], [ 3.52047221865964, 46.685236410852262 ], [ 3.529450775160521, 46.688202790461787 ], [ 3.534364051223088, 46.687522695771406 ], [ 3.542814834100646, 46.679460122209555 ], [ 3.550406491962749, 46.68239540270806 ], [ 3.554262492500698, 46.684600924848347 ], [ 3.559852572671176, 46.689985423455717 ], [ 3.548900276972424, 46.705552849015078 ], [ 3.547909801320102, 46.718956023269627 ], [ 3.547722112606175, 46.722414574350744 ], [ 3.564075634182089, 46.716113407595401 ], [ 3.568891272393635, 46.715909558935493 ], [ 3.57304263759967, 46.720994371392557 ], [ 3.576977793562067, 46.722910595049804 ], [ 3.580593599814212, 46.716976517186829 ], [ 3.595819179318784, 46.725290563820117 ], [ 3.578083294148845, 46.749269632853185 ], [ 3.592562208304013, 46.762801312598434 ], [ 3.596399232112489, 46.764987503966921 ], [ 3.601825632387351, 46.752128122162993 ], [ 3.626403814214439, 46.752266865444142 ], [ 3.629423683496477, 46.74945902193754 ], [ 3.628874219269325, 46.746130432304398 ], [ 3.622801674987134, 46.740895986962947 ], [ 3.637681057097617, 46.724192287477187 ], [ 3.637641935383821, 46.707480341077691 ], [ 3.651137878461326, 46.704235016707408 ], [ 3.654644128491839, 46.691068571602102 ], [ 3.655467763014639, 46.687750224818025 ], [ 3.671974317359258, 46.681909876198453 ], [ 3.670584075082877, 46.672094090096195 ], [ 3.692295531530335, 46.663599885200625 ], [ 3.698334961760699, 46.658259579915615 ], [ 3.699363956865124, 46.654885596806309 ], [ 3.699613399429658, 46.651912562074259 ], [ 3.703415564849418, 46.647630126897049 ], [ 3.704613176789398, 46.645200534904433 ], [ 3.712707824373977, 46.633327428250013 ], [ 3.716206280948366, 46.630973420162064 ], [ 3.723234254813767, 46.622771068572114 ], [ 3.713443994497546, 46.610721154105093 ], [ 3.719593892609837, 46.60544196527507 ], [ 3.734557441058002, 46.603780182261282 ], [ 3.737848216859327, 46.587280373555075 ], [ 3.73901646021588, 46.583860040155955 ], [ 3.740263926001344, 46.578593202877521 ], [ 3.740436606335571, 46.575926675052493 ], [ 3.74328470265186, 46.566462206518899 ], [ 3.741006333614319, 46.560218645121182 ], [ 3.737007795275079, 46.556075237917661 ], [ 3.734269589310638, 46.554363914651582 ], [ 3.732679471354948, 46.54774656828998 ], [ 3.741847467885637, 46.539547143816584 ], [ 3.755776487523999, 46.536151211704244 ], [ 3.770248096752043, 46.538954274586736 ], [ 3.777915707824309, 46.531257260367468 ], [ 3.780666488803603, 46.528365963099681 ], [ 3.794429206072107, 46.527343714991396 ], [ 3.807423254219479, 46.519382431467292 ], [ 3.811745979849747, 46.520585513338681 ], [ 3.837014151941563, 46.531605580495629 ], [ 3.846290635617538, 46.524009181245653 ], [ 3.840125542234661, 46.518453530446287 ], [ 3.84503845742334, 46.513086385896905 ], [ 3.845818738154779, 46.512936538107709 ], [ 3.855142976540205, 46.51531656207694 ], [ 3.863827557393091, 46.512675865968006 ], [ 3.860414035264144, 46.49556503139015 ], [ 3.865262031741186, 46.489648146972179 ], [ 3.887972691925144, 46.482359978834623 ], [ 3.89734064109781, 46.482052687407474 ], [ 3.898790814377659, 46.485409203436099 ], [ 3.902949856949669, 46.491725025273297 ], [ 3.911474787592394, 46.495493552305582 ], [ 3.916492120249248, 46.496101811211965 ], [ 3.9341506785476, 46.490952039799453 ], [ 3.95347511751015, 46.491792075892818 ], [ 3.957963331803741, 46.490475820691955 ], [ 3.952282110057076, 46.478726504534571 ], [ 3.960553817718322, 46.477657710807044 ], [ 3.965148208435984, 46.477997224634002 ], [ 3.974340050243296, 46.479567189892691 ], [ 4.000962643718259, 46.46201101101439 ], [ 4.001541422723866, 46.458755032677544 ], [ 3.99751925347058, 46.45257657537347 ], [ 4.002835413584497, 46.440534969221694 ], [ 3.989353285544092, 46.436951373930341 ], [ 3.995438169453697, 46.428487539600056 ], [ 3.995311344798406, 46.425102645360688 ], [ 3.991706403166835, 46.423080799911723 ], [ 3.984117941012563, 46.419661403166238 ], [ 3.98463348133604, 46.416478082119866 ], [ 3.987989348490841, 46.407650884695208 ], [ 3.977568731160593, 46.397870769155062 ], [ 3.980860102082424, 46.388350899133179 ], [ 3.981869960237619, 46.385163325162608 ], [ 3.991544456622782, 46.370418911047501 ], [ 3.988307761776535, 46.354021171773482 ], [ 3.98739032470037, 46.350751154332734 ], [ 3.987604836159759, 46.347507351729327 ], [ 3.985653016652253, 46.32868491974255 ], [ 3.994357110918885, 46.327654741648288 ], [ 4.005259128984827, 46.327406016687689 ], [ 3.985659460459651, 46.317500122678268 ], [ 3.971744934504413, 46.320726493023308 ], [ 3.947643642408099, 46.319029316447235 ], [ 3.947853044015411, 46.305609549631832 ], [ 3.947858488242173, 46.303673344654278 ], [ 3.931632493074786, 46.29622465911055 ], [ 3.901973466433756, 46.293158402605513 ], [ 3.892627383337132, 46.284857064330502 ], [ 3.899533541123557, 46.275914443406414 ], [ 3.903774800777386, 46.274007744464939 ], [ 3.906644482493972, 46.263790849469245 ], [ 3.908760255245321, 46.260622096653563 ], [ 3.907418412808262, 46.243891784058491 ], [ 3.89739160504948, 46.237145209904725 ], [ 3.897327744192332, 46.226906583172706 ], [ 3.890132327734541, 46.214490641438708 ], [ 3.905495592235873, 46.209227279050573 ], [ 3.909456174042776, 46.207925912017238 ], [ 3.917106269548999, 46.203884075419609 ], [ 3.936211672978623, 46.206195889585963 ], [ 3.960313988377974, 46.203401334690639 ], [ 3.965168285194796, 46.202864935345794 ], [ 3.972570358526316, 46.199730988523434 ], [ 3.971497251351317, 46.189671990758427 ], [ 3.9807979055512, 46.181892398735528 ], [ 3.985072596906217, 46.172300546032226 ], [ 3.988528483757208, 46.169857050150114 ], [ 4.018044479815724, 46.172018988885654 ], [ 4.027487710237736, 46.169592548129089 ], [ 4.031148884573616, 46.171972895009205 ], [ 4.046012738286197, 46.179221690875394 ], [ 4.050072754185954, 46.180688198932522 ], [ 4.056680707340065, 46.185859247114223 ], [ 4.059972447963717, 46.188458253330396 ], [ 4.067331425617725, 46.186813410790748 ], [ 4.07863482723332, 46.190606184874234 ], [ 4.082922268027997, 46.191024717030054 ], [ 4.09943491357746, 46.197107190451462 ], [ 4.103832275402551, 46.198442460447332 ], [ 4.13285345288091, 46.180685834130379 ], [ 4.133393277727913, 46.17732129820142 ], [ 4.133846930473126, 46.177316773640641 ], [ 4.138591276078256, 46.176665959129224 ], [ 4.143322172547659, 46.175997069136834 ], [ 4.178132571539771, 46.173687300189584 ], [ 4.186752163687205, 46.176632600248524 ], [ 4.184851494883449, 46.179867522883157 ], [ 4.184930477460939, 46.19012437265966 ], [ 4.189229344009333, 46.188638547557979 ], [ 4.206215245773967, 46.194493539419994 ], [ 4.215845172809585, 46.187222263716912 ], [ 4.219558372988187, 46.185102122502457 ], [ 4.223364575370377, 46.18018901807865 ], [ 4.224992919293857, 46.177631807975395 ], [ 4.226578156706693, 46.178371210503826 ], [ 4.232490604496354, 46.179550073671507 ], [ 4.240915519627645, 46.186897329799812 ], [ 4.255015671215673, 46.187129797112313 ], [ 4.258146236482693, 46.184546498580325 ], [ 4.261911207310584, 46.175174551665087 ], [ 4.253409376993175, 46.167343359245514 ], [ 4.24865987417925, 46.167107454172587 ], [ 4.253191763641448, 46.157817418331156 ], [ 4.277541212639805, 46.156609612213586 ], [ 4.28243181855618, 46.156815690873998 ], [ 4.2902813220998, 46.169317293242734 ], [ 4.298212197335847, 46.17305455077318 ], [ 4.302870379862416, 46.174325139059931 ], [ 4.309176187874013, 46.172919775641169 ], [ 4.311831389034795, 46.171196012331109 ], [ 4.316410015348407, 46.171305178446744 ], [ 4.326396959047386, 46.181708206323968 ], [ 4.32664256511493, 46.184893505476559 ], [ 4.334903336509447, 46.181743718667363 ], [ 4.346643166732911, 46.187261106213775 ], [ 4.358511268876207, 46.182679851454559 ], [ 4.36632034219092, 46.185423204682067 ], [ 4.370805516375084, 46.18433349330698 ], [ 4.373497686932891, 46.187246025519713 ], [ 4.363353466287566, 46.198562821695148 ], [ 4.374769090309238, 46.209511996914827 ], [ 4.388415761966769, 46.21308379031597 ], [ 4.388079599211405, 46.219788516715013 ], [ 4.386217365395997, 46.225674266486806 ], [ 4.385567536414634, 46.246162267269106 ], [ 4.388286004530707, 46.24791236219567 ], [ 4.396835116897812, 46.266522632175288 ], [ 4.396451309303364, 46.271840991096838 ], [ 4.396364396243378, 46.274543912035298 ], [ 4.398757221096853, 46.284322274279411 ], [ 4.407092481122367, 46.29273944662085 ], [ 4.405813600867774, 46.296060507571006 ], [ 4.410615539245804, 46.295343689136416 ], [ 4.424386854888176, 46.296298085934041 ], [ 4.427038879023315, 46.302830426532886 ], [ 4.437717454519065, 46.296283712804076 ], [ 4.439451591374278, 46.293055585790491 ], [ 4.453248416053393, 46.29643786587571 ], [ 4.462188093096718, 46.294017846649275 ], [ 4.475428237578892, 46.284399464267267 ], [ 4.48377542502377, 46.287064968770281 ], [ 4.488464517812677, 46.287994479239082 ], [ 4.501483902897545, 46.270071965462009 ], [ 4.504000758912898, 46.267138679529346 ], [ 4.542343091072179, 46.27196652440896 ], [ 4.546450419548178, 46.273919258990361 ], [ 4.548090378839162, 46.28322770753519 ], [ 4.555437388280732, 46.29126046922417 ], [ 4.557840785830265, 46.293992618989208 ], [ 4.570273455641543, 46.293029317333016 ], [ 4.57216068474665, 46.289977084193048 ], [ 4.572724510324361, 46.277044897639243 ], [ 4.58267150919654, 46.270215178436459 ], [ 4.586526980037194, 46.268360196586833 ], [ 4.614456310831472, 46.266400387158427 ], [ 4.618564521857397, 46.264792902986095 ], [ 4.620161717032425, 46.277955950796837 ], [ 4.617019082985388, 46.280621561291284 ], [ 4.635776552330896, 46.291918243763462 ], [ 4.63872466353078, 46.301422957435406 ], [ 4.653189191751487, 46.303177419286165 ], [ 4.664477708609297, 46.296618243137694 ], [ 4.679741273021557, 46.304518290902656 ], [ 4.693436090581569, 46.302325027857535 ], [ 4.692949524581821, 46.297099297731549 ], [ 4.693883744327219, 46.294536476639401 ], [ 4.703249222903225, 46.284840533868056 ], [ 4.707480172931124, 46.284705117883213 ], [ 4.710054441037523, 46.27894712136861 ], [ 4.707416825916861, 46.269763658971776 ], [ 4.700696082283518, 46.267477436563752 ], [ 4.694067583230835, 46.271512262814589 ], [ 4.684570477488776, 46.265933847167148 ], [ 4.680571003429818, 46.267217888993144 ], [ 4.681227537455479, 46.257300686055899 ], [ 4.690872577722378, 46.24964609070549 ], [ 4.705376531492453, 46.250960839876228 ], [ 4.70889875299166, 46.248584223328933 ], [ 4.720694172891205, 46.244263293094356 ], [ 4.736181353990845, 46.233201656378967 ], [ 4.733016181643432, 46.227512468512344 ], [ 4.720017526550353, 46.2285023650252 ], [ 4.731772790784044, 46.21321930437631 ], [ 4.73568190505094, 46.21170057664235 ], [ 4.721500962911199, 46.200126002248481 ], [ 4.721488532513892, 46.196838644251457 ], [ 4.720361516262471, 46.193577164505157 ], [ 4.724376057507027, 46.184311199463721 ], [ 4.733117672986062, 46.177792273083796 ], [ 4.759589739188397, 46.17360253081857 ], [ 4.763196642563972, 46.175699322326111 ], [ 4.771583569951093, 46.175640949495765 ], [ 4.775494364392379, 46.177093116258099 ], [ 4.780213475718938, 46.176677022719417 ], [ 4.780203231341763, 46.186747161124103 ], [ 4.792326647097268, 46.200968101800072 ], [ 4.792735156142174, 46.207509861415829 ], [ 4.794279951455436, 46.217051090634364 ], [ 4.795510001380115, 46.220139144844907 ], [ 4.797847471634117, 46.224542747164847 ], [ 4.800740826138938, 46.229658079983381 ], [ 4.808183811311372, 46.238105836891407 ], [ 4.810798463052546, 46.251232733588566 ], [ 4.810817158747501, 46.254547071478072 ], [ 4.81134139246462, 46.260582532770393 ], [ 4.816487827259363, 46.2654004169624 ], [ 4.824738956828608, 46.272933563994606 ], [ 4.826331892572855, 46.275907413639935 ], [ 4.832926069195373, 46.29943630786412 ], [ 4.83922772944985, 46.308684190211494 ], [ 4.841217378065683, 46.311804566864403 ], [ 4.849389211980616, 46.323219442152585 ], [ 4.85142310981038, 46.326077726513013 ], [ 4.85315570684606, 46.329247121642439 ], [ 4.852652406891156, 46.342793113332206 ], [ 4.852389821597915, 46.34617507369056 ], [ 4.850912439341696, 46.35286437709734 ], [ 4.856453915553411, 46.365123121423501 ], [ 4.858529979927813, 46.368016637927653 ], [ 4.863119556155964, 46.373255989726857 ], [ 4.865690621451418, 46.375762995633153 ], [ 4.867760276416327, 46.378061985399036 ], [ 4.873919178764019, 46.384986586242874 ], [ 4.884949890332796, 46.399882937598619 ], [ 4.887495995098051, 46.402732166365993 ], [ 4.889933913550233, 46.41712136041064 ], [ 4.891046678816421, 46.424056485280737 ], [ 4.891531565662778, 46.42752522728734 ], [ 4.891523175281615, 46.430290571921915 ], [ 4.89179654929081, 46.438554631963498 ], [ 4.892886958534452, 46.442571775900014 ], [ 4.894443551308239, 46.445374217272885 ], [ 4.91249720796277, 46.459322731297938 ], [ 4.914447665298689, 46.462163359439387 ], [ 4.915024314305382, 46.477105634251863 ], [ 4.914530148998859, 46.480113304628141 ], [ 4.914522266596615, 46.481374441156333 ], [ 4.915896016003368, 46.488187863649479 ], [ 4.925240528202, 46.496155330951048 ], [ 4.927681643450175, 46.499167629133737 ], [ 4.928836860565044, 46.501589091386926 ], [ 4.92961634886888, 46.504079934855191 ], [ 4.931736249325466, 46.509790719979698 ], [ 4.933591857139483, 46.512452503660228 ], [ 4.934744812255356, 46.513324713127133 ], [ 4.947244760253874, 46.514454615380224 ], [ 4.947368602584648, 46.50842667640606 ], [ 4.952797298938264, 46.504469983074635 ], [ 4.962655768226287, 46.506552993798721 ], [ 4.970037821790698, 46.514091238703664 ], [ 4.980215754890244, 46.515203487883845 ], [ 5.006368918410485, 46.509703478728746 ], [ 5.010594092028666, 46.511070445917085 ], [ 5.012447562294739, 46.502967198377796 ], [ 5.014232950187079, 46.500449707713585 ], [ 5.050900198875994, 46.486250436887651 ], [ 5.054751217074587, 46.48428067040107 ], [ 5.071448921356229, 46.485816799780103 ], [ 5.095258964915669, 46.497975513183356 ], [ 5.112817034314097, 46.492959318944195 ], [ 5.129065841849766, 46.500917950088471 ], [ 5.134030423900303, 46.501446921126195 ], [ 5.141168314618155, 46.508483666911381 ], [ 5.164302617782036, 46.504616091118002 ], [ 5.165839062473692, 46.517675429368779 ], [ 5.181672218123174, 46.509978960888148 ], [ 5.201220732767452, 46.507820705829054 ], [ 5.203564517209778, 46.504802919076148 ] ] ] ] } },
{ "type": "Feature", "properties": { "code_INSEE": 93, "NOM": "PROVENCE-ALPES-COTE-D'AZUR", "population": 4882913, "nb_dentist": 4409 }, "geometry": { "type": "MultiPolygon", "coordinates": [ [ [ [ 6.576530695925343, 45.123097200377231 ], [ 6.589940898031669, 45.11919594646556 ], [ 6.613530341473156, 45.120957378340442 ], [ 6.626688306205489, 45.111840957198638 ], [ 6.629987338137435, 45.109326928199934 ], [ 6.627004993192972, 45.102600818729137 ], [ 6.644249196618649, 45.0854080921358 ], [ 6.647346478964172, 45.075157450710869 ], [ 6.660508111607697, 45.070227812384452 ], [ 6.662417475185541, 45.066947171919246 ], [ 6.661697610816005, 45.052846565200063 ], [ 6.668214901222623, 45.043447148381446 ], [ 6.66598575880518, 45.033100927050228 ], [ 6.672269089864064, 45.023474579546267 ], [ 6.675736637661669, 45.020926412587087 ], [ 6.725591058509872, 45.020872534692089 ], [ 6.739483253292666, 45.016891027932168 ], [ 6.750322735110916, 44.997723073973084 ], [ 6.737363419870627, 44.992760071347902 ], [ 6.737851705650383, 44.989228268967906 ], [ 6.74642511858791, 44.986181487437449 ], [ 6.764229399599389, 44.966479622313827 ], [ 6.76271481908417, 44.956219029958653 ], [ 6.748994615442261, 44.937862002810867 ], [ 6.757844756085617, 44.935093202431325 ], [ 6.750298867553688, 44.922837162863388 ], [ 6.750462101436505, 44.908968594898042 ], [ 6.75101692046025, 44.905506631231404 ], [ 6.774269685167906, 44.901419552545683 ], [ 6.784785249687095, 44.889604989547365 ], [ 6.799305226372732, 44.888874560342515 ], [ 6.80727392171122, 44.876441740230653 ], [ 6.839717578591294, 44.860730106118517 ], [ 6.853711367647675, 44.857432467961473 ], [ 6.864814792987445, 44.850646129723096 ], [ 6.879270387761247, 44.850051339826898 ], [ 6.883381397333706, 44.848113645188612 ], [ 6.911827602074154, 44.845365176185744 ], [ 6.927466437474025, 44.858622648724783 ], [ 6.935782405273997, 44.861176505495131 ], [ 6.970288581178923, 44.84745243419794 ], [ 7.003334643280867, 44.840305613441828 ], [ 7.010604965586472, 44.827322851471429 ], [ 7.020876059012674, 44.820919805060484 ], [ 7.019276838585238, 44.813973210234231 ], [ 7.002505698942223, 44.792430795274001 ], [ 6.999397840955501, 44.789676340827576 ], [ 7.011426373318521, 44.783679353254037 ], [ 7.023419535856883, 44.768207703380206 ], [ 7.022397659999299, 44.750747177095306 ], [ 7.030782787265934, 44.730600758860561 ], [ 7.042603244146937, 44.719288804421851 ], [ 7.064780187577101, 44.711760285695398 ], [ 7.076003449968513, 44.684672365870057 ], [ 7.074445445915321, 44.68130415140682 ], [ 7.064806690646058, 44.680108348308316 ], [ 7.028776954717526, 44.691126572883277 ], [ 7.000216391429491, 44.689341727787138 ], [ 6.99541543229169, 44.690245434198204 ], [ 6.98623196645357, 44.688332239048918 ], [ 6.967940277952819, 44.677478882832631 ], [ 6.963183831830809, 44.678109183120817 ], [ 6.958268225609918, 44.672344952069494 ], [ 6.957565987864363, 44.662355444928522 ], [ 6.950626159862674, 44.657772156167972 ], [ 6.948335091404854, 44.654816299146738 ], [ 6.953784376232356, 44.637819439149879 ], [ 6.967177008401525, 44.622908000080422 ], [ 6.954003674647279, 44.619540360634687 ], [ 6.938621692733784, 44.602062311474022 ], [ 6.930576603968573, 44.574622956586651 ], [ 6.918222233445796, 44.568869903041595 ], [ 6.907838640014446, 44.557313268535971 ], [ 6.879201681227153, 44.551879207084191 ], [ 6.869948073157325, 44.539360403126324 ], [ 6.855214489063583, 44.530295425336973 ], [ 6.859817070281011, 44.505844446961689 ], [ 6.861337244513574, 44.502474452503073 ], [ 6.867760696012187, 44.493290404970082 ], [ 6.87102607066439, 44.490778333315866 ], [ 6.875476899396029, 44.489215907655868 ], [ 6.879457930521876, 44.479350861566751 ], [ 6.904245435458108, 44.467876092809185 ], [ 6.913403655020669, 44.451453847516767 ], [ 6.936453069966725, 44.438230428494016 ], [ 6.941298715612426, 44.429242272795484 ], [ 6.927683604278497, 44.424996963170855 ], [ 6.912919846340897, 44.424657425996465 ], [ 6.899047947415571, 44.420832418819614 ], [ 6.895391876905447, 44.418510362103348 ], [ 6.894163076131925, 44.415092926584258 ], [ 6.895942675207769, 44.372661243677264 ], [ 6.887045319555141, 44.36459434049425 ], [ 6.887430518376048, 44.361056828727676 ], [ 6.90644846012797, 44.357571001223505 ], [ 6.918807166778637, 44.351912950871302 ], [ 6.929162679408865, 44.332445546433597 ], [ 6.957209552625988, 44.312792033485991 ], [ 6.960882178175971, 44.295842027291123 ], [ 6.973696121851839, 44.286024055732426 ], [ 6.991837930390632, 44.281382533439547 ], [ 6.995891119825572, 44.274989276587121 ], [ 6.998107794328431, 44.250393987243072 ], [ 7.00701295286267, 44.237830023247035 ], [ 7.014605153673659, 44.233334596983035 ], [ 7.019263093917721, 44.232199722060379 ], [ 7.023876651190495, 44.233445632933439 ], [ 7.038886073003584, 44.224881811825291 ], [ 7.076442567909679, 44.231757727258021 ], [ 7.095703931845846, 44.221261194225839 ], [ 7.118449714433059, 44.214668207091222 ], [ 7.141895738771394, 44.20177062825212 ], [ 7.160278221801278, 44.205725719772431 ], [ 7.177321433144486, 44.199110931971234 ], [ 7.187028879990249, 44.200263995872518 ], [ 7.193170535446324, 44.190628168595872 ], [ 7.193611105845474, 44.187096036433374 ], [ 7.202643083965463, 44.184731141100315 ], [ 7.221237851502925, 44.169144202283739 ], [ 7.233961569646815, 44.172844780242919 ], [ 7.242278374416123, 44.17084663590839 ], [ 7.24991086118574, 44.158039829339565 ], [ 7.257824326755538, 44.154036973317069 ], [ 7.262782071748796, 44.148030312510194 ], [ 7.284329809919553, 44.142096940393017 ], [ 7.292968982517255, 44.144940642792271 ], [ 7.34094007845819, 44.145114514197878 ], [ 7.358979585328266, 44.117057852189703 ], [ 7.368715761974724, 44.117075467416015 ], [ 7.381562137569672, 44.122051914157069 ], [ 7.38589189045757, 44.123672452851899 ], [ 7.411486255703045, 44.11902951373559 ], [ 7.422289731720686, 44.112653085160659 ], [ 7.426949388266515, 44.112879446091313 ], [ 7.426468359088897, 44.119876235000625 ], [ 7.43278837554225, 44.129347457952974 ], [ 7.462122488689511, 44.127389896156522 ], [ 7.50102071750879, 44.142223718456933 ], [ 7.519583942754223, 44.13856540594437 ], [ 7.535211853195142, 44.146303806706158 ], [ 7.554765852059525, 44.147043168512184 ], [ 7.567088028491882, 44.152823089866665 ], [ 7.616040982600504, 44.149770517523983 ], [ 7.627418916557509, 44.160623774002154 ], [ 7.627820533527174, 44.164168206348343 ], [ 7.633196425418145, 44.173561362263051 ], [ 7.640992644683711, 44.177442100338304 ], [ 7.679922703362472, 44.17596689941049 ], [ 7.682913789603779, 44.170005377995558 ], [ 7.671471786680363, 44.154877208874936 ], [ 7.67801538772243, 44.145527408175525 ], [ 7.676647179005782, 44.14214155758836 ], [ 7.668198738988109, 44.133954472457177 ], [ 7.672309659777242, 44.120921879426227 ], [ 7.674513279366786, 44.117888504654324 ], [ 7.68947694392172, 44.108728101188454 ], [ 7.698646268791035, 44.096126715664901 ], [ 7.713125527461748, 44.086668004789765 ], [ 7.716127328151039, 44.080028820410405 ], [ 7.712934478443477, 44.062485392280934 ], [ 7.701635467983026, 44.043027937924357 ], [ 7.663267923619478, 44.028604800889468 ], [ 7.661918168836288, 44.018077896917454 ], [ 7.662843183454328, 44.014576405863195 ], [ 7.668847574310901, 43.997613980152856 ], [ 7.652744974558876, 43.976014605495585 ], [ 7.616327585359663, 43.95813226397663 ], [ 7.592390195027573, 43.955643883815469 ], [ 7.576587923500749, 43.947364719132132 ], [ 7.571658067321474, 43.947192657344971 ], [ 7.570631659277099, 43.930973139129058 ], [ 7.558693308192464, 43.916454244360587 ], [ 7.561345348459057, 43.899567502810037 ], [ 7.510236960572921, 43.882123131483723 ], [ 7.509048613393782, 43.878755979983666 ], [ 7.506021813222953, 43.876249027878977 ], [ 7.498899702581249, 43.872369686427525 ], [ 7.499874596019255, 43.865929627516465 ], [ 7.496123561952791, 43.864020225206588 ], [ 7.496644361537274, 43.850865699201144 ], [ 7.507622406226027, 43.839884166661172 ], [ 7.517762641742062, 43.805933279375772 ], [ 7.518724253287373, 43.802513284940993 ], [ 7.530113080166398, 43.787465107217471 ], [ 7.529827196552408, 43.78401579016095 ], [ 7.512338520684341, 43.780280382581566 ], [ 7.507705213379891, 43.774217044082555 ], [ 7.488275294112371, 43.765024253383736 ], [ 7.482764966963036, 43.74994709951595 ], [ 7.458175290122168, 43.759240227310784 ], [ 7.439239409736484, 43.749027668861835 ], [ 7.437353197109924, 43.751637192936748 ], [ 7.433471779351216, 43.749524189489236 ], [ 7.42497559826899, 43.741271946743574 ], [ 7.413383683670212, 43.734586826692869 ], [ 7.41282731796872, 43.731725393285387 ], [ 7.409527160110869, 43.729867460235837 ], [ 7.412455558742665, 43.727711891414046 ], [ 7.415621297517926, 43.725735865280754 ], [ 7.404472334788808, 43.71990625189899 ], [ 7.39046446698362, 43.719697566852197 ], [ 7.383267235934918, 43.722583395636562 ], [ 7.370628456193154, 43.718667024434943 ], [ 7.357744991452293, 43.721301834504608 ], [ 7.34829854443155, 43.714073762990836 ], [ 7.342718081129221, 43.713557765505286 ], [ 7.329391823794368, 43.701472528767816 ], [ 7.341389344949113, 43.68458362664137 ], [ 7.327545054613172, 43.67721442484541 ], [ 7.32220845491509, 43.686456437662628 ], [ 7.323924676868665, 43.699148765149459 ], [ 7.320643907905991, 43.701595203861075 ], [ 7.319556310247037, 43.704630315314809 ], [ 7.312528378972113, 43.70384589016858 ], [ 7.30874525422198, 43.692370840930117 ], [ 7.30776538398023, 43.688922184499503 ], [ 7.300207009632951, 43.685842110754471 ], [ 7.285764471705272, 43.694459713641365 ], [ 7.261628431907384, 43.693894568744057 ], [ 7.247778923078609, 43.690687885177979 ], [ 7.233470720079088, 43.681423888828988 ], [ 7.225991642308755, 43.661178902943242 ], [ 7.209622670631045, 43.648208000260325 ], [ 7.205320773089659, 43.64657246669401 ], [ 7.201811156717591, 43.651844363344168 ], [ 7.199250681756445, 43.654835793685891 ], [ 7.196083650155476, 43.657174781669049 ], [ 7.178241885139152, 43.65605119404016 ], [ 7.173518733144943, 43.65578218804815 ], [ 7.16455543659813, 43.656252252000563 ], [ 7.156280852101147, 43.652703599365331 ], [ 7.145493512055507, 43.641852789744675 ], [ 7.142433925189241, 43.639347511949005 ], [ 7.130086783956884, 43.617796886498652 ], [ 7.126080770532045, 43.586612573382062 ], [ 7.129390497916962, 43.572845813969863 ], [ 7.138079490371413, 43.56480239001781 ], [ 7.140599653489392, 43.551137538514034 ], [ 7.138437924842616, 43.547958529950101 ], [ 7.129337823951444, 43.544917754761798 ], [ 7.120635559212722, 43.546023557427574 ], [ 7.12075873672202, 43.556190713292438 ], [ 7.114054414496771, 43.565662028966173 ], [ 7.10114795658926, 43.570574376739472 ], [ 7.091386488900007, 43.570267178898732 ], [ 7.086497348142601, 43.569820759897702 ], [ 7.07431439362992, 43.565422834327123 ], [ 7.057796537236086, 43.550329699415023 ], [ 7.039732942252948, 43.539364212446131 ], [ 7.035501408918769, 43.539242474158016 ], [ 7.030983539802472, 43.545446532684863 ], [ 7.022430083839914, 43.548872189094091 ], [ 6.993725990034728, 43.548608543863786 ], [ 6.970386093228647, 43.544771851531472 ], [ 6.954819112502659, 43.53669235381836 ], [ 6.951570880011196, 43.534117214294859 ], [ 6.93836867528224, 43.51639156043656 ], [ 6.938893529802217, 43.50960726317907 ], [ 6.951501449703754, 43.505229775255614 ], [ 6.954791011759335, 43.499263404821789 ], [ 6.946847309353455, 43.486851397117221 ], [ 6.93384713448952, 43.483459661474924 ], [ 6.933726236453392, 43.480068010885034 ], [ 6.924581001807453, 43.472049263755203 ], [ 6.921310045591595, 43.451305503451771 ], [ 6.894866417674312, 43.436937839736693 ], [ 6.89379771841758, 43.43028369113361 ], [ 6.890096846810427, 43.428011743636816 ], [ 6.874789363268244, 43.426254836500078 ], [ 6.864121176548367, 43.432833206958769 ], [ 6.85840657266619, 43.427794767980245 ], [ 6.857499977226198, 43.414280197040434 ], [ 6.854202299135875, 43.411902695284432 ], [ 6.841518143558815, 43.41622670932901 ], [ 6.836735315185222, 43.416396355403229 ], [ 6.827511699471026, 43.417605606369541 ], [ 6.787760618539803, 43.408952350562821 ], [ 6.766054257418108, 43.421589691239021 ], [ 6.763676333882223, 43.424527528010451 ], [ 6.75910919900563, 43.423659451243125 ], [ 6.746773995916419, 43.418683111441517 ], [ 6.735327794955626, 43.407766522471249 ], [ 6.729116114938948, 43.39484040024896 ], [ 6.730765708952455, 43.388280957803183 ], [ 6.714531588276322, 43.368080330409107 ], [ 6.718038059130812, 43.35834135250218 ], [ 6.713815174841463, 43.345878088355875 ], [ 6.686823964571491, 43.341578514482777 ], [ 6.682170991994305, 43.340980611855734 ], [ 6.668771716540697, 43.331304822655973 ], [ 6.665875320410973, 43.3210737283854 ], [ 6.66821944717775, 43.314303102175835 ], [ 6.63280052584104, 43.305710882252676 ], [ 6.625813989283821, 43.300695541715321 ], [ 6.620730175384382, 43.295922228090284 ], [ 6.585294600740728, 43.27922040395039 ], [ 6.585381972450334, 43.272499941793924 ], [ 6.586693948164753, 43.269223670841846 ], [ 6.584915946289843, 43.266788406320664 ], [ 6.590809226958074, 43.263476952460316 ], [ 6.594154714010835, 43.262195026573316 ], [ 6.619594708931995, 43.264100653052104 ], [ 6.623615806739518, 43.265343526864164 ], [ 6.643543476876238, 43.273966106805844 ], [ 6.663851077095954, 43.265390514872905 ], [ 6.675978166974772, 43.278369086529302 ], [ 6.696529193713421, 43.264600879032805 ], [ 6.68890887081749, 43.252002082903267 ], [ 6.681031212383061, 43.248443830893351 ], [ 6.677775700355973, 43.245880298699774 ], [ 6.665308164633286, 43.242369211273598 ], [ 6.662452913385091, 43.225140747813242 ], [ 6.665253838814323, 43.211466428494468 ], [ 6.677861528304522, 43.197962430338244 ], [ 6.659516843970591, 43.195155681816992 ], [ 6.644395548955623, 43.18684332694896 ], [ 6.64082557380598, 43.180381700630008 ], [ 6.644069240456581, 43.170754514027074 ], [ 6.647000245134457, 43.169439814123891 ], [ 6.646589536392611, 43.167805916405335 ], [ 6.645068698891313, 43.167488174776913 ], [ 6.63389443964215, 43.17152116417725 ], [ 6.616284226990975, 43.162586916896949 ], [ 6.598473418277299, 43.182919965905747 ], [ 6.556950589510082, 43.188178362168131 ], [ 6.552277361532038, 43.187422998782395 ], [ 6.537323794574524, 43.178937684070362 ], [ 6.535730707746166, 43.165979477974929 ], [ 6.521827640434723, 43.16410263216256 ], [ 6.494055540188416, 43.150897948420237 ], [ 6.490165880827348, 43.152869674618778 ], [ 6.465464074683035, 43.156817888903745 ], [ 6.452186484408474, 43.154416937209554 ], [ 6.448244951215834, 43.152661438647939 ], [ 6.440647361112697, 43.144846443008873 ], [ 6.429318070017389, 43.150555367981802 ], [ 6.405947233551995, 43.148334470963746 ], [ 6.368111581653112, 43.13564130605149 ], [ 6.363909647552556, 43.12575265660864 ], [ 6.360393987870399, 43.116229669223259 ], [ 6.366380492803032, 43.092627434400534 ], [ 6.363991043536368, 43.089560301177798 ], [ 6.354469482741522, 43.088885114364352 ], [ 6.326105979539467, 43.092465659071955 ], [ 6.31293632542156, 43.106797953580745 ], [ 6.294075806324472, 43.108717747138549 ], [ 6.286309799200265, 43.111295516501464 ], [ 6.286517712170622, 43.114520929921753 ], [ 6.276056846556473, 43.120087799686409 ], [ 6.271819149631532, 43.120990763878751 ], [ 6.258863783035542, 43.120069139483469 ], [ 6.238769139985706, 43.113221539354228 ], [ 6.234334092269741, 43.113012724111115 ], [ 6.201047338876659, 43.115429292864654 ], [ 6.180414701768955, 43.106453706664276 ], [ 6.16200117088201, 43.090316202199006 ], [ 6.15359369573152, 43.073748400220694 ], [ 6.149595573448105, 43.052856882262319 ], [ 6.152820853407043, 43.039062946747883 ], [ 6.163393772492145, 43.030894776715805 ], [ 6.14984372008798, 43.027422011790541 ], [ 6.133857681963769, 43.034441485600944 ], [ 6.120454580956015, 43.032535883999934 ], [ 6.116721717969846, 43.034759263112434 ], [ 6.099997687799501, 43.028563980596282 ], [ 6.093451689150863, 43.037158991141709 ], [ 6.10110914737319, 43.04106986831718 ], [ 6.119958882010176, 43.03995788481469 ], [ 6.130488622619028, 43.04678971379429 ], [ 6.132423653725766, 43.05714748304603 ], [ 6.127079929117181, 43.074332801703655 ], [ 6.113569246624407, 43.083599441482136 ], [ 6.108784848264975, 43.083917708002822 ], [ 6.081509918641602, 43.087357028173102 ], [ 6.051101563235415, 43.079177117419867 ], [ 6.037017510432053, 43.078702246519974 ], [ 6.032563261594763, 43.077585703859107 ], [ 6.019386557970386, 43.080368214335472 ], [ 6.021985588465003, 43.095569512917919 ], [ 5.997932309956759, 43.104711427046134 ], [ 5.993279068157332, 43.104993850178687 ], [ 5.979060325609182, 43.106540122100895 ], [ 5.929023151295953, 43.104996172562721 ], [ 5.931487467387543, 43.115081689914234 ], [ 5.920387555963287, 43.121044469531924 ], [ 5.911360260578407, 43.119650684224176 ], [ 5.905188752886374, 43.11468702183096 ], [ 5.891963640994724, 43.117022922668099 ], [ 5.887337329973984, 43.116147964958031 ], [ 5.885618108700913, 43.117148063108225 ], [ 5.884960036427645, 43.1042052514292 ], [ 5.907216162582126, 43.100276739047118 ], [ 5.90644261047874, 43.093682402881392 ], [ 5.895976876395162, 43.082597107596662 ], [ 5.903882952468881, 43.078901123052368 ], [ 5.915412260233691, 43.08402568460528 ], [ 5.928050230295416, 43.080685679186097 ], [ 5.941315080585652, 43.082700221463639 ], [ 5.948440933050233, 43.078203169600577 ], [ 5.950054687711045, 43.074936850913552 ], [ 5.945828966391971, 43.069103379817925 ], [ 5.932011513493294, 43.071145633746809 ], [ 5.913907185792733, 43.067065122680773 ], [ 5.903568762302172, 43.073374522268274 ], [ 5.896593113515, 43.077738466783757 ], [ 5.887468180635608, 43.07645355521533 ], [ 5.87279904033101, 43.067593997505988 ], [ 5.860028077256707, 43.049367444187723 ], [ 5.847225461591181, 43.049292928813394 ], [ 5.843581136545949, 43.047049370721886 ], [ 5.829988730480678, 43.049882559211945 ], [ 5.814742309549911, 43.062890839485874 ], [ 5.797819210195059, 43.069037769810038 ], [ 5.795839743357104, 43.072275065740264 ], [ 5.804867098497734, 43.08022099853055 ], [ 5.810012012783064, 43.093631577017518 ], [ 5.807881474236864, 43.100338057641572 ], [ 5.812704976498599, 43.10633217365767 ], [ 5.81025310432551, 43.11300215675405 ], [ 5.807264633534061, 43.115717072828886 ], [ 5.793786478415544, 43.113907426511155 ], [ 5.771100215345217, 43.116797294934742 ], [ 5.77977635116322, 43.132188751612155 ], [ 5.770333991359768, 43.139010906421618 ], [ 5.750781125696282, 43.131267756384005 ], [ 5.748322675439862, 43.134093452519345 ], [ 5.730273828407948, 43.135461185819395 ], [ 5.725912318688316, 43.136525570112369 ], [ 5.718974697291267, 43.145529670638368 ], [ 5.695908858142513, 43.145092025097313 ], [ 5.684358704872039, 43.156009025266883 ], [ 5.684189189373476, 43.15950518501711 ], [ 5.693446057549214, 43.167410265723269 ], [ 5.692398709619903, 43.174222399168222 ], [ 5.685826655046255, 43.179129264679474 ], [ 5.676396673559529, 43.178121682464877 ], [ 5.671875005699253, 43.179268786904913 ], [ 5.646046030187288, 43.188050437877585 ], [ 5.622600831194625, 43.18556304190848 ], [ 5.612853536704561, 43.178077801926285 ], [ 5.610538380717406, 43.167937232131798 ], [ 5.604779203405521, 43.162370752915805 ], [ 5.574388634316991, 43.172577074720834 ], [ 5.55841311607678, 43.185556571035768 ], [ 5.555549394162544, 43.188378321579215 ], [ 5.548150883409661, 43.196868952476393 ], [ 5.548441809308267, 43.206806696496791 ], [ 5.540940808210385, 43.210529455249613 ], [ 5.532034233285241, 43.211683761959542 ], [ 5.513057894945571, 43.204252701745219 ], [ 5.510208507943673, 43.198136362765794 ], [ 5.50471952583106, 43.200342804717501 ], [ 5.45847067570245, 43.210270846000974 ], [ 5.445481994331799, 43.204257433982796 ], [ 5.426896398700471, 43.20842072034479 ], [ 5.419123949631361, 43.2064354188742 ], [ 5.396696737403794, 43.212362346034361 ], [ 5.391961245046994, 43.212098439217748 ], [ 5.364386336752995, 43.207819581804046 ], [ 5.341960421876637, 43.213312026606893 ], [ 5.349102368323974, 43.229787128339282 ], [ 5.359572799093455, 43.236641160603483 ], [ 5.362531693455071, 43.243073924768389 ], [ 5.370729666889362, 43.246358986186401 ], [ 5.372868304459311, 43.259748109374364 ], [ 5.365954213239665, 43.269205219967105 ], [ 5.349456390579742, 43.281723581682236 ], [ 5.354913195466004, 43.291072334532736 ], [ 5.365525914098205, 43.295700356716253 ], [ 5.357338063292712, 43.322059493095423 ], [ 5.337260692480655, 43.341584004281131 ], [ 5.335268827367881, 43.347809966679414 ], [ 5.318518149712477, 43.354461233497247 ], [ 5.317781437860571, 43.357914992475358 ], [ 5.304190976620232, 43.36042827725197 ], [ 5.282599596632278, 43.353749107188904 ], [ 5.27949067759418, 43.35123172581411 ], [ 5.258060577036442, 43.338433691928785 ], [ 5.237279991747815, 43.331638947380767 ], [ 5.224242706631756, 43.328281109043786 ], [ 5.184996419974984, 43.332293997727511 ], [ 5.180496122884737, 43.331628888496489 ], [ 5.172102809195117, 43.332337756268181 ], [ 5.165452448035945, 43.327926502362381 ], [ 5.147399503290768, 43.326441677433458 ], [ 5.134583125023771, 43.329197196551483 ], [ 5.096743510080139, 43.329334559541948 ], [ 5.088464740673099, 43.332536431032842 ], [ 5.081483596064982, 43.327658580180163 ], [ 5.067585227997028, 43.330579899193324 ], [ 5.054341133795373, 43.32664780930989 ], [ 5.036385870872287, 43.330955921357464 ], [ 5.022316775801363, 43.34068673332834 ], [ 5.022418397307791, 43.354120253027872 ], [ 5.00242150852988, 43.377349707153385 ], [ 4.999269486620482, 43.380017714731054 ], [ 4.991496837198159, 43.388224206296478 ], [ 4.990482260490505, 43.394569268379051 ], [ 4.998714520248962, 43.39744132725076 ], [ 4.998102032102832, 43.400773345803017 ], [ 4.995505462629837, 43.403485007056794 ], [ 4.986307809482824, 43.404131086185892 ], [ 4.978807692711215, 43.399228870241799 ], [ 4.972760938821628, 43.421576302915462 ], [ 4.97018535422829, 43.424601953716206 ], [ 4.92520005417381, 43.432196271605768 ], [ 4.912416894819025, 43.427293160624274 ], [ 4.890157643186759, 43.40972175855098 ], [ 4.888997042575112, 43.416482268538523 ], [ 4.896276431495409, 43.427594918131582 ], [ 4.87908513960718, 43.424078898973512 ], [ 4.863771710954763, 43.437689084066221 ], [ 4.861021812925762, 43.448121353949134 ], [ 4.858337926326176, 43.450687182289307 ], [ 4.854889272827969, 43.449081423648224 ], [ 4.855162025713705, 43.445666078180125 ], [ 4.873421185575808, 43.41659084020494 ], [ 4.873713553115611, 43.413058182390699 ], [ 4.871732691840236, 43.409843815195522 ], [ 4.86769550813724, 43.407915759353834 ], [ 4.862876991712133, 43.408151741897676 ], [ 4.858676443412645, 43.409942713036827 ], [ 4.831947054095305, 43.425273351826938 ], [ 4.831433209522815, 43.419990676883025 ], [ 4.856720237983179, 43.403254108749856 ], [ 4.853030795780399, 43.398295963952172 ], [ 4.836465936054795, 43.405543269920933 ], [ 4.838654690164283, 43.402581512344106 ], [ 4.834885682964969, 43.397012214709271 ], [ 4.838452976937959, 43.394720006517851 ], [ 4.860808496266101, 43.388839810387879 ], [ 4.839659880410363, 43.375721269063284 ], [ 4.867902363244299, 43.365986891382029 ], [ 4.88055141065337, 43.358253941978646 ], [ 4.903337810382734, 43.37044470116124 ], [ 4.91487411244902, 43.381660701781193 ], [ 4.9147354669721, 43.375264974132328 ], [ 4.862444131692529, 43.338320519619927 ], [ 4.857128344399932, 43.328684669347886 ], [ 4.84729512295096, 43.326855458088147 ], [ 4.83798401407193, 43.327850952482322 ], [ 4.813157513134927, 43.339139955139586 ], [ 4.771266818557722, 43.3491742186457 ], [ 4.727117801110579, 43.35016699297379 ], [ 4.66363217796349, 43.346401921384377 ], [ 4.605821487891059, 43.353502024386742 ], [ 4.578969786723959, 43.362202251421344 ], [ 4.567104250882706, 43.368934198377794 ], [ 4.558763248791639, 43.37746771271388 ], [ 4.558901153333607, 43.384385166955603 ], [ 4.59458403000272, 43.4027974961582 ], [ 4.595987658056076, 43.406241129886659 ], [ 4.586958658112371, 43.426574950768071 ], [ 4.574367041597521, 43.437457721982511 ], [ 4.553438437074513, 43.446677196591899 ], [ 4.525504520805286, 43.453291909094276 ], [ 4.457127359378853, 43.455780512394149 ], [ 4.424677535107754, 43.448752449715677 ], [ 4.400302771683299, 43.447432501227347 ], [ 4.377023532204515, 43.452616752326065 ], [ 4.235183386229698, 43.460003735687586 ], [ 4.230283393392465, 43.460185432726391 ], [ 4.231161365645593, 43.477541404878025 ], [ 4.23977666135624, 43.493729653206024 ], [ 4.23774345520143, 43.496884208833272 ], [ 4.240813772413819, 43.499404588065183 ], [ 4.244685980194121, 43.501267823506531 ], [ 4.293602798209726, 43.514039871845036 ], [ 4.320650865614335, 43.527823468560022 ], [ 4.309193291988921, 43.546571165830102 ], [ 4.31514148202074, 43.55187140652869 ], [ 4.318393281463381, 43.557168137408119 ], [ 4.322313763027453, 43.551712290128805 ], [ 4.316100466021496, 43.546748596319382 ], [ 4.332822840845476, 43.535935262587252 ], [ 4.353910215049727, 43.547408406779923 ], [ 4.372459788703736, 43.549677085505138 ], [ 4.390360867018113, 43.560868696323361 ], [ 4.404607807411223, 43.560523337624147 ], [ 4.4089734615686, 43.561933579417392 ], [ 4.414259750148856, 43.567552130090945 ], [ 4.409399909372585, 43.576281256360225 ], [ 4.424852823546874, 43.584475658129406 ], [ 4.443526715006795, 43.583212187521951 ], [ 4.448316850971351, 43.583184413684513 ], [ 4.45280860192628, 43.584573272792582 ], [ 4.473576475317691, 43.603650707178844 ], [ 4.473775702075146, 43.61044243806294 ], [ 4.466497108030612, 43.614959555535812 ], [ 4.448271806953509, 43.61034439370556 ], [ 4.438798933392585, 43.611406155216798 ], [ 4.428684906370592, 43.619062939312585 ], [ 4.42723038588348, 43.625822486640715 ], [ 4.451604610551597, 43.664233251831277 ], [ 4.477415914556626, 43.672921314040394 ], [ 4.476546052865215, 43.686801660238757 ], [ 4.486420575081836, 43.698852926769298 ], [ 4.490790128736422, 43.700404126732877 ], [ 4.524574944197884, 43.702501039657719 ], [ 4.53759877802278, 43.707051796871077 ], [ 4.559326321963639, 43.699443651868954 ], [ 4.578488531756193, 43.697070376718834 ], [ 4.597812201076939, 43.686753309170719 ], [ 4.626472940030176, 43.688029631598539 ], [ 4.613145070261583, 43.714193431994154 ], [ 4.611940073171065, 43.724723558357965 ], [ 4.627175473497972, 43.754252188601022 ], [ 4.628118266362486, 43.757712287707434 ], [ 4.629506767245054, 43.761120719123937 ], [ 4.650196152978425, 43.780934660951246 ], [ 4.652914204029206, 43.787725002988658 ], [ 4.654449195269538, 43.809006584932419 ], [ 4.642970144936962, 43.832114450039626 ], [ 4.652168255639106, 43.839752359863297 ], [ 4.664996643127028, 43.843841800921439 ], [ 4.666767210054012, 43.846983143840433 ], [ 4.661873535180177, 43.852341447921702 ], [ 4.643674554103547, 43.851852055237913 ], [ 4.646974671888782, 43.858031041308799 ], [ 4.64173031161422, 43.86730022142816 ], [ 4.661583452122745, 43.87358862836075 ], [ 4.662510614622303, 43.870388076217004 ], [ 4.666940197760179, 43.876360339330475 ], [ 4.692706048750469, 43.884587063142042 ], [ 4.705497086585894, 43.89448756071836 ], [ 4.707899833889294, 43.897411481430879 ], [ 4.703195563908554, 43.897034894286215 ], [ 4.698503263056575, 43.896639916447207 ], [ 4.72339753113671, 43.906052468340214 ], [ 4.735505940672227, 43.916509607564429 ], [ 4.739556234567678, 43.921108034189935 ], [ 4.738793411709088, 43.923865693933031 ], [ 4.741431236194372, 43.92664120528022 ], [ 4.748232200552145, 43.931132462354462 ], [ 4.778539499380564, 43.938789920109393 ], [ 4.791981236623143, 43.952271236502078 ], [ 4.814368944944232, 43.964675766575525 ], [ 4.810177762437046, 43.977915365241749 ], [ 4.812966969278781, 43.988005617376487 ], [ 4.836299637168352, 43.985032622323601 ], [ 4.840941374397563, 43.985917813700375 ], [ 4.844995503975692, 43.992142095617979 ], [ 4.845344157569214, 43.995593109315784 ], [ 4.84311842532329, 44.000419893785484 ], [ 4.842996825840258, 44.003986882125467 ], [ 4.839416967247189, 44.014021800233117 ], [ 4.820289741617211, 44.01701544600877 ], [ 4.813646199766089, 44.034041319113719 ], [ 4.807763561033983, 44.039774191873278 ], [ 4.799012605305094, 44.046013055291091 ], [ 4.795864776338328, 44.047910255144259 ], [ 4.792418457297965, 44.049848261058138 ], [ 4.787410042784642, 44.054917531957202 ], [ 4.786807370459988, 44.064353004500141 ], [ 4.784112870091639, 44.067214738676078 ], [ 4.762886924771466, 44.074868573367127 ], [ 4.760034900784428, 44.078344412439549 ], [ 4.760116516256539, 44.081791077064757 ], [ 4.757721024958284, 44.087933288335513 ], [ 4.752938801500371, 44.087982917193649 ], [ 4.727818953083815, 44.078452298878112 ], [ 4.719729895994931, 44.085583529809313 ], [ 4.719626685299728, 44.088781031523169 ], [ 4.705082103732305, 44.108174728697414 ], [ 4.70573467586276, 44.111603549667535 ], [ 4.718133485525318, 44.140677520428845 ], [ 4.718724815654393, 44.152380852831108 ], [ 4.717189527216279, 44.159093992213222 ], [ 4.717117294361767, 44.162498193611917 ], [ 4.717296166584552, 44.165934481038299 ], [ 4.717361182101858, 44.169327543030363 ], [ 4.71625066675021, 44.176043071525022 ], [ 4.721891152991497, 44.184669523073374 ], [ 4.717272116490206, 44.189972635007315 ], [ 4.70831578421951, 44.191723968508626 ], [ 4.703839154758577, 44.197663499620774 ], [ 4.704830155227861, 44.201078245009278 ], [ 4.710297359298195, 44.206836138242537 ], [ 4.708595324218638, 44.21349788822031 ], [ 4.699936146582021, 44.216108164068764 ], [ 4.681893253091449, 44.211740539249519 ], [ 4.673656891445081, 44.214711368309381 ], [ 4.672932844618636, 44.218602691117326 ], [ 4.677359890816737, 44.234974691219257 ], [ 4.653075475048099, 44.255914955851864 ], [ 4.651478597431326, 44.259153087518015 ], [ 4.648550802396924, 44.267470944280731 ], [ 4.649223666100444, 44.270359865010981 ], [ 4.652363852088788, 44.291272191111453 ], [ 4.653181380659162, 44.294807190371785 ], [ 4.651541866566366, 44.326316555586992 ], [ 4.650615013437525, 44.329805791511262 ], [ 4.654887236217384, 44.328346062781407 ], [ 4.679884119517153, 44.320692303859637 ], [ 4.713016931473897, 44.320649375513625 ], [ 4.717089112182759, 44.325906975929442 ], [ 4.721662853885755, 44.326591775045472 ], [ 4.758398944403083, 44.32532629380821 ], [ 4.762995008707322, 44.325099651590776 ], [ 4.771902075687521, 44.31753746360291 ], [ 4.780956048827136, 44.317121090134869 ], [ 4.799988421722891, 44.303548718129242 ], [ 4.804563291806239, 44.303896893827336 ], [ 4.802925843563938, 44.28079338285626 ], [ 4.804479109916825, 44.277616630648758 ], [ 4.805856934394183, 44.274838899493552 ], [ 4.803998564899068, 44.269206183528979 ], [ 4.812512574146792, 44.258018710316463 ], [ 4.81311788448287, 44.245205750770943 ], [ 4.812140737604666, 44.24206166442179 ], [ 4.813448440809548, 44.23242441386536 ], [ 4.820885933621923, 44.228889032746224 ], [ 4.825341848908655, 44.228445904651778 ], [ 4.853170802064341, 44.244366151897715 ], [ 4.857094248224971, 44.245992552082669 ], [ 4.876028528545874, 44.260265706055357 ], [ 4.880250376691039, 44.261769177444961 ], [ 4.896964550317251, 44.264408061995127 ], [ 4.901282946732467, 44.264279389702423 ], [ 4.903477422045458, 44.259478388267993 ], [ 4.927220664047693, 44.262107708049214 ], [ 4.932031187973039, 44.262455397420553 ], [ 4.94152834679649, 44.269410054163458 ], [ 4.96755527308963, 44.277725959936298 ], [ 4.971687522886884, 44.279425690023061 ], [ 4.985461687029868, 44.2855165723224 ], [ 4.989594320202399, 44.285765982875809 ], [ 5.002729377030806, 44.285374334421114 ], [ 5.013072236939951, 44.291074119838591 ], [ 5.017150351782536, 44.292241935541689 ], [ 5.024771592553071, 44.296784024461594 ], [ 5.02950026866043, 44.297894390509676 ], [ 5.056515022521009, 44.305397201259915 ], [ 5.06024453525336, 44.307614496882763 ], [ 5.073921629878714, 44.286944298487455 ], [ 5.076512049103131, 44.284086015978872 ], [ 5.086471494080945, 44.28393339431689 ], [ 5.109640817042329, 44.28036650274997 ], [ 5.149503498787481, 44.300655799859101 ], [ 5.153262225199111, 44.310154240361193 ], [ 5.161975943538178, 44.313387033487238 ], [ 5.166434198103998, 44.314857105900174 ], [ 5.168839313106632, 44.314125325573542 ], [ 5.17282661398842, 44.308211494205196 ], [ 5.169742730048123, 44.302014094039755 ], [ 5.170106352929927, 44.298738196145536 ], [ 5.168428560470918, 44.292242890992121 ], [ 5.150646833730123, 44.281876776217281 ], [ 5.147458253978399, 44.269170669557013 ], [ 5.160531355313899, 44.265618690589605 ], [ 5.162088870082533, 44.248947690710317 ], [ 5.161547590528073, 44.245590671105184 ], [ 5.158750981015901, 44.242872308003214 ], [ 5.151813942499238, 44.238308151511703 ], [ 5.150006744005078, 44.23523703548463 ], [ 5.163507399007028, 44.226354632689613 ], [ 5.167912694330636, 44.225304259013079 ], [ 5.175606457049889, 44.220865958396075 ], [ 5.208774816105213, 44.2144226960692 ], [ 5.238149708040023, 44.213233332998932 ], [ 5.240446462537333, 44.230826509600881 ], [ 5.244511927139097, 44.230707453720591 ], [ 5.248535836832811, 44.231120374115235 ], [ 5.252656715759808, 44.231134952276115 ], [ 5.25650871457163, 44.230056328557424 ], [ 5.27628316873954, 44.220994559003024 ], [ 5.280667663366518, 44.219795969443197 ], [ 5.291804181580929, 44.214647422997118 ], [ 5.299429233137286, 44.206923951179363 ], [ 5.303297976880241, 44.205393058705468 ], [ 5.303623925086469, 44.208799017769309 ], [ 5.317995587326116, 44.208793570728794 ], [ 5.335726093433306, 44.204311433236875 ], [ 5.355790066669242, 44.213598869670719 ], [ 5.372391172535215, 44.206685648744219 ], [ 5.376670293905456, 44.205134250827719 ], [ 5.380357709844485, 44.202911139485778 ], [ 5.384529100472621, 44.201190669271824 ], [ 5.383188228000948, 44.199067606817565 ], [ 5.381280655082791, 44.192382314930427 ], [ 5.386649681105689, 44.179271533708857 ], [ 5.383200579102188, 44.158797473045411 ], [ 5.383240887752115, 44.155284730219144 ], [ 5.396950088104057, 44.152338473742454 ], [ 5.415834087795949, 44.154652480256487 ], [ 5.422916844054597, 44.150038766414056 ], [ 5.431058933975543, 44.151506424635819 ], [ 5.435755865794686, 44.152248640249866 ], [ 5.436695264005384, 44.142070210237065 ], [ 5.44303323757513, 44.137948969877819 ], [ 5.447570973530494, 44.1367581431182 ], [ 5.451161176591035, 44.121135476183319 ], [ 5.454716459743136, 44.119227904662857 ], [ 5.493838084171808, 44.115435899096866 ], [ 5.498787806458744, 44.115719347788342 ], [ 5.507614943413628, 44.117759934842873 ], [ 5.51108858712378, 44.123956913518278 ], [ 5.542145703694197, 44.133263637587191 ], [ 5.550089350153229, 44.14589363586672 ], [ 5.551315204196628, 44.149242115439534 ], [ 5.55133337667298, 44.149646933255433 ], [ 5.570422844280337, 44.148615661985978 ], [ 5.581188185336803, 44.155152844177103 ], [ 5.568104667403727, 44.168725140927833 ], [ 5.564374392120546, 44.170901706494313 ], [ 5.575670844194657, 44.186315690700638 ], [ 5.579656640777753, 44.188374379269284 ], [ 5.594234441811164, 44.187481261950211 ], [ 5.602053261071307, 44.191501753464081 ], [ 5.605704281890534, 44.191144924330452 ], [ 5.609326531230207, 44.190707605198092 ], [ 5.616955401086002, 44.178620272329326 ], [ 5.629772708449912, 44.174090002461185 ], [ 5.638794765675097, 44.166281429219914 ], [ 5.632026445972078, 44.157375340276268 ], [ 5.631136350531427, 44.150579411795661 ], [ 5.640667341775063, 44.149233545000818 ], [ 5.645321382061823, 44.148184747524105 ], [ 5.674060182248089, 44.147316373811051 ], [ 5.678605452158371, 44.14609768890292 ], [ 5.681265873059702, 44.160072780344876 ], [ 5.682728093629557, 44.163486275089134 ], [ 5.650427928093791, 44.166766366615697 ], [ 5.643896743332492, 44.170526344036013 ], [ 5.652287730830786, 44.186237091798226 ], [ 5.65159258523705, 44.189577077248288 ], [ 5.67603732554349, 44.191433131858957 ], [ 5.685922274168798, 44.197180596655031 ], [ 5.676722626472698, 44.213409240393233 ], [ 5.681132665069013, 44.230692521271322 ], [ 5.682024908607712, 44.233669800365881 ], [ 5.673312046684881, 44.240168649948188 ], [ 5.672644087768109, 44.245669712343307 ], [ 5.674252071027295, 44.255861700082363 ], [ 5.684205784425256, 44.26309415374272 ], [ 5.686652769624995, 44.266069482070705 ], [ 5.684489933832609, 44.268833286593306 ], [ 5.675610026715095, 44.275885779492 ], [ 5.671683333580238, 44.274225095630825 ], [ 5.646781325357386, 44.26709147544851 ], [ 5.646371571666918, 44.270397637486859 ], [ 5.632860844990301, 44.282844677649315 ], [ 5.632600537072819, 44.289389474472124 ], [ 5.63573936729397, 44.291637861880268 ], [ 5.639777761350887, 44.296503423931888 ], [ 5.633798844517878, 44.300879849636843 ], [ 5.62932166284001, 44.30114915862228 ], [ 5.616057010366872, 44.309382214117498 ], [ 5.60831835873762, 44.306116698307868 ], [ 5.613215935144231, 44.315772227640046 ], [ 5.630209412872497, 44.327849893121922 ], [ 5.628258550075, 44.333939872624839 ], [ 5.623800326745524, 44.335217168287578 ], [ 5.620370021434582, 44.332948272783305 ], [ 5.588187073324213, 44.332179321756726 ], [ 5.586925846852091, 44.332037877605018 ], [ 5.582972421029641, 44.332292918386337 ], [ 5.571306603801938, 44.333475930949596 ], [ 5.566542845801346, 44.333019815399908 ], [ 5.549105059419014, 44.330588445557872 ], [ 5.539953361605748, 44.332439316400468 ], [ 5.536860183819683, 44.342102257239489 ], [ 5.520926979765027, 44.349259201706417 ], [ 5.503160494554911, 44.344279279573819 ], [ 5.492944223223237, 44.337135377243229 ], [ 5.490082103903813, 44.339965049942549 ], [ 5.478569981491291, 44.3510412416001 ], [ 5.468856187117785, 44.351349725801811 ], [ 5.467048617549287, 44.3545153438113 ], [ 5.46278184879294, 44.367237319966158 ], [ 5.443921515424791, 44.367747862476484 ], [ 5.439297473632386, 44.367949524335707 ], [ 5.434953500862117, 44.369117432948755 ], [ 5.431328212854496, 44.375330615966014 ], [ 5.442621500812566, 44.381267659142345 ], [ 5.441701838869459, 44.391680999231575 ], [ 5.430034628084258, 44.414526293618728 ], [ 5.425381747407611, 44.415610521058511 ], [ 5.418397417669444, 44.424770174195764 ], [ 5.433751619301304, 44.433167969699845 ], [ 5.438582416468737, 44.433556485219832 ], [ 5.472722783290884, 44.420943216421151 ], [ 5.47756958286488, 44.420852311272299 ], [ 5.483328907908006, 44.426090369546465 ], [ 5.486044257170747, 44.42896518530786 ], [ 5.489917889010221, 44.429021798807014 ], [ 5.493615332229907, 44.428217653556132 ], [ 5.495030832523986, 44.430959565464526 ], [ 5.495489993853964, 44.438802744734367 ], [ 5.464831728948369, 44.448652312778769 ], [ 5.463835729257284, 44.452051966652448 ], [ 5.460217308780587, 44.468587450333878 ], [ 5.466821825890228, 44.473519483534595 ], [ 5.461529037523698, 44.482824366094093 ], [ 5.460352353234252, 44.486137989835804 ], [ 5.458908554280877, 44.488520885138868 ], [ 5.457842945549569, 44.498154570768634 ], [ 5.466344500496238, 44.500342512280319 ], [ 5.470847261479721, 44.499998554596239 ], [ 5.474924885525115, 44.494260011308185 ], [ 5.483133899565536, 44.491220394921179 ], [ 5.506409174664396, 44.492017816596665 ], [ 5.511029530221043, 44.491507406620698 ], [ 5.546077300826028, 44.482120310429615 ], [ 5.549713683395427, 44.479901672025612 ], [ 5.560430060351429, 44.474303282462664 ], [ 5.564686977201461, 44.475249120897637 ], [ 5.569099851904608, 44.476578458261109 ], [ 5.598967974718976, 44.46626799200012 ], [ 5.603636602559009, 44.465500307972363 ], [ 5.61484689900165, 44.471837046092027 ], [ 5.623729137550057, 44.484064722849375 ], [ 5.62632906560146, 44.49777468527013 ], [ 5.633187804406717, 44.502096704810668 ], [ 5.651243927750406, 44.49932226128238 ], [ 5.65977557119241, 44.501972138169975 ], [ 5.664504139914047, 44.501894032401601 ], [ 5.663049651715834, 44.504946604336183 ], [ 5.646326272089842, 44.520075984279906 ], [ 5.642692729285381, 44.522063615970097 ], [ 5.627653039143868, 44.534357435928072 ], [ 5.614987004799318, 44.532775789408554 ], [ 5.612473307602526, 44.535600542728496 ], [ 5.597248798066795, 44.543273727979233 ], [ 5.606489716135572, 44.566654934312353 ], [ 5.607147666291072, 44.568350791511527 ], [ 5.613898388174507, 44.571821155822946 ], [ 5.621998084767894, 44.585860848783163 ], [ 5.626319022720681, 44.586622907284493 ], [ 5.62747681179402, 44.594972329194064 ], [ 5.637030457356826, 44.609219831603994 ], [ 5.646091881097417, 44.609921984432567 ], [ 5.648367332273093, 44.61621785718701 ], [ 5.649461790654657, 44.619380335177411 ], [ 5.642842232762364, 44.624258839200188 ], [ 5.640300674449938, 44.647820645813731 ], [ 5.641715476737941, 44.651083686534349 ], [ 5.64924623140138, 44.652903245314626 ], [ 5.651550901141396, 44.655217057041803 ], [ 5.659304761867904, 44.6510494093815 ], [ 5.683495084843539, 44.649978568600524 ], [ 5.7255049816388, 44.640087122472153 ], [ 5.749155497588021, 44.651076993336957 ], [ 5.753769297991107, 44.660528894610664 ], [ 5.771119531321884, 44.654276159823667 ], [ 5.785702806224209, 44.653135023608044 ], [ 5.790620212274487, 44.653299299136251 ], [ 5.80101693759718, 44.674827791041338 ], [ 5.809248817165935, 44.678123344020563 ], [ 5.813277058025531, 44.679903755395479 ], [ 5.817189348692682, 44.681885168499797 ], [ 5.829958230027807, 44.69124353105552 ], [ 5.825458378124812, 44.700979740664692 ], [ 5.812674848156732, 44.705007911784634 ], [ 5.808962020631054, 44.705786858908525 ], [ 5.80146999609451, 44.706778512870017 ], [ 5.811318774372763, 44.714023953009807 ], [ 5.818860248530297, 44.730651375672075 ], [ 5.829360978385005, 44.742437285019612 ], [ 5.826525979255253, 44.756203058107985 ], [ 5.827093368949468, 44.759693014990113 ], [ 5.841024125203204, 44.756372702489791 ], [ 5.847985661438239, 44.751527326677035 ], [ 5.867466798207253, 44.751006688823288 ], [ 5.880591736636212, 44.74684629848592 ], [ 5.88545616345669, 44.747287242194695 ], [ 5.893138844062215, 44.755573378426639 ], [ 5.902202954371302, 44.757993963120008 ], [ 5.919571787077517, 44.752789696558267 ], [ 5.93768915954018, 44.763428132732763 ], [ 5.946885508371645, 44.76130994371087 ], [ 5.951121583439229, 44.75962053934213 ], [ 5.952215362961415, 44.768411572896007 ], [ 5.953164593423209, 44.771314329424555 ], [ 5.976427109739487, 44.779737406588964 ], [ 5.980273413653571, 44.781183671161877 ], [ 5.979498158941999, 44.78445696559627 ], [ 5.977782179481481, 44.790989968545439 ], [ 5.951205547923604, 44.801458056934472 ], [ 5.949519247847443, 44.804530122897155 ], [ 5.975607139182772, 44.81658158336748 ], [ 5.979182157180596, 44.818593849171364 ], [ 6.003416210613008, 44.820354731466999 ], [ 6.016206227656368, 44.83528828173592 ], [ 6.030210546239002, 44.83809609775416 ], [ 6.052272429728903, 44.817173663737584 ], [ 6.056502376029612, 44.815813767541712 ], [ 6.093293347222853, 44.836372862222795 ], [ 6.09732158409707, 44.838233691239019 ], [ 6.113150513309321, 44.845530426149303 ], [ 6.130448597771805, 44.862514870221602 ], [ 6.157906039743549, 44.858285835213245 ], [ 6.165014215810272, 44.853587022296693 ], [ 6.169659028876842, 44.852391173190959 ], [ 6.192555892694437, 44.856744621800026 ], [ 6.196382213093461, 44.858977252652942 ], [ 6.229097886970287, 44.85200169970377 ], [ 6.248866431392028, 44.852559942441211 ], [ 6.267094946561592, 44.869091632406942 ], [ 6.29456316666265, 44.873983686715825 ], [ 6.304352587060521, 44.872791526836657 ], [ 6.31942823665658, 44.855138993186912 ], [ 6.336319027358171, 44.848369434939357 ], [ 6.352053199234035, 44.852842401550397 ], [ 6.35536414117107, 44.854823966045096 ], [ 6.35046972829102, 44.875130592330066 ], [ 6.351997303072616, 44.882032363348216 ], [ 6.358550182464034, 44.887322338115837 ], [ 6.354660106644986, 44.89710038955419 ], [ 6.357945457650987, 44.907292361312507 ], [ 6.354910142911668, 44.92777749621419 ], [ 6.358172281947819, 44.941575008035429 ], [ 6.353421996625112, 44.942556563506663 ], [ 6.326279121959653, 44.950013949048781 ], [ 6.323254479328498, 44.956574771326814 ], [ 6.328213698007129, 44.966348205196688 ], [ 6.315991668937198, 44.981186126780109 ], [ 6.316204318919787, 44.9882088744315 ], [ 6.322680554595003, 44.99762203956243 ], [ 6.318198730740813, 45.00386577257769 ], [ 6.313282458120352, 45.003859117566137 ], [ 6.256173043641922, 44.996218656961041 ], [ 6.21437349071102, 45.005679755483662 ], [ 6.20313811255563, 45.012446824770663 ], [ 6.202925043759345, 45.022932987011494 ], [ 6.208685718304641, 45.028335979707826 ], [ 6.209562581595905, 45.042296194904687 ], [ 6.218716529382557, 45.062001054013983 ], [ 6.220080156369971, 45.065367936215324 ], [ 6.243285306592182, 45.069948229152899 ], [ 6.229263129892585, 45.106807185840431 ], [ 6.245508018598509, 45.119203867657291 ], [ 6.258495923396544, 45.123655217761595 ], [ 6.260566197557885, 45.126847913866328 ], [ 6.276887562657799, 45.114933389466046 ], [ 6.293342219869129, 45.108635751874168 ], [ 6.317030694869856, 45.111934499246075 ], [ 6.332876063386736, 45.119617667082693 ], [ 6.334232578706946, 45.122938597443152 ], [ 6.362713398837356, 45.105031987432994 ], [ 6.374600823318691, 45.082295337574095 ], [ 6.367174479613447, 45.07325561090402 ], [ 6.364877554955565, 45.070170796875772 ], [ 6.396887835211015, 45.061989199966362 ], [ 6.406142992863209, 45.064247929741221 ], [ 6.420353145743019, 45.061216787043598 ], [ 6.434870003216732, 45.06299596955558 ], [ 6.453124047895877, 45.05237341334616 ], [ 6.482138263450604, 45.056246355072268 ], [ 6.487081931725002, 45.056407065924603 ], [ 6.488729451612175, 45.070180925354137 ], [ 6.481724527395921, 45.090453414248586 ], [ 6.487117357659395, 45.096134012690513 ], [ 6.507777678856632, 45.105994445065988 ], [ 6.510422970898438, 45.109002566864611 ], [ 6.530286938936857, 45.09906460890484 ], [ 6.540051561919971, 45.099529898947928 ], [ 6.561367172621134, 45.107313935513034 ], [ 6.563907742341193, 45.113821347350715 ], [ 6.57356979893434, 45.120596350983497 ], [ 6.576530695925343, 45.123097200377231 ] ] ] ] } }
]
}
