<?xml version="1.0" encoding="utf-8"?>
<gpx xmlns:tc2="http://www.garmin.com/xmlschemas/TrainingCenterDatabase/v2" xmlns:xsi="http://www.w3.org/2001/XMLSchema-instance" xmlns:tp1="http://www.garmin.com/xmlschemas/TrackPointExtension/v1" xmlns="http://www.topografix.com/GPX/1/1" version="1.1" creator="TC2 to GPX11 XSLT stylesheet" xsi:schemaLocation="http://www.topografix.com/GPX/1/1 http://www.topografix.com/GPX/1/1/gpx.xsd http://www.garmin.com/xmlschemas/TrackPointExtension/v1 http://www.garmin.com/xmlschemas/TrackPointExtensionv1.xsd">
<trk>
<name>2012-12-09T11:53:46Z</name>
<trkseg>
<trkpt lat="45.8252923" lon="4.8762778">
<ele>266.9031982</ele>
<time>2012-12-09T11:53:46Z</time>
</trkpt>
<trkpt lat="45.8252936" lon="4.8762681">
<ele>267.8645020</ele>
<time>2012-12-09T11:53:47Z</time>
</trkpt>
<trkpt lat="45.8252565" lon="4.8762204">
<ele>268.3450928</ele>
<time>2012-12-09T11:53:51Z</time>
</trkpt>
<trkpt lat="45.8251040" lon="4.8760609">
<ele>268.3450928</ele>
<time>2012-12-09T11:53:58Z</time>
</trkpt>
<trkpt lat="45.8248990" lon="4.8758481">
<ele>269.7871094</ele>
<time>2012-12-09T11:54:06Z</time>
</trkpt>
<trkpt lat="45.8248017" lon="4.8757278">
<ele>270.7484131</ele>
<time>2012-12-09T11:54:10Z</time>
</trkpt>
<trkpt lat="45.8246556" lon="4.8754932">
<ele>270.7484131</ele>
<time>2012-12-09T11:54:17Z</time>
</trkpt>
<trkpt lat="45.8245223" lon="4.8752570">
<ele>267.8645020</ele>
<time>2012-12-09T11:54:23Z</time>
</trkpt>
<trkpt lat="45.8243919" lon="4.8749368">
<ele>265.4613037</ele>
<time>2012-12-09T11:54:30Z</time>
</trkpt>
<trkpt lat="45.8243671" lon="4.8747872">
<ele>263.0578613</ele>
<time>2012-12-09T11:54:35Z</time>
</trkpt>
<trkpt lat="45.8243679" lon="4.8747771">
<ele>262.5771484</ele>
<time>2012-12-09T11:54:36Z</time>
</trkpt>
<trkpt lat="45.8244291" lon="4.8746794">
<ele>262.0965576</ele>
<time>2012-12-09T11:54:41Z</time>
</trkpt>
<trkpt lat="45.8245715" lon="4.8744649">
<ele>261.6159668</ele>
<time>2012-12-09T11:54:46Z</time>
</trkpt>
<trkpt lat="45.8247290" lon="4.8741131">
<ele>260.6545410</ele>
<time>2012-12-09T11:54:51Z</time>
</trkpt>
<trkpt lat="45.8249800" lon="4.8735858">
<ele>257.7707520</ele>
<time>2012-12-09T11:54:58Z</time>
</trkpt>
<trkpt lat="45.8253317" lon="4.8728117">
<ele>252.0028076</ele>
<time>2012-12-09T11:55:08Z</time>
</trkpt>
<trkpt lat="45.8256640" lon="4.8721317">
<ele>249.1187744</ele>
<time>2012-12-09T11:55:17Z</time>
</trkpt>
<trkpt lat="45.8256978" lon="4.8720525">
<ele>249.1187744</ele>
<time>2012-12-09T11:55:18Z</time>
</trkpt>
<trkpt lat="45.8260105" lon="4.8715289">
<ele>247.1960449</ele>
<time>2012-12-09T11:55:25Z</time>
</trkpt>
<trkpt lat="45.8261573" lon="4.8712811">
<ele>246.2348633</ele>
<time>2012-12-09T11:55:28Z</time>
</trkpt>
<trkpt lat="45.8263443" lon="4.8710781">
<ele>246.2348633</ele>
<time>2012-12-09T11:55:31Z</time>
</trkpt>
<trkpt lat="45.8268126" lon="4.8707796">
<ele>242.8702393</ele>
<time>2012-12-09T11:55:37Z</time>
</trkpt>
<trkpt lat="45.8273845" lon="4.8703705">
<ele>239.9862061</ele>
<time>2012-12-09T11:55:44Z</time>
</trkpt>
<trkpt lat="45.8276243" lon="4.8701440">
<ele>239.5054932</ele>
<time>2012-12-09T11:55:47Z</time>
</trkpt>
<trkpt lat="45.8277735" lon="4.8699530">
<ele>238.5443115</ele>
<time>2012-12-09T11:55:49Z</time>
</trkpt>
<trkpt lat="45.8279549" lon="4.8694365">
<ele>235.1796875</ele>
<time>2012-12-09T11:55:53Z</time>
</trkpt>
<trkpt lat="45.8281991" lon="4.8689579">
<ele>231.3343506</ele>
<time>2012-12-09T11:55:57Z</time>
</trkpt>
<trkpt lat="45.8282867" lon="4.8688738">
<ele>230.3730469</ele>
<time>2012-12-09T11:55:58Z</time>
</trkpt>
<trkpt lat="45.8288453" lon="4.8684664">
<ele>226.5278320</ele>
<time>2012-12-09T11:56:04Z</time>
</trkpt>
<trkpt lat="45.8294815" lon="4.8679992">
<ele>221.7211914</ele>
<time>2012-12-09T11:56:11Z</time>
</trkpt>
<trkpt lat="45.8298538" lon="4.8677407">
<ele>219.3179932</ele>
<time>2012-12-09T11:56:15Z</time>
</trkpt>
<trkpt lat="45.8303224" lon="4.8675814">
<ele>216.9146729</ele>
<time>2012-12-09T11:56:20Z</time>
</trkpt>
<trkpt lat="45.8308270" lon="4.8676276">
<ele>214.0306396</ele>
<time>2012-12-09T11:56:25Z</time>
</trkpt>
<trkpt lat="45.8311944" lon="4.8677267">
<ele>210.1854248</ele>
<time>2012-12-09T11:56:29Z</time>
</trkpt>
<trkpt lat="45.8313442" lon="4.8677689">
<ele>208.2628174</ele>
<time>2012-12-09T11:56:31Z</time>
</trkpt>
<trkpt lat="45.8315457" lon="4.8678406">
<ele>205.3787842</ele>
<time>2012-12-09T11:56:35Z</time>
</trkpt>
<trkpt lat="45.8315913" lon="4.8677049">
<ele>204.4174805</ele>
<time>2012-12-09T11:56:37Z</time>
</trkpt>
<trkpt lat="45.8316250" lon="4.8675427">
<ele>202.9754639</ele>
<time>2012-12-09T11:56:39Z</time>
</trkpt>
<trkpt lat="45.8317213" lon="4.8670789">
<ele>200.0916748</ele>
<time>2012-12-09T11:56:44Z</time>
</trkpt>
<trkpt lat="45.8317630" lon="4.8665528">
<ele>197.6882324</ele>
<time>2012-12-09T11:56:49Z</time>
</trkpt>
<trkpt lat="45.8317858" lon="4.8657391">
<ele>197.6882324</ele>
<time>2012-12-09T11:56:56Z</time>
</trkpt>
<trkpt lat="45.8318803" lon="4.8653196">
<ele>196.7269287</ele>
<time>2012-12-09T11:57:00Z</time>
</trkpt>
<trkpt lat="45.8321914" lon="4.8647212">
<ele>194.3237305</ele>
<time>2012-12-09T11:57:07Z</time>
</trkpt>
<trkpt lat="45.8323002" lon="4.8642247">
<ele>193.3623047</ele>
<time>2012-12-09T11:57:12Z</time>
</trkpt>
<trkpt lat="45.8323841" lon="4.8632776">
<ele>193.3623047</ele>
<time>2012-12-09T11:57:21Z</time>
</trkpt>
<trkpt lat="45.8324474" lon="4.8625947">
<ele>192.8817139</ele>
<time>2012-12-09T11:57:27Z</time>
</trkpt>
<trkpt lat="45.8324535" lon="4.8619258">
<ele>190.4783936</ele>
<time>2012-12-09T11:57:33Z</time>
</trkpt>
<trkpt lat="45.8324340" lon="4.8612777">
<ele>188.5557861</ele>
<time>2012-12-09T11:57:39Z</time>
</trkpt>
<trkpt lat="45.8323931" lon="4.8606155">
<ele>189.5169678</ele>
<time>2012-12-09T11:57:45Z</time>
</trkpt>
<trkpt lat="45.8323299" lon="4.8599015">
<ele>189.0363770</ele>
<time>2012-12-09T11:57:52Z</time>
</trkpt>
<trkpt lat="45.8322390" lon="4.8590023">
<ele>188.5557861</ele>
<time>2012-12-09T11:58:01Z</time>
</trkpt>
<trkpt lat="45.8321506" lon="4.8582186">
<ele>188.0750732</ele>
<time>2012-12-09T11:58:09Z</time>
</trkpt>
<trkpt lat="45.8319860" lon="4.8575948">
<ele>187.5943604</ele>
<time>2012-12-09T11:58:16Z</time>
</trkpt>
<trkpt lat="45.8318312" lon="4.8570301">
<ele>187.1137695</ele>
<time>2012-12-09T11:58:23Z</time>
</trkpt>
<trkpt lat="45.8317215" lon="4.8565599">
<ele>189.5169678</ele>
<time>2012-12-09T11:58:30Z</time>
</trkpt>
<trkpt lat="45.8317086" lon="4.8565096">
<ele>189.5169678</ele>
<time>2012-12-09T11:58:31Z</time>
</trkpt>
<trkpt lat="45.8317011" lon="4.8562910">
<ele>190.4783936</ele>
<time>2012-12-09T11:58:36Z</time>
</trkpt>
<trkpt lat="45.8318196" lon="4.8560186">
<ele>189.0363770</ele>
<time>2012-12-09T11:58:42Z</time>
</trkpt>
<trkpt lat="45.8319827" lon="4.8559915">
<ele>188.5557861</ele>
<time>2012-12-09T11:58:45Z</time>
</trkpt>
<trkpt lat="45.8325081" lon="4.8560418">
<ele>186.1524658</ele>
<time>2012-12-09T11:58:53Z</time>
</trkpt>
<trkpt lat="45.8330037" lon="4.8559868">
<ele>185.1911621</ele>
<time>2012-12-09T11:59:00Z</time>
</trkpt>
<trkpt lat="45.8332756" lon="4.8559378">
<ele>185.6717529</ele>
<time>2012-12-09T11:59:05Z</time>
</trkpt>
<trkpt lat="45.8335037" lon="4.8558855">
<ele>187.1137695</ele>
<time>2012-12-09T11:59:11Z</time>
</trkpt>
<trkpt lat="45.8336221" lon="4.8557920">
<ele>188.0750732</ele>
<time>2012-12-09T11:59:15Z</time>
</trkpt>
<trkpt lat="45.8337392" lon="4.8554921">
<ele>186.6331787</ele>
<time>2012-12-09T11:59:22Z</time>
</trkpt>
<trkpt lat="45.8338151" lon="4.8550186">
<ele>186.1524658</ele>
<time>2012-12-09T11:59:31Z</time>
</trkpt>
<trkpt lat="45.8338870" lon="4.8545411">
<ele>187.1137695</ele>
<time>2012-12-09T11:59:40Z</time>
</trkpt>
<trkpt lat="45.8339742" lon="4.8540305">
<ele>186.6331787</ele>
<time>2012-12-09T11:59:50Z</time>
</trkpt>
<trkpt lat="45.8340571" lon="4.8535258">
<ele>186.1524658</ele>
<time>2012-12-09T12:00:00Z</time>
</trkpt>
<trkpt lat="45.8341009" lon="4.8532292">
<ele>185.6717529</ele>
<time>2012-12-09T12:00:06Z</time>
</trkpt>
<trkpt lat="45.8341725" lon="4.8527596">
<ele>187.5943604</ele>
<time>2012-12-09T12:00:14Z</time>
</trkpt>
<trkpt lat="45.8341807" lon="4.8526987">
<ele>188.5557861</ele>
<time>2012-12-09T12:00:15Z</time>
</trkpt>
<trkpt lat="45.8342671" lon="4.8524053">
<ele>188.0750732</ele>
<time>2012-12-09T12:00:20Z</time>
</trkpt>
<trkpt lat="45.8343750" lon="4.8522066">
<ele>188.5557861</ele>
<time>2012-12-09T12:00:26Z</time>
</trkpt>
<trkpt lat="45.8344670" lon="4.8520442">
<ele>189.0363770</ele>
<time>2012-12-09T12:00:32Z</time>
</trkpt>
<trkpt lat="45.8346174" lon="4.8518114">
<ele>190.9589844</ele>
<time>2012-12-09T12:00:41Z</time>
</trkpt>
<trkpt lat="45.8347076" lon="4.8516379">
<ele>190.9589844</ele>
<time>2012-12-09T12:00:47Z</time>
</trkpt>
<trkpt lat="45.8347869" lon="4.8514496">
<ele>190.9589844</ele>
<time>2012-12-09T12:00:52Z</time>
</trkpt>
<trkpt lat="45.8349376" lon="4.8511477">
<ele>190.9589844</ele>
<time>2012-12-09T12:00:59Z</time>
</trkpt>
<trkpt lat="45.8350707" lon="4.8508982">
<ele>191.9202881</ele>
<time>2012-12-09T12:01:05Z</time>
</trkpt>
<trkpt lat="45.8352381" lon="4.8505989">
<ele>193.3623047</ele>
<time>2012-12-09T12:01:13Z</time>
</trkpt>
<trkpt lat="45.8354394" lon="4.8502912">
<ele>195.7656250</ele>
<time>2012-12-09T12:01:22Z</time>
</trkpt>
<trkpt lat="45.8356817" lon="4.8498557">
<ele>197.6882324</ele>
<time>2012-12-09T12:01:33Z</time>
</trkpt>
<trkpt lat="45.8358938" lon="4.8494890">
<ele>199.1301270</ele>
<time>2012-12-09T12:01:43Z</time>
</trkpt>
<trkpt lat="45.8360751" lon="4.8492367">
<ele>200.0916748</ele>
<time>2012-12-09T12:01:50Z</time>
</trkpt>
<trkpt lat="45.8362607" lon="4.8489778">
<ele>200.0916748</ele>
<time>2012-12-09T12:01:57Z</time>
</trkpt>
<trkpt lat="45.8363702" lon="4.8487838">
<ele>200.5722656</ele>
<time>2012-12-09T12:02:02Z</time>
</trkpt>
<trkpt lat="45.8364440" lon="4.8486173">
<ele>199.6108398</ele>
<time>2012-12-09T12:02:05Z</time>
</trkpt>
<trkpt lat="45.8366782" lon="4.8484467">
<ele>196.7269287</ele>
<time>2012-12-09T12:02:09Z</time>
</trkpt>
<trkpt lat="45.8367970" lon="4.8482767">
<ele>194.8043213</ele>
<time>2012-12-09T12:02:11Z</time>
</trkpt>
<trkpt lat="45.8368271" lon="4.8476955">
<ele>190.9589844</ele>
<time>2012-12-09T12:02:15Z</time>
</trkpt>
<trkpt lat="45.8368190" lon="4.8474075">
<ele>188.5557861</ele>
<time>2012-12-09T12:02:17Z</time>
</trkpt>
<trkpt lat="45.8368032" lon="4.8469957">
<ele>185.6717529</ele>
<time>2012-12-09T12:02:21Z</time>
</trkpt>
<trkpt lat="45.8367945" lon="4.8468865">
<ele>185.1911621</ele>
<time>2012-12-09T12:02:23Z</time>
</trkpt>
<trkpt lat="45.8367822" lon="4.8468239">
<ele>185.6717529</ele>
<time>2012-12-09T12:02:25Z</time>
</trkpt>
<trkpt lat="45.8366807" lon="4.8467674">
<ele>184.7105713</ele>
<time>2012-12-09T12:02:29Z</time>
</trkpt>
<trkpt lat="45.8366339" lon="4.8467912">
<ele>184.2298584</ele>
<time>2012-12-09T12:02:30Z</time>
</trkpt>
<trkpt lat="45.8362435" lon="4.8469590">
<ele>179.9038086</ele>
<time>2012-12-09T12:02:36Z</time>
</trkpt>
<trkpt lat="45.8361621" lon="4.8469866">
<ele>179.9038086</ele>
<time>2012-12-09T12:02:37Z</time>
</trkpt>
<trkpt lat="45.8359232" lon="4.8471185">
<ele>177.5006104</ele>
<time>2012-12-09T12:02:40Z</time>
</trkpt>
<trkpt lat="45.8352774" lon="4.8474066">
<ele>174.1358643</ele>
<time>2012-12-09T12:02:48Z</time>
</trkpt>
<trkpt lat="45.8351096" lon="4.8474979">
<ele>172.6939697</ele>
<time>2012-12-09T12:02:51Z</time>
</trkpt>
<trkpt lat="45.8349583" lon="4.8473791">
<ele>171.2520752</ele>
<time>2012-12-09T12:02:55Z</time>
</trkpt>
<trkpt lat="45.8349736" lon="4.8471424">
<ele>170.2906494</ele>
<time>2012-12-09T12:02:58Z</time>
</trkpt>
<trkpt lat="45.8350795" lon="4.8467912">
<ele>171.2520752</ele>
<time>2012-12-09T12:03:03Z</time>
</trkpt>
<trkpt lat="45.8352090" lon="4.8462396">
<ele>170.2906494</ele>
<time>2012-12-09T12:03:10Z</time>
</trkpt>
<trkpt lat="45.8353977" lon="4.8454040">
<ele>169.8100586</ele>
<time>2012-12-09T12:03:20Z</time>
</trkpt>
<trkpt lat="45.8356695" lon="4.8445664">
<ele>170.7713623</ele>
<time>2012-12-09T12:03:31Z</time>
</trkpt>
<trkpt lat="45.8357857" lon="4.8442183">
<ele>168.8487549</ele>
<time>2012-12-09T12:03:36Z</time>
</trkpt>
<trkpt lat="45.8359207" lon="4.8437288">
<ele>168.3680420</ele>
<time>2012-12-09T12:03:43Z</time>
</trkpt>
<trkpt lat="45.8360020" lon="4.8435494">
<ele>168.3680420</ele>
<time>2012-12-09T12:03:46Z</time>
</trkpt>
<trkpt lat="45.8361679" lon="4.8429516">
<ele>166.9260254</ele>
<time>2012-12-09T12:03:55Z</time>
</trkpt>
<trkpt lat="45.8362317" lon="4.8427621">
<ele>166.9260254</ele>
<time>2012-12-09T12:03:58Z</time>
</trkpt>
<trkpt lat="45.8364811" lon="4.8423037">
<ele>165.9647217</ele>
<time>2012-12-09T12:04:06Z</time>
</trkpt>
<trkpt lat="45.8367072" lon="4.8419218">
<ele>165.9647217</ele>
<time>2012-12-09T12:04:13Z</time>
</trkpt>
<trkpt lat="45.8367821" lon="4.8417474">
<ele>166.4453125</ele>
<time>2012-12-09T12:04:16Z</time>
</trkpt>
<trkpt lat="45.8369417" lon="4.8413359">
<ele>166.4453125</ele>
<time>2012-12-09T12:04:24Z</time>
</trkpt>
<trkpt lat="45.8369880" lon="4.8412354">
<ele>165.4841309</ele>
<time>2012-12-09T12:04:29Z</time>
</trkpt>
<trkpt lat="45.8370091" lon="4.8410579">
<ele>166.4453125</ele>
<time>2012-12-09T12:04:34Z</time>
</trkpt>
<trkpt lat="45.8371200" lon="4.8405812">
<ele>167.4067383</ele>
<time>2012-12-09T12:04:43Z</time>
</trkpt>
<trkpt lat="45.8372427" lon="4.8400716">
<ele>165.9647217</ele>
<time>2012-12-09T12:04:52Z</time>
</trkpt>
<trkpt lat="45.8372976" lon="4.8397267">
<ele>168.3680420</ele>
<time>2012-12-09T12:04:59Z</time>
</trkpt>
<trkpt lat="45.8373681" lon="4.8393999">
<ele>167.8873291</ele>
<time>2012-12-09T12:05:06Z</time>
</trkpt>
<trkpt lat="45.8374713" lon="4.8389750">
<ele>168.3680420</ele>
<time>2012-12-09T12:05:14Z</time>
</trkpt>
<trkpt lat="45.8375876" lon="4.8384929">
<ele>170.2906494</ele>
<time>2012-12-09T12:05:22Z</time>
</trkpt>
<trkpt lat="45.8376891" lon="4.8382050">
<ele>170.2906494</ele>
<time>2012-12-09T12:05:27Z</time>
</trkpt>
<trkpt lat="45.8378963" lon="4.8378059">
<ele>171.2520752</ele>
<time>2012-12-09T12:05:34Z</time>
</trkpt>
<trkpt lat="45.8381623" lon="4.8374793">
<ele>169.3294678</ele>
<time>2012-12-09T12:05:41Z</time>
</trkpt>
<trkpt lat="45.8382787" lon="4.8373420">
<ele>168.8487549</ele>
<time>2012-12-09T12:05:44Z</time>
</trkpt>
<trkpt lat="45.8384275" lon="4.8371336">
<ele>167.8873291</ele>
<time>2012-12-09T12:05:48Z</time>
</trkpt>
<trkpt lat="45.8387998" lon="4.8366547">
<ele>167.8873291</ele>
<time>2012-12-09T12:05:57Z</time>
</trkpt>
<trkpt lat="45.8389449" lon="4.8365200">
<ele>166.9260254</ele>
<time>2012-12-09T12:06:00Z</time>
</trkpt>
<trkpt lat="45.8391467" lon="4.8363595">
<ele>167.4067383</ele>
<time>2012-12-09T12:06:04Z</time>
</trkpt>
<trkpt lat="45.8394339" lon="4.8360991">
<ele>168.8487549</ele>
<time>2012-12-09T12:06:10Z</time>
</trkpt>
<trkpt lat="45.8396525" lon="4.8359960">
<ele>169.8100586</ele>
<time>2012-12-09T12:06:14Z</time>
</trkpt>
<trkpt lat="45.8398875" lon="4.8356204">
<ele>166.9260254</ele>
<time>2012-12-09T12:06:20Z</time>
</trkpt>
<trkpt lat="45.8401048" lon="4.8351043">
<ele>165.4841309</ele>
<time>2012-12-09T12:06:26Z</time>
</trkpt>
<trkpt lat="45.8403663" lon="4.8348258">
<ele>164.5227051</ele>
<time>2012-12-09T12:06:31Z</time>
</trkpt>
<trkpt lat="45.8406091" lon="4.8347854">
<ele>164.5227051</ele>
<time>2012-12-09T12:06:35Z</time>
</trkpt>
<trkpt lat="45.8409872" lon="4.8348347">
<ele>165.0034180</ele>
<time>2012-12-09T12:06:42Z</time>
</trkpt>
<trkpt lat="45.8414639" lon="4.8348962">
<ele>164.0421143</ele>
<time>2012-12-09T12:06:51Z</time>
</trkpt>
<trkpt lat="45.8416197" lon="4.8349070">
<ele>164.0421143</ele>
<time>2012-12-09T12:06:54Z</time>
</trkpt>
<trkpt lat="45.8419316" lon="4.8349163">
<ele>165.4841309</ele>
<time>2012-12-09T12:07:00Z</time>
</trkpt>
<trkpt lat="45.8422762" lon="4.8349851">
<ele>166.9260254</ele>
<time>2012-12-09T12:07:07Z</time>
</trkpt>
<trkpt lat="45.8426248" lon="4.8350335">
<ele>165.0034180</ele>
<time>2012-12-09T12:07:14Z</time>
</trkpt>
<trkpt lat="45.8430339" lon="4.8350842">
<ele>165.4841309</ele>
<time>2012-12-09T12:07:22Z</time>
</trkpt>
<trkpt lat="45.8433331" lon="4.8351236">
<ele>166.9260254</ele>
<time>2012-12-09T12:07:28Z</time>
</trkpt>
<trkpt lat="45.8436198" lon="4.8351721">
<ele>168.3680420</ele>
<time>2012-12-09T12:07:34Z</time>
</trkpt>
<trkpt lat="45.8440665" lon="4.8352776">
<ele>166.4453125</ele>
<time>2012-12-09T12:07:43Z</time>
</trkpt>
<trkpt lat="45.8445003" lon="4.8353594">
<ele>166.9260254</ele>
<time>2012-12-09T12:07:52Z</time>
</trkpt>
<trkpt lat="45.8446449" lon="4.8353489">
<ele>166.4453125</ele>
<time>2012-12-09T12:07:55Z</time>
</trkpt>
<trkpt lat="45.8448222" lon="4.8352692">
<ele>167.4067383</ele>
<time>2012-12-09T12:08:00Z</time>
</trkpt>
<trkpt lat="45.8448557" lon="4.8351068">
<ele>169.3294678</ele>
<time>2012-12-09T12:08:04Z</time>
</trkpt>
<trkpt lat="45.8449013" lon="4.8347445">
<ele>169.8100586</ele>
<time>2012-12-09T12:08:12Z</time>
</trkpt>
<trkpt lat="45.8449568" lon="4.8344283">
<ele>169.3294678</ele>
<time>2012-12-09T12:08:19Z</time>
</trkpt>
<trkpt lat="45.8449916" lon="4.8341886">
<ele>171.2520752</ele>
<time>2012-12-09T12:08:24Z</time>
</trkpt>
<trkpt lat="45.8450544" lon="4.8338053">
<ele>170.7713623</ele>
<time>2012-12-09T12:08:32Z</time>
</trkpt>
<trkpt lat="45.8450888" lon="4.8335256">
<ele>169.3294678</ele>
<time>2012-12-09T12:08:39Z</time>
</trkpt>
<trkpt lat="45.8451263" lon="4.8332363">
<ele>169.3294678</ele>
<time>2012-12-09T12:08:44Z</time>
</trkpt>
<trkpt lat="45.8451972" lon="4.8327199">
<ele>167.8873291</ele>
<time>2012-12-09T12:08:52Z</time>
</trkpt>
<trkpt lat="45.8452269" lon="4.8325197">
<ele>167.4067383</ele>
<time>2012-12-09T12:08:57Z</time>
</trkpt>
<trkpt lat="45.8452391" lon="4.8324738">
<ele>166.4453125</ele>
<time>2012-12-09T12:09:00Z</time>
</trkpt>
<trkpt lat="45.8453152" lon="4.8324262">
<ele>166.4453125</ele>
<time>2012-12-09T12:09:04Z</time>
</trkpt>
<trkpt lat="45.8454325" lon="4.8323021">
<ele>166.9260254</ele>
<time>2012-12-09T12:09:08Z</time>
</trkpt>
<trkpt lat="45.8454785" lon="4.8320817">
<ele>166.9260254</ele>
<time>2012-12-09T12:09:12Z</time>
</trkpt>
<trkpt lat="45.8454970" lon="4.8318456">
<ele>166.4453125</ele>
<time>2012-12-09T12:09:16Z</time>
</trkpt>
<trkpt lat="45.8454754" lon="4.8317234">
<ele>165.4841309</ele>
<time>2012-12-09T12:09:18Z</time>
</trkpt>
<trkpt lat="45.8454976" lon="4.8315207">
<ele>165.0034180</ele>
<time>2012-12-09T12:09:23Z</time>
</trkpt>
<trkpt lat="45.8454128" lon="4.8311064">
<ele>166.9260254</ele>
<time>2012-12-09T12:09:31Z</time>
</trkpt>
<trkpt lat="45.8453500" lon="4.8307027">
<ele>168.8487549</ele>
<time>2012-12-09T12:09:40Z</time>
</trkpt>
<trkpt lat="45.8452931" lon="4.8303118">
<ele>167.8873291</ele>
<time>2012-12-09T12:09:48Z</time>
</trkpt>
<trkpt lat="45.8451965" lon="4.8299145">
<ele>166.4453125</ele>
<time>2012-12-09T12:09:57Z</time>
</trkpt>
<trkpt lat="45.8450850" lon="4.8295323">
<ele>167.4067383</ele>
<time>2012-12-09T12:10:06Z</time>
</trkpt>
<trkpt lat="45.8449937" lon="4.8292225">
<ele>168.8487549</ele>
<time>2012-12-09T12:10:14Z</time>
</trkpt>
<trkpt lat="45.8449120" lon="4.8289381">
<ele>173.6552734</ele>
<time>2012-12-09T12:10:21Z</time>
</trkpt>
<trkpt lat="45.8449303" lon="4.8286776">
<ele>174.1358643</ele>
<time>2012-12-09T12:10:28Z</time>
</trkpt>
<trkpt lat="45.8449389" lon="4.8283905">
<ele>176.0585938</ele>
<time>2012-12-09T12:10:37Z</time>
</trkpt>
<trkpt lat="45.8448833" lon="4.8281347">
<ele>180.8652344</ele>
<time>2012-12-09T12:10:44Z</time>
</trkpt>
<trkpt lat="45.8447627" lon="4.8278876">
<ele>184.2298584</ele>
<time>2012-12-09T12:10:51Z</time>
</trkpt>
<trkpt lat="45.8446164" lon="4.8276119">
<ele>187.5943604</ele>
<time>2012-12-09T12:11:00Z</time>
</trkpt>
<trkpt lat="45.8445482" lon="4.8272607">
<ele>188.0750732</ele>
<time>2012-12-09T12:11:10Z</time>
</trkpt>
<trkpt lat="45.8445762" lon="4.8270409">
<ele>188.0750732</ele>
<time>2012-12-09T12:11:17Z</time>
</trkpt>
<trkpt lat="45.8446326" lon="4.8267071">
<ele>186.6331787</ele>
<time>2012-12-09T12:11:28Z</time>
</trkpt>
<trkpt lat="45.8446338" lon="4.8263737">
<ele>188.5557861</ele>
<time>2012-12-09T12:11:37Z</time>
</trkpt>
<trkpt lat="45.8446657" lon="4.8261081">
<ele>189.0363770</ele>
<time>2012-12-09T12:11:45Z</time>
</trkpt>
<trkpt lat="45.8447239" lon="4.8259041">
<ele>192.8817139</ele>
<time>2012-12-09T12:11:52Z</time>
</trkpt>
<trkpt lat="45.8447466" lon="4.8257321">
<ele>195.2849121</ele>
<time>2012-12-09T12:11:59Z</time>
</trkpt>
<trkpt lat="45.8447731" lon="4.8255578">
<ele>197.6882324</ele>
<time>2012-12-09T12:12:07Z</time>
</trkpt>
<trkpt lat="45.8447840" lon="4.8253426">
<ele>195.2849121</ele>
<time>2012-12-09T12:12:16Z</time>
</trkpt>
<trkpt lat="45.8447938" lon="4.8251473">
<ele>192.8817139</ele>
<time>2012-12-09T12:12:23Z</time>
</trkpt>
<trkpt lat="45.8448164" lon="4.8248706">
<ele>193.3623047</ele>
<time>2012-12-09T12:12:33Z</time>
</trkpt>
<trkpt lat="45.8448269" lon="4.8246282">
<ele>193.3623047</ele>
<time>2012-12-09T12:12:42Z</time>
</trkpt>
<trkpt lat="45.8448303" lon="4.8243651">
<ele>198.6495361</ele>
<time>2012-12-09T12:12:50Z</time>
</trkpt>
<trkpt lat="45.8448335" lon="4.8240973">
<ele>201.5335693</ele>
<time>2012-12-09T12:12:59Z</time>
</trkpt>
<trkpt lat="45.8448640" lon="4.8238301">
<ele>202.4948730</ele>
<time>2012-12-09T12:13:09Z</time>
</trkpt>
<trkpt lat="45.8449098" lon="4.8235373">
<ele>202.0142822</ele>
<time>2012-12-09T12:13:21Z</time>
</trkpt>
<trkpt lat="45.8449336" lon="4.8233042">
<ele>203.9368896</ele>
<time>2012-12-09T12:13:30Z</time>
</trkpt>
<trkpt lat="45.8449771" lon="4.8230147">
<ele>207.3013916</ele>
<time>2012-12-09T12:13:41Z</time>
</trkpt>
<trkpt lat="45.8449998" lon="4.8228067">
<ele>209.7048340</ele>
<time>2012-12-09T12:13:49Z</time>
</trkpt>
<trkpt lat="45.8450295" lon="4.8225292">
<ele>212.1080322</ele>
<time>2012-12-09T12:14:00Z</time>
</trkpt>
<trkpt lat="45.8450590" lon="4.8223315">
<ele>214.0306396</ele>
<time>2012-12-09T12:14:08Z</time>
</trkpt>
<trkpt lat="45.8450880" lon="4.8220763">
<ele>214.5112305</ele>
<time>2012-12-09T12:14:18Z</time>
</trkpt>
<trkpt lat="45.8451254" lon="4.8217852">
<ele>214.9919434</ele>
<time>2012-12-09T12:14:30Z</time>
</trkpt>
<trkpt lat="45.8451662" lon="4.8215238">
<ele>218.8372803</ele>
<time>2012-12-09T12:14:40Z</time>
</trkpt>
<trkpt lat="45.8451924" lon="4.8212697">
<ele>222.2017822</ele>
<time>2012-12-09T12:14:50Z</time>
</trkpt>
<trkpt lat="45.8451653" lon="4.8209954">
<ele>225.0859375</ele>
<time>2012-12-09T12:15:01Z</time>
</trkpt>
<trkpt lat="45.8450756" lon="4.8207644">
<ele>229.4117432</ele>
<time>2012-12-09T12:15:10Z</time>
</trkpt>
<trkpt lat="45.8449477" lon="4.8205052">
<ele>232.2957764</ele>
<time>2012-12-09T12:15:22Z</time>
</trkpt>
<trkpt lat="45.8448598" lon="4.8202791">
<ele>235.1796875</ele>
<time>2012-12-09T12:15:32Z</time>
</trkpt>
<trkpt lat="45.8448445" lon="4.8200688">
<ele>235.6602783</ele>
<time>2012-12-09T12:15:41Z</time>
</trkpt>
<trkpt lat="45.8448724" lon="4.8198215">
<ele>236.6217041</ele>
<time>2012-12-09T12:15:51Z</time>
</trkpt>
<trkpt lat="45.8448995" lon="4.8196044">
<ele>238.0635986</ele>
<time>2012-12-09T12:16:00Z</time>
</trkpt>
<trkpt lat="45.8449194" lon="4.8194103">
<ele>239.0249023</ele>
<time>2012-12-09T12:16:08Z</time>
</trkpt>
<trkpt lat="45.8449404" lon="4.8192332">
<ele>240.9476318</ele>
<time>2012-12-09T12:16:16Z</time>
</trkpt>
<trkpt lat="45.8449041" lon="4.8190780">
<ele>243.3508301</ele>
<time>2012-12-09T12:16:22Z</time>
</trkpt>
<trkpt lat="45.8448030" lon="4.8189451">
<ele>247.6767578</ele>
<time>2012-12-09T12:16:29Z</time>
</trkpt>
<trkpt lat="45.8446445" lon="4.8188522">
<ele>251.0413818</ele>
<time>2012-12-09T12:16:38Z</time>
</trkpt>
<trkpt lat="45.8445248" lon="4.8188306">
<ele>252.9639893</ele>
<time>2012-12-09T12:16:45Z</time>
</trkpt>
<trkpt lat="45.8445213" lon="4.8187020">
<ele>254.8865967</ele>
<time>2012-12-09T12:16:51Z</time>
</trkpt>
<trkpt lat="45.8446254" lon="4.8185468">
<ele>256.8093262</ele>
<time>2012-12-09T12:16:59Z</time>
</trkpt>
<trkpt lat="45.8447580" lon="4.8183360">
<ele>259.2126465</ele>
<time>2012-12-09T12:17:10Z</time>
</trkpt>
<trkpt lat="45.8448757" lon="4.8181778">
<ele>262.0965576</ele>
<time>2012-12-09T12:17:19Z</time>
</trkpt>
<trkpt lat="45.8450285" lon="4.8180543">
<ele>263.0578613</ele>
<time>2012-12-09T12:17:28Z</time>
</trkpt>
<trkpt lat="45.8451647" lon="4.8180448">
<ele>264.9805908</ele>
<time>2012-12-09T12:17:35Z</time>
</trkpt>
<trkpt lat="45.8452468" lon="4.8181125">
<ele>265.9418945</ele>
<time>2012-12-09T12:17:40Z</time>
</trkpt>
<trkpt lat="45.8453585" lon="4.8183200">
<ele>265.9418945</ele>
<time>2012-12-09T12:17:49Z</time>
</trkpt>
<trkpt lat="45.8454783" lon="4.8185574">
<ele>267.8645020</ele>
<time>2012-12-09T12:17:59Z</time>
</trkpt>
<trkpt lat="45.8455937" lon="4.8187927">
<ele>270.7484131</ele>
<time>2012-12-09T12:18:09Z</time>
</trkpt>
<trkpt lat="45.8456723" lon="4.8189957">
<ele>272.1904297</ele>
<time>2012-12-09T12:18:17Z</time>
</trkpt>
<trkpt lat="45.8457640" lon="4.8192554">
<ele>274.1130371</ele>
<time>2012-12-09T12:18:27Z</time>
</trkpt>
<trkpt lat="45.8458622" lon="4.8195512">
<ele>275.0744629</ele>
<time>2012-12-09T12:18:37Z</time>
</trkpt>
<trkpt lat="45.8459969" lon="4.8199278">
<ele>276.0356445</ele>
<time>2012-12-09T12:18:48Z</time>
</trkpt>
<trkpt lat="45.8461095" lon="4.8203085">
<ele>278.4389648</ele>
<time>2012-12-09T12:18:58Z</time>
</trkpt>
<trkpt lat="45.8462329" lon="4.8206981">
<ele>280.3616943</ele>
<time>2012-12-09T12:19:09Z</time>
</trkpt>
<trkpt lat="45.8463574" lon="4.8210555">
<ele>281.8035889</ele>
<time>2012-12-09T12:19:19Z</time>
</trkpt>
<trkpt lat="45.8464767" lon="4.8212010">
<ele>282.2843018</ele>
<time>2012-12-09T12:19:25Z</time>
</trkpt>
<trkpt lat="45.8466413" lon="4.8212483">
<ele>281.3229980</ele>
<time>2012-12-09T12:19:31Z</time>
</trkpt>
<trkpt lat="45.8469186" lon="4.8212402">
<ele>282.2843018</ele>
<time>2012-12-09T12:19:40Z</time>
</trkpt>
<trkpt lat="45.8471088" lon="4.8212933">
<ele>283.2456055</ele>
<time>2012-12-09T12:19:47Z</time>
</trkpt>
<trkpt lat="45.8472199" lon="4.8214040">
<ele>284.6876221</ele>
<time>2012-12-09T12:19:53Z</time>
</trkpt>
<trkpt lat="45.8473455" lon="4.8215906">
<ele>285.6488037</ele>
<time>2012-12-09T12:20:02Z</time>
</trkpt>
<trkpt lat="45.8474515" lon="4.8217583">
<ele>287.0908203</ele>
<time>2012-12-09T12:20:10Z</time>
</trkpt>
<trkpt lat="45.8475713" lon="4.8219775">
<ele>288.5329590</ele>
<time>2012-12-09T12:20:20Z</time>
</trkpt>
<trkpt lat="45.8476475" lon="4.8221660">
<ele>289.9748535</ele>
<time>2012-12-09T12:20:28Z</time>
</trkpt>
<trkpt lat="45.8476967" lon="4.8223545">
<ele>290.9361572</ele>
<time>2012-12-09T12:20:36Z</time>
</trkpt>
<trkpt lat="45.8477335" lon="4.8226296">
<ele>293.8200684</ele>
<time>2012-12-09T12:20:47Z</time>
</trkpt>
<trkpt lat="45.8478083" lon="4.8228406">
<ele>295.2619629</ele>
<time>2012-12-09T12:20:56Z</time>
</trkpt>
<trkpt lat="45.8479522" lon="4.8229816">
<ele>296.7041016</ele>
<time>2012-12-09T12:21:05Z</time>
</trkpt>
<trkpt lat="45.8481283" lon="4.8231461">
<ele>299.5880127</ele>
<time>2012-12-09T12:21:16Z</time>
</trkpt>
<trkpt lat="45.8482494" lon="4.8232603">
<ele>301.9913330</ele>
<time>2012-12-09T12:21:24Z</time>
</trkpt>
<trkpt lat="45.8483354" lon="4.8233684">
<ele>303.4332275</ele>
<time>2012-12-09T12:21:31Z</time>
</trkpt>
<trkpt lat="45.8484316" lon="4.8235954">
<ele>305.3559570</ele>
<time>2012-12-09T12:21:41Z</time>
</trkpt>
<trkpt lat="45.8485512" lon="4.8237699">
<ele>306.3172607</ele>
<time>2012-12-09T12:21:51Z</time>
</trkpt>
<trkpt lat="45.8486970" lon="4.8237740">
<ele>308.7204590</ele>
<time>2012-12-09T12:21:59Z</time>
</trkpt>
<trkpt lat="45.8488223" lon="4.8237481">
<ele>311.6044922</ele>
<time>2012-12-09T12:22:06Z</time>
</trkpt>
<trkpt lat="45.8489446" lon="4.8237220">
<ele>313.0465088</ele>
<time>2012-12-09T12:22:13Z</time>
</trkpt>
<trkpt lat="45.8491080" lon="4.8236632">
<ele>315.4498291</ele>
<time>2012-12-09T12:22:22Z</time>
</trkpt>
<trkpt lat="45.8492786" lon="4.8236023">
<ele>318.3336182</ele>
<time>2012-12-09T12:22:31Z</time>
</trkpt>
<trkpt lat="45.8494458" lon="4.8235630">
<ele>320.7370605</ele>
<time>2012-12-09T12:22:40Z</time>
</trkpt>
<trkpt lat="45.8496167" lon="4.8235170">
<ele>322.6596680</ele>
<time>2012-12-09T12:22:49Z</time>
</trkpt>
<trkpt lat="45.8497713" lon="4.8235531">
<ele>325.5435791</ele>
<time>2012-12-09T12:22:57Z</time>
</trkpt>
<trkpt lat="45.8499428" lon="4.8236205">
<ele>326.9855957</ele>
<time>2012-12-09T12:23:06Z</time>
</trkpt>
<trkpt lat="45.8500567" lon="4.8236635">
<ele>327.4661865</ele>
<time>2012-12-09T12:23:12Z</time>
</trkpt>
<trkpt lat="45.8501946" lon="4.8237247">
<ele>328.9083252</ele>
<time>2012-12-09T12:23:20Z</time>
</trkpt>
<trkpt lat="45.8503219" lon="4.8237731">
<ele>328.9083252</ele>
<time>2012-12-09T12:23:28Z</time>
</trkpt>
<trkpt lat="45.8504481" lon="4.8237736">
<ele>329.3889160</ele>
<time>2012-12-09T12:23:35Z</time>
</trkpt>
<trkpt lat="45.8505803" lon="4.8237533">
<ele>329.8695068</ele>
<time>2012-12-09T12:23:43Z</time>
</trkpt>
<trkpt lat="45.8507037" lon="4.8237010">
<ele>332.7535400</ele>
<time>2012-12-09T12:23:51Z</time>
</trkpt>
<trkpt lat="45.8508016" lon="4.8236497">
<ele>334.1954346</ele>
<time>2012-12-09T12:23:57Z</time>
</trkpt>
<trkpt lat="45.8509322" lon="4.8235140">
<ele>333.2341309</ele>
<time>2012-12-09T12:24:05Z</time>
</trkpt>
<trkpt lat="45.8510643" lon="4.8233700">
<ele>336.5988770</ele>
<time>2012-12-09T12:24:14Z</time>
</trkpt>
<trkpt lat="45.8511685" lon="4.8232287">
<ele>340.4440918</ele>
<time>2012-12-09T12:24:22Z</time>
</trkpt>
<trkpt lat="45.8512591" lon="4.8230672">
<ele>341.8859863</ele>
<time>2012-12-09T12:24:30Z</time>
</trkpt>
<trkpt lat="45.8513319" lon="4.8228768">
<ele>340.4440918</ele>
<time>2012-12-09T12:24:38Z</time>
</trkpt>
<trkpt lat="45.8513886" lon="4.8227136">
<ele>341.4052734</ele>
<time>2012-12-09T12:24:45Z</time>
</trkpt>
<trkpt lat="45.8514743" lon="4.8225370">
<ele>342.3666992</ele>
<time>2012-12-09T12:24:52Z</time>
</trkpt>
<trkpt lat="45.8515315" lon="4.8223971">
<ele>342.8472900</ele>
<time>2012-12-09T12:24:58Z</time>
</trkpt>
<trkpt lat="45.8516149" lon="4.8222366">
<ele>344.7700195</ele>
<time>2012-12-09T12:25:05Z</time>
</trkpt>
<trkpt lat="45.8517096" lon="4.8219562">
<ele>347.6539307</ele>
<time>2012-12-09T12:25:16Z</time>
</trkpt>
<trkpt lat="45.8517523" lon="4.8217439">
<ele>350.5378418</ele>
<time>2012-12-09T12:25:24Z</time>
</trkpt>
<trkpt lat="45.8517620" lon="4.8214739">
<ele>355.3444824</ele>
<time>2012-12-09T12:25:32Z</time>
</trkpt>
<trkpt lat="45.8518066" lon="4.8212326">
<ele>361.5931396</ele>
<time>2012-12-09T12:25:40Z</time>
</trkpt>
<trkpt lat="45.8519101" lon="4.8211266">
<ele>361.5931396</ele>
<time>2012-12-09T12:25:47Z</time>
</trkpt>
<trkpt lat="45.8520638" lon="4.8209983">
<ele>361.5931396</ele>
<time>2012-12-09T12:25:56Z</time>
</trkpt>
<trkpt lat="45.8522096" lon="4.8209035">
<ele>363.0350342</ele>
<time>2012-12-09T12:26:04Z</time>
</trkpt>
<trkpt lat="45.8523246" lon="4.8208002">
<ele>363.5157471</ele>
<time>2012-12-09T12:26:12Z</time>
</trkpt>
<trkpt lat="45.8524337" lon="4.8206717">
<ele>364.9576416</ele>
<time>2012-12-09T12:26:20Z</time>
</trkpt>
<trkpt lat="45.8525301" lon="4.8205454">
<ele>366.8802490</ele>
<time>2012-12-09T12:26:27Z</time>
</trkpt>
<trkpt lat="45.8526300" lon="4.8203668">
<ele>364.4769287</ele>
<time>2012-12-09T12:26:35Z</time>
</trkpt>
<trkpt lat="45.8527001" lon="4.8201964">
<ele>364.9576416</ele>
<time>2012-12-09T12:26:43Z</time>
</trkpt>
<trkpt lat="45.8527207" lon="4.8200151">
<ele>364.9576416</ele>
<time>2012-12-09T12:26:51Z</time>
</trkpt>
<trkpt lat="45.8527282" lon="4.8198849">
<ele>365.4383545</ele>
<time>2012-12-09T12:26:57Z</time>
</trkpt>
<trkpt lat="45.8527215" lon="4.8196330">
<ele>368.3222656</ele>
<time>2012-12-09T12:27:06Z</time>
</trkpt>
<trkpt lat="45.8526904" lon="4.8193730">
<ele>375.0515137</ele>
<time>2012-12-09T12:27:14Z</time>
</trkpt>
<trkpt lat="45.8526813" lon="4.8192129">
<ele>381.3000488</ele>
<time>2012-12-09T12:27:20Z</time>
</trkpt>
<trkpt lat="45.8526872" lon="4.8191460">
<ele>380.8194580</ele>
<time>2012-12-09T12:27:23Z</time>
</trkpt>
<trkpt lat="45.8526789" lon="4.8189850">
<ele>382.2613525</ele>
<time>2012-12-09T12:27:30Z</time>
</trkpt>
<trkpt lat="45.8526749" lon="4.8189613">
<ele>382.2613525</ele>
<time>2012-12-09T12:27:31Z</time>
</trkpt>
<trkpt lat="45.8526819" lon="4.8187912">
<ele>381.7806396</ele>
<time>2012-12-09T12:27:39Z</time>
</trkpt>
<trkpt lat="45.8526671" lon="4.8187240">
<ele>386.5874023</ele>
<time>2012-12-09T12:27:41Z</time>
</trkpt>
<trkpt lat="45.8526631" lon="4.8185622">
<ele>384.6647949</ele>
<time>2012-12-09T12:27:49Z</time>
</trkpt>
<trkpt lat="45.8526550" lon="4.8183462">
<ele>388.5100098</ele>
<time>2012-12-09T12:27:57Z</time>
</trkpt>
<trkpt lat="45.8526458" lon="4.8181774">
<ele>393.7972412</ele>
<time>2012-12-09T12:28:03Z</time>
</trkpt>
<trkpt lat="45.8526478" lon="4.8181484">
<ele>394.2779541</ele>
<time>2012-12-09T12:28:04Z</time>
</trkpt>
<trkpt lat="45.8526986" lon="4.8179239">
<ele>398.6037598</ele>
<time>2012-12-09T12:28:12Z</time>
</trkpt>
<trkpt lat="45.8527953" lon="4.8177449">
<ele>398.6037598</ele>
<time>2012-12-09T12:28:20Z</time>
</trkpt>
<trkpt lat="45.8529141" lon="4.8176506">
<ele>396.6811523</ele>
<time>2012-12-09T12:28:28Z</time>
</trkpt>
<trkpt lat="45.8530379" lon="4.8176572">
<ele>395.7198486</ele>
<time>2012-12-09T12:28:35Z</time>
</trkpt>
<trkpt lat="45.8531376" lon="4.8176941">
<ele>395.2391357</ele>
<time>2012-12-09T12:28:40Z</time>
</trkpt>
<trkpt lat="45.8532781" lon="4.8177863">
<ele>399.5650635</ele>
<time>2012-12-09T12:28:47Z</time>
</trkpt>
<trkpt lat="45.8534113" lon="4.8178643">
<ele>399.5650635</ele>
<time>2012-12-09T12:28:55Z</time>
</trkpt>
<trkpt lat="45.8535424" lon="4.8179442">
<ele>398.6037598</ele>
<time>2012-12-09T12:29:03Z</time>
</trkpt>
<trkpt lat="45.8537069" lon="4.8180094">
<ele>398.6037598</ele>
<time>2012-12-09T12:29:12Z</time>
</trkpt>
<trkpt lat="45.8538683" lon="4.8180147">
<ele>398.1231689</ele>
<time>2012-12-09T12:29:20Z</time>
</trkpt>
<trkpt lat="45.8539838" lon="4.8180048">
<ele>400.5264893</ele>
<time>2012-12-09T12:29:26Z</time>
</trkpt>
<trkpt lat="45.8540759" lon="4.8179964">
<ele>403.8911133</ele>
<time>2012-12-09T12:29:32Z</time>
</trkpt>
<trkpt lat="45.8541905" lon="4.8179765">
<ele>406.2943115</ele>
<time>2012-12-09T12:29:39Z</time>
</trkpt>
<trkpt lat="45.8542034" lon="4.8179731">
<ele>406.7749023</ele>
<time>2012-12-09T12:29:40Z</time>
</trkpt>
<trkpt lat="45.8542739" lon="4.8179681">
<ele>407.7363281</ele>
<time>2012-12-09T12:29:45Z</time>
</trkpt>
<trkpt lat="45.8544159" lon="4.8179132">
<ele>409.1783447</ele>
<time>2012-12-09T12:29:53Z</time>
</trkpt>
<trkpt lat="45.8545347" lon="4.8178635">
<ele>410.6202393</ele>
<time>2012-12-09T12:29:59Z</time>
</trkpt>
<trkpt lat="45.8546728" lon="4.8178179">
<ele>413.0235596</ele>
<time>2012-12-09T12:30:06Z</time>
</trkpt>
<trkpt lat="45.8547984" lon="4.8178196">
<ele>415.9074707</ele>
<time>2012-12-09T12:30:12Z</time>
</trkpt>
<trkpt lat="45.8548603" lon="4.8178006">
<ele>416.3881836</ele>
<time>2012-12-09T12:30:15Z</time>
</trkpt>
<trkpt lat="45.8548795" lon="4.8176842">
<ele>416.3881836</ele>
<time>2012-12-09T12:30:20Z</time>
</trkpt>
<trkpt lat="45.8547696" lon="4.8176345">
<ele>415.9074707</ele>
<time>2012-12-09T12:30:25Z</time>
</trkpt>
<trkpt lat="45.8546836" lon="4.8176366">
<ele>415.9074707</ele>
<time>2012-12-09T12:30:28Z</time>
</trkpt>
<trkpt lat="45.8544462" lon="4.8175651">
<ele>414.4654541</ele>
<time>2012-12-09T12:30:37Z</time>
</trkpt>
<trkpt lat="45.8542915" lon="4.8175271">
<ele>414.9461670</ele>
<time>2012-12-09T12:30:43Z</time>
</trkpt>
<trkpt lat="45.8541068" lon="4.8174740">
<ele>413.0235596</ele>
<time>2012-12-09T12:30:50Z</time>
</trkpt>
<trkpt lat="45.8539319" lon="4.8173906">
<ele>410.6202393</ele>
<time>2012-12-09T12:30:57Z</time>
</trkpt>
<trkpt lat="45.8536662" lon="4.8172326">
<ele>412.5428467</ele>
<time>2012-12-09T12:31:07Z</time>
</trkpt>
<trkpt lat="45.8534837" lon="4.8171289">
<ele>412.5428467</ele>
<time>2012-12-09T12:31:14Z</time>
</trkpt>
<trkpt lat="45.8532693" lon="4.8169870">
<ele>417.8302002</ele>
<time>2012-12-09T12:31:21Z</time>
</trkpt>
<trkpt lat="45.8531368" lon="4.8169240">
<ele>419.7528076</ele>
<time>2012-12-09T12:31:26Z</time>
</trkpt>
<trkpt lat="45.8529748" lon="4.8168576">
<ele>422.6367188</ele>
<time>2012-12-09T12:31:32Z</time>
</trkpt>
<trkpt lat="45.8528078" lon="4.8168221">
<ele>425.5207520</ele>
<time>2012-12-09T12:31:37Z</time>
</trkpt>
<trkpt lat="45.8526458" lon="4.8168157">
<ele>427.9239502</ele>
<time>2012-12-09T12:31:42Z</time>
</trkpt>
<trkpt lat="45.8525312" lon="4.8168732">
<ele>427.9239502</ele>
<time>2012-12-09T12:31:46Z</time>
</trkpt>
<trkpt lat="45.8523837" lon="4.8169834">
<ele>429.8465576</ele>
<time>2012-12-09T12:31:51Z</time>
</trkpt>
<trkpt lat="45.8522478" lon="4.8171072">
<ele>432.2500000</ele>
<time>2012-12-09T12:31:56Z</time>
</trkpt>
<trkpt lat="45.8521237" lon="4.8172341">
<ele>428.8853760</ele>
<time>2012-12-09T12:32:01Z</time>
</trkpt>
<trkpt lat="45.8519558" lon="4.8173704">
<ele>425.0401611</ele>
<time>2012-12-09T12:32:07Z</time>
</trkpt>
<trkpt lat="45.8518383" lon="4.8174510">
<ele>422.6367188</ele>
<time>2012-12-09T12:32:11Z</time>
</trkpt>
<trkpt lat="45.8515689" lon="4.8177352">
<ele>420.7141113</ele>
<time>2012-12-09T12:32:21Z</time>
</trkpt>
<trkpt lat="45.8513346" lon="4.8178792">
<ele>419.7528076</ele>
<time>2012-12-09T12:32:29Z</time>
</trkpt>
<trkpt lat="45.8511150" lon="4.8178700">
<ele>420.2333984</ele>
<time>2012-12-09T12:32:36Z</time>
</trkpt>
<trkpt lat="45.8509496" lon="4.8177479">
<ele>421.1948242</ele>
<time>2012-12-09T12:32:42Z</time>
</trkpt>
<trkpt lat="45.8508441" lon="4.8175266">
<ele>421.1948242</ele>
<time>2012-12-09T12:32:48Z</time>
</trkpt>
<trkpt lat="45.8508068" lon="4.8172232">
<ele>420.7141113</ele>
<time>2012-12-09T12:32:55Z</time>
</trkpt>
<trkpt lat="45.8507747" lon="4.8167954">
<ele>420.7141113</ele>
<time>2012-12-09T12:33:05Z</time>
</trkpt>
<trkpt lat="45.8507483" lon="4.8163872">
<ele>422.1560059</ele>
<time>2012-12-09T12:33:14Z</time>
</trkpt>
<trkpt lat="45.8507436" lon="4.8159961">
<ele>426.0013428</ele>
<time>2012-12-09T12:33:22Z</time>
</trkpt>
<trkpt lat="45.8507814" lon="4.8155749">
<ele>428.4046631</ele>
<time>2012-12-09T12:33:31Z</time>
</trkpt>
<trkpt lat="45.8508586" lon="4.8150296">
<ele>429.8465576</ele>
<time>2012-12-09T12:33:43Z</time>
</trkpt>
<trkpt lat="45.8509533" lon="4.8145481">
<ele>430.3272705</ele>
<time>2012-12-09T12:33:54Z</time>
</trkpt>
<trkpt lat="45.8510436" lon="4.8142329">
<ele>430.8079834</ele>
<time>2012-12-09T12:34:02Z</time>
</trkpt>
<trkpt lat="45.8511682" lon="4.8139070">
<ele>432.2500000</ele>
<time>2012-12-09T12:34:11Z</time>
</trkpt>
<trkpt lat="45.8513304" lon="4.8136310">
<ele>431.2885742</ele>
<time>2012-12-09T12:34:20Z</time>
</trkpt>
<trkpt lat="45.8513642" lon="4.8133976">
<ele>430.8079834</ele>
<time>2012-12-09T12:34:26Z</time>
</trkpt>
<trkpt lat="45.8513010" lon="4.8132194">
<ele>432.7307129</ele>
<time>2012-12-09T12:34:31Z</time>
</trkpt>
<trkpt lat="45.8511231" lon="4.8130528">
<ele>438.9791260</ele>
<time>2012-12-09T12:34:37Z</time>
</trkpt>
<trkpt lat="45.8509170" lon="4.8129958">
<ele>440.9018555</ele>
<time>2012-12-09T12:34:44Z</time>
</trkpt>
<trkpt lat="45.8507431" lon="4.8129984">
<ele>442.3438721</ele>
<time>2012-12-09T12:34:50Z</time>
</trkpt>
<trkpt lat="45.8505110" lon="4.8130512">
<ele>441.8631592</ele>
<time>2012-12-09T12:34:58Z</time>
</trkpt>
<trkpt lat="45.8503226" lon="4.8131297">
<ele>440.4212646</ele>
<time>2012-12-09T12:35:05Z</time>
</trkpt>
<trkpt lat="45.8500800" lon="4.8132031">
<ele>439.4597168</ele>
<time>2012-12-09T12:35:14Z</time>
</trkpt>
<trkpt lat="45.8498336" lon="4.8131264">
<ele>441.3824463</ele>
<time>2012-12-09T12:35:22Z</time>
</trkpt>
<trkpt lat="45.8496490" lon="4.8129393">
<ele>442.3438721</ele>
<time>2012-12-09T12:35:30Z</time>
</trkpt>
<trkpt lat="45.8495102" lon="4.8126160">
<ele>444.2664795</ele>
<time>2012-12-09T12:35:40Z</time>
</trkpt>
<trkpt lat="45.8494563" lon="4.8124066">
<ele>445.7083740</ele>
<time>2012-12-09T12:35:46Z</time>
</trkpt>
<trkpt lat="45.8493686" lon="4.8121291">
<ele>446.1890869</ele>
<time>2012-12-09T12:35:54Z</time>
</trkpt>
<trkpt lat="45.8492740" lon="4.8118018">
<ele>446.6696777</ele>
<time>2012-12-09T12:36:03Z</time>
</trkpt>
<trkpt lat="45.8492016" lon="4.8114013">
<ele>445.7083740</ele>
<time>2012-12-09T12:36:14Z</time>
</trkpt>
<trkpt lat="45.8491211" lon="4.8111551">
<ele>445.2276611</ele>
<time>2012-12-09T12:36:21Z</time>
</trkpt>
<trkpt lat="45.8489756" lon="4.8109947">
<ele>449.5537109</ele>
<time>2012-12-09T12:36:27Z</time>
</trkpt>
<trkpt lat="45.8487917" lon="4.8109170">
<ele>452.9182129</ele>
<time>2012-12-09T12:36:34Z</time>
</trkpt>
<trkpt lat="45.8486364" lon="4.8108580">
<ele>451.9570313</ele>
<time>2012-12-09T12:36:40Z</time>
</trkpt>
<trkpt lat="45.8484503" lon="4.8107109">
<ele>453.3989258</ele>
<time>2012-12-09T12:36:47Z</time>
</trkpt>
<trkpt lat="45.8482771" lon="4.8104807">
<ele>454.8408203</ele>
<time>2012-12-09T12:36:55Z</time>
</trkpt>
<trkpt lat="45.8481523" lon="4.8101926">
<ele>456.2829590</ele>
<time>2012-12-09T12:37:03Z</time>
</trkpt>
<trkpt lat="45.8480642" lon="4.8098515">
<ele>460.6087646</ele>
<time>2012-12-09T12:37:11Z</time>
</trkpt>
<trkpt lat="45.8480240" lon="4.8094700">
<ele>462.5313721</ele>
<time>2012-12-09T12:37:20Z</time>
</trkpt>
<trkpt lat="45.8480043" lon="4.8090870">
<ele>461.0894775</ele>
<time>2012-12-09T12:37:29Z</time>
</trkpt>
<trkpt lat="45.8479862" lon="4.8088848">
<ele>462.5313721</ele>
<time>2012-12-09T12:37:34Z</time>
</trkpt>
<trkpt lat="45.8479373" lon="4.8085922">
<ele>464.9348145</ele>
<time>2012-12-09T12:37:41Z</time>
</trkpt>
<trkpt lat="45.8478242" lon="4.8083105">
<ele>463.0120850</ele>
<time>2012-12-09T12:37:49Z</time>
</trkpt>
<trkpt lat="45.8476672" lon="4.8081902">
<ele>464.9348145</ele>
<time>2012-12-09T12:37:55Z</time>
</trkpt>
<trkpt lat="45.8474282" lon="4.8081850">
<ele>463.9733887</ele>
<time>2012-12-09T12:38:03Z</time>
</trkpt>
<trkpt lat="45.8472396" lon="4.8082523">
<ele>462.0507813</ele>
<time>2012-12-09T12:38:10Z</time>
</trkpt>
<trkpt lat="45.8470687" lon="4.8083415">
<ele>465.8961182</ele>
<time>2012-12-09T12:38:16Z</time>
</trkpt>
<trkpt lat="45.8468694" lon="4.8084554">
<ele>464.4541016</ele>
<time>2012-12-09T12:38:23Z</time>
</trkpt>
<trkpt lat="45.8467047" lon="4.8084916">
<ele>462.5313721</ele>
<time>2012-12-09T12:38:29Z</time>
</trkpt>
<trkpt lat="45.8465276" lon="4.8084300">
<ele>463.4927979</ele>
<time>2012-12-09T12:38:35Z</time>
</trkpt>
<trkpt lat="45.8462808" lon="4.8082616">
<ele>465.8961182</ele>
<time>2012-12-09T12:38:44Z</time>
</trkpt>
<trkpt lat="45.8461438" lon="4.8080980">
<ele>466.8574219</ele>
<time>2012-12-09T12:38:50Z</time>
</trkpt>
<trkpt lat="45.8459547" lon="4.8078303">
<ele>466.8574219</ele>
<time>2012-12-09T12:38:59Z</time>
</trkpt>
<trkpt lat="45.8458023" lon="4.8075764">
<ele>465.4155273</ele>
<time>2012-12-09T12:39:07Z</time>
</trkpt>
<trkpt lat="45.8456783" lon="4.8072081">
<ele>469.7413330</ele>
<time>2012-12-09T12:39:16Z</time>
</trkpt>
<trkpt lat="45.8456215" lon="4.8068038">
<ele>476.9512939</ele>
<time>2012-12-09T12:39:25Z</time>
</trkpt>
<trkpt lat="45.8456117" lon="4.8065615">
<ele>477.4318848</ele>
<time>2012-12-09T12:39:31Z</time>
</trkpt>
<trkpt lat="45.8455889" lon="4.8062778">
<ele>477.4318848</ele>
<time>2012-12-09T12:39:38Z</time>
</trkpt>
<trkpt lat="45.8455198" lon="4.8060616">
<ele>476.9512939</ele>
<time>2012-12-09T12:39:44Z</time>
</trkpt>
<trkpt lat="45.8453551" lon="4.8059710">
<ele>479.3544922</ele>
<time>2012-12-09T12:39:50Z</time>
</trkpt>
<trkpt lat="45.8452468" lon="4.8060234">
<ele>479.3544922</ele>
<time>2012-12-09T12:39:54Z</time>
</trkpt>
<trkpt lat="45.8450942" lon="4.8061582">
<ele>479.8350830</ele>
<time>2012-12-09T12:40:00Z</time>
</trkpt>
<trkpt lat="45.8449104" lon="4.8063356">
<ele>481.7578125</ele>
<time>2012-12-09T12:40:07Z</time>
</trkpt>
<trkpt lat="45.8446824" lon="4.8065493">
<ele>480.3159180</ele>
<time>2012-12-09T12:40:16Z</time>
</trkpt>
<trkpt lat="45.8444006" lon="4.8066745">
<ele>478.8739014</ele>
<time>2012-12-09T12:40:26Z</time>
</trkpt>
<trkpt lat="45.8440771" lon="4.8067153">
<ele>477.4318848</ele>
<time>2012-12-09T12:40:37Z</time>
</trkpt>
<trkpt lat="45.8438188" lon="4.8065906">
<ele>483.1998291</ele>
<time>2012-12-09T12:40:45Z</time>
</trkpt>
<trkpt lat="45.8435576" lon="4.8063684">
<ele>484.6418457</ele>
<time>2012-12-09T12:40:55Z</time>
</trkpt>
<trkpt lat="45.8432719" lon="4.8061765">
<ele>487.0450439</ele>
<time>2012-12-09T12:41:06Z</time>
</trkpt>
<trkpt lat="45.8430948" lon="4.8061030">
<ele>489.4483643</ele>
<time>2012-12-09T12:41:13Z</time>
</trkpt>
<trkpt lat="45.8428527" lon="4.8059809">
<ele>488.4871826</ele>
<time>2012-12-09T12:41:22Z</time>
</trkpt>
<trkpt lat="45.8426191" lon="4.8057698">
<ele>488.9677734</ele>
<time>2012-12-09T12:41:31Z</time>
</trkpt>
<trkpt lat="45.8423780" lon="4.8054480">
<ele>490.8903809</ele>
<time>2012-12-09T12:41:42Z</time>
</trkpt>
<trkpt lat="45.8421336" lon="4.8050990">
<ele>494.7355957</ele>
<time>2012-12-09T12:41:53Z</time>
</trkpt>
<trkpt lat="45.8420585" lon="4.8048268">
<ele>495.6968994</ele>
<time>2012-12-09T12:42:00Z</time>
</trkpt>
<trkpt lat="45.8420365" lon="4.8045511">
<ele>496.1777344</ele>
<time>2012-12-09T12:42:07Z</time>
</trkpt>
<trkpt lat="45.8419499" lon="4.8041984">
<ele>503.3874512</ele>
<time>2012-12-09T12:42:15Z</time>
</trkpt>
<trkpt lat="45.8418139" lon="4.8040337">
<ele>508.6746826</ele>
<time>2012-12-09T12:42:21Z</time>
</trkpt>
<trkpt lat="45.8416402" lon="4.8040611">
<ele>506.7520752</ele>
<time>2012-12-09T12:42:27Z</time>
</trkpt>
<trkpt lat="45.8415195" lon="4.8041127">
<ele>507.2327881</ele>
<time>2012-12-09T12:42:31Z</time>
</trkpt>
<trkpt lat="45.8413655" lon="4.8042704">
<ele>504.8294678</ele>
<time>2012-12-09T12:42:37Z</time>
</trkpt>
<trkpt lat="45.8411893" lon="4.8043787">
<ele>502.9067383</ele>
<time>2012-12-09T12:42:43Z</time>
</trkpt>
<trkpt lat="45.8409537" lon="4.8044285">
<ele>501.9455566</ele>
<time>2012-12-09T12:42:51Z</time>
</trkpt>
<trkpt lat="45.8406817" lon="4.8043942">
<ele>500.9841309</ele>
<time>2012-12-09T12:43:00Z</time>
</trkpt>
<trkpt lat="45.8403804" lon="4.8042906">
<ele>500.9841309</ele>
<time>2012-12-09T12:43:10Z</time>
</trkpt>
<trkpt lat="45.8400829" lon="4.8041709">
<ele>501.9455566</ele>
<time>2012-12-09T12:43:20Z</time>
</trkpt>
<trkpt lat="45.8398571" lon="4.8040378">
<ele>502.9067383</ele>
<time>2012-12-09T12:43:28Z</time>
</trkpt>
<trkpt lat="45.8395981" lon="4.8038311">
<ele>503.3874512</ele>
<time>2012-12-09T12:43:38Z</time>
</trkpt>
<trkpt lat="45.8394011" lon="4.8035665">
<ele>504.3488770</ele>
<time>2012-12-09T12:43:47Z</time>
</trkpt>
<trkpt lat="45.8392811" lon="4.8032655">
<ele>505.3101807</ele>
<time>2012-12-09T12:43:55Z</time>
</trkpt>
<trkpt lat="45.8391612" lon="4.8028551">
<ele>507.2327881</ele>
<time>2012-12-09T12:44:05Z</time>
</trkpt>
<trkpt lat="45.8390208" lon="4.8024946">
<ele>510.5972900</ele>
<time>2012-12-09T12:44:14Z</time>
</trkpt>
<trkpt lat="45.8388885" lon="4.8020921">
<ele>511.5587158</ele>
<time>2012-12-09T12:44:24Z</time>
</trkpt>
<trkpt lat="45.8387703" lon="4.8017269">
<ele>511.5587158</ele>
<time>2012-12-09T12:44:33Z</time>
</trkpt>
<trkpt lat="45.8386929" lon="4.8013701">
<ele>512.5200195</ele>
<time>2012-12-09T12:44:41Z</time>
</trkpt>
<trkpt lat="45.8386387" lon="4.8010375">
<ele>511.0780029</ele>
<time>2012-12-09T12:44:49Z</time>
</trkpt>
<trkpt lat="45.8385760" lon="4.8006535">
<ele>509.1553955</ele>
<time>2012-12-09T12:44:58Z</time>
</trkpt>
<trkpt lat="45.8385201" lon="4.8003116">
<ele>510.5972900</ele>
<time>2012-12-09T12:45:06Z</time>
</trkpt>
<trkpt lat="45.8384296" lon="4.7999379">
<ele>513.9620361</ele>
<time>2012-12-09T12:45:15Z</time>
</trkpt>
<trkpt lat="45.8382809" lon="4.7996481">
<ele>515.4040527</ele>
<time>2012-12-09T12:45:23Z</time>
</trkpt>
<trkpt lat="45.8380708" lon="4.7994624">
<ele>520.2105713</ele>
<time>2012-12-09T12:45:30Z</time>
</trkpt>
<trkpt lat="45.8378264" lon="4.7992740">
<ele>521.6525879</ele>
<time>2012-12-09T12:45:39Z</time>
</trkpt>
<trkpt lat="45.8377374" lon="4.7990823">
<ele>521.1719971</ele>
<time>2012-12-09T12:45:45Z</time>
</trkpt>
<trkpt lat="45.8377624" lon="4.7988142">
<ele>520.6912842</ele>
<time>2012-12-09T12:45:51Z</time>
</trkpt>
<trkpt lat="45.8378549" lon="4.7985908">
<ele>521.1719971</ele>
<time>2012-12-09T12:45:57Z</time>
</trkpt>
<trkpt lat="45.8379449" lon="4.7984730">
<ele>520.6912842</ele>
<time>2012-12-09T12:46:01Z</time>
</trkpt>
<trkpt lat="45.8380322" lon="4.7983484">
<ele>521.1719971</ele>
<time>2012-12-09T12:46:06Z</time>
</trkpt>
<trkpt lat="45.8380507" lon="4.7983233">
<ele>522.6138916</ele>
<time>2012-12-09T12:46:14Z</time>
</trkpt>
<trkpt lat="45.8380744" lon="4.7982640">
<ele>522.1331787</ele>
<time>2012-12-09T12:46:22Z</time>
</trkpt>
<trkpt lat="45.8381667" lon="4.7981314">
<ele>521.1719971</ele>
<time>2012-12-09T12:46:28Z</time>
</trkpt>
<trkpt lat="45.8382757" lon="4.7979695">
<ele>519.2492676</ele>
<time>2012-12-09T12:46:34Z</time>
</trkpt>
<trkpt lat="45.8383969" lon="4.7977430">
<ele>518.7685547</ele>
<time>2012-12-09T12:46:41Z</time>
</trkpt>
<trkpt lat="45.8384901" lon="4.7974872">
<ele>516.8459473</ele>
<time>2012-12-09T12:46:48Z</time>
</trkpt>
<trkpt lat="45.8385962" lon="4.7971306">
<ele>516.3652344</ele>
<time>2012-12-09T12:46:56Z</time>
</trkpt>
<trkpt lat="45.8387057" lon="4.7966443">
<ele>517.8072510</ele>
<time>2012-12-09T12:47:05Z</time>
</trkpt>
<trkpt lat="45.8388817" lon="4.7962189">
<ele>517.3266602</ele>
<time>2012-12-09T12:47:13Z</time>
</trkpt>
<trkpt lat="45.8390889" lon="4.7957563">
<ele>518.2878418</ele>
<time>2012-12-09T12:47:22Z</time>
</trkpt>
<trkpt lat="45.8393070" lon="4.7952998">
<ele>524.0557861</ele>
<time>2012-12-09T12:47:31Z</time>
</trkpt>
<trkpt lat="45.8395453" lon="4.7950947">
<ele>523.5751953</ele>
<time>2012-12-09T12:47:38Z</time>
</trkpt>
<trkpt lat="45.8398515" lon="4.7948323">
<ele>525.9783936</ele>
<time>2012-12-09T12:47:47Z</time>
</trkpt>
<trkpt lat="45.8401547" lon="4.7945732">
<ele>527.4204102</ele>
<time>2012-12-09T12:47:55Z</time>
</trkpt>
<trkpt lat="45.8401934" lon="4.7945365">
<ele>527.9010010</ele>
<time>2012-12-09T12:47:56Z</time>
</trkpt>
<trkpt lat="45.8404797" lon="4.7943075">
<ele>527.9010010</ele>
<time>2012-12-09T12:48:03Z</time>
</trkpt>
<trkpt lat="45.8407879" lon="4.7940718">
<ele>524.5364990</ele>
<time>2012-12-09T12:48:09Z</time>
</trkpt>
<trkpt lat="45.8412077" lon="4.7937697">
<ele>522.1331787</ele>
<time>2012-12-09T12:48:16Z</time>
</trkpt>
<trkpt lat="45.8417005" lon="4.7935124">
<ele>521.1719971</ele>
<time>2012-12-09T12:48:23Z</time>
</trkpt>
<trkpt lat="45.8418627" lon="4.7934569">
<ele>520.6912842</ele>
<time>2012-12-09T12:48:26Z</time>
</trkpt>
<trkpt lat="45.8419025" lon="4.7933061">
<ele>519.2492676</ele>
<time>2012-12-09T12:48:30Z</time>
</trkpt>
<trkpt lat="45.8418161" lon="4.7932622">
<ele>519.2492676</ele>
<time>2012-12-09T12:48:32Z</time>
</trkpt>
<trkpt lat="45.8414142" lon="4.7931036">
<ele>516.8459473</ele>
<time>2012-12-09T12:48:39Z</time>
</trkpt>
<trkpt lat="45.8409184" lon="4.7928757">
<ele>513.4814453</ele>
<time>2012-12-09T12:48:46Z</time>
</trkpt>
<trkpt lat="45.8405021" lon="4.7927971">
<ele>509.6361084</ele>
<time>2012-12-09T12:48:51Z</time>
</trkpt>
<trkpt lat="45.8400203" lon="4.7928887">
<ele>505.7908936</ele>
<time>2012-12-09T12:48:56Z</time>
</trkpt>
<trkpt lat="45.8393819" lon="4.7930057">
<ele>501.4648438</ele>
<time>2012-12-09T12:49:02Z</time>
</trkpt>
<trkpt lat="45.8390502" lon="4.7929985">
<ele>499.5422363</ele>
<time>2012-12-09T12:49:05Z</time>
</trkpt>
<trkpt lat="45.8385009" lon="4.7931705">
<ele>495.6968994</ele>
<time>2012-12-09T12:49:10Z</time>
</trkpt>
<trkpt lat="45.8378234" lon="4.7933969">
<ele>491.8516846</ele>
<time>2012-12-09T12:49:16Z</time>
</trkpt>
<trkpt lat="45.8369198" lon="4.7934652">
<ele>488.4871826</ele>
<time>2012-12-09T12:49:24Z</time>
</trkpt>
<trkpt lat="45.8357229" lon="4.7935594">
<ele>482.7192383</ele>
<time>2012-12-09T12:49:35Z</time>
</trkpt>
<trkpt lat="45.8351078" lon="4.7936289">
<ele>481.2772217</ele>
<time>2012-12-09T12:49:41Z</time>
</trkpt>
<trkpt lat="45.8346413" lon="4.7936686">
<ele>480.3159180</ele>
<time>2012-12-09T12:49:46Z</time>
</trkpt>
<trkpt lat="45.8342244" lon="4.7935404">
<ele>479.8350830</ele>
<time>2012-12-09T12:49:51Z</time>
</trkpt>
<trkpt lat="45.8337720" lon="4.7934288">
<ele>479.8350830</ele>
<time>2012-12-09T12:49:57Z</time>
</trkpt>
<trkpt lat="45.8330660" lon="4.7933414">
<ele>477.4318848</ele>
<time>2012-12-09T12:50:07Z</time>
</trkpt>
<trkpt lat="45.8329979" lon="4.7933283">
<ele>476.9512939</ele>
<time>2012-12-09T12:50:08Z</time>
</trkpt>
<trkpt lat="45.8328601" lon="4.7933161">
<ele>476.9512939</ele>
<time>2012-12-09T12:50:10Z</time>
</trkpt>
<trkpt lat="45.8323901" lon="4.7931445">
<ele>475.9898682</ele>
<time>2012-12-09T12:50:17Z</time>
</trkpt>
<trkpt lat="45.8317386" lon="4.7929456">
<ele>475.5092773</ele>
<time>2012-12-09T12:50:27Z</time>
</trkpt>
<trkpt lat="45.8312189" lon="4.7927882">
<ele>473.5866699</ele>
<time>2012-12-09T12:50:35Z</time>
</trkpt>
<trkpt lat="45.8307220" lon="4.7927072">
<ele>472.6253662</ele>
<time>2012-12-09T12:50:41Z</time>
</trkpt>
<trkpt lat="45.8300987" lon="4.7927639">
<ele>468.7800293</ele>
<time>2012-12-09T12:50:48Z</time>
</trkpt>
<trkpt lat="45.8296539" lon="4.7928934">
<ele>465.4155273</ele>
<time>2012-12-09T12:50:53Z</time>
</trkpt>
<trkpt lat="45.8293969" lon="4.7929815">
<ele>463.4927979</ele>
<time>2012-12-09T12:50:56Z</time>
</trkpt>
<trkpt lat="45.8290358" lon="4.7929259">
<ele>461.5701904</ele>
<time>2012-12-09T12:51:00Z</time>
</trkpt>
<trkpt lat="45.8288039" lon="4.7926992">
<ele>460.1281738</ele>
<time>2012-12-09T12:51:03Z</time>
</trkpt>
<trkpt lat="45.8286536" lon="4.7923514">
<ele>459.1668701</ele>
<time>2012-12-09T12:51:06Z</time>
</trkpt>
<trkpt lat="45.8284882" lon="4.7915639">
<ele>457.7249756</ele>
<time>2012-12-09T12:51:12Z</time>
</trkpt>
<trkpt lat="45.8282284" lon="4.7912508">
<ele>456.2829590</ele>
<time>2012-12-09T12:51:16Z</time>
</trkpt>
<trkpt lat="45.8280483" lon="4.7911758">
<ele>455.3215332</ele>
<time>2012-12-09T12:51:18Z</time>
</trkpt>
<trkpt lat="45.8272850" lon="4.7910182">
<ele>450.5150146</ele>
<time>2012-12-09T12:51:26Z</time>
</trkpt>
<trkpt lat="45.8270311" lon="4.7909648">
<ele>448.1118164</ele>
<time>2012-12-09T12:51:30Z</time>
</trkpt>
<trkpt lat="45.8269903" lon="4.7909564">
<ele>448.1118164</ele>
<time>2012-12-09T12:51:31Z</time>
</trkpt>
<trkpt lat="45.8269353" lon="4.7907809">
<ele>447.6309814</ele>
<time>2012-12-09T12:51:35Z</time>
</trkpt>
<trkpt lat="45.8269491" lon="4.7907395">
<ele>447.6309814</ele>
<time>2012-12-09T12:51:36Z</time>
</trkpt>
<trkpt lat="45.8270973" lon="4.7903072">
<ele>445.7083740</ele>
<time>2012-12-09T12:51:45Z</time>
</trkpt>
<trkpt lat="45.8272784" lon="4.7898993">
<ele>445.7083740</ele>
<time>2012-12-09T12:51:51Z</time>
</trkpt>
<trkpt lat="45.8274601" lon="4.7897247">
<ele>444.7470703</ele>
<time>2012-12-09T12:51:55Z</time>
</trkpt>
<trkpt lat="45.8278660" lon="4.7894460">
<ele>446.1890869</ele>
<time>2012-12-09T12:52:04Z</time>
</trkpt>
<trkpt lat="45.8280566" lon="4.7892833">
<ele>448.1118164</ele>
<time>2012-12-09T12:52:09Z</time>
</trkpt>
<trkpt lat="45.8283003" lon="4.7891047">
<ele>449.5537109</ele>
<time>2012-12-09T12:52:17Z</time>
</trkpt>
<trkpt lat="45.8285023" lon="4.7889416">
<ele>452.4376221</ele>
<time>2012-12-09T12:52:25Z</time>
</trkpt>
<trkpt lat="45.8287375" lon="4.7887864">
<ele>452.4376221</ele>
<time>2012-12-09T12:52:34Z</time>
</trkpt>
<trkpt lat="45.8289830" lon="4.7886289">
<ele>454.3602295</ele>
<time>2012-12-09T12:52:43Z</time>
</trkpt>
<trkpt lat="45.8292068" lon="4.7885105">
<ele>458.2055664</ele>
<time>2012-12-09T12:52:51Z</time>
</trkpt>
<trkpt lat="45.8294217" lon="4.7883535">
<ele>458.6861572</ele>
<time>2012-12-09T12:53:00Z</time>
</trkpt>
<trkpt lat="45.8295648" lon="4.7882174">
<ele>456.7635498</ele>
<time>2012-12-09T12:53:04Z</time>
</trkpt>
<trkpt lat="45.8298226" lon="4.7879781">
<ele>453.8796387</ele>
<time>2012-12-09T12:53:09Z</time>
</trkpt>
<trkpt lat="45.8300967" lon="4.7875987">
<ele>450.5150146</ele>
<time>2012-12-09T12:53:15Z</time>
</trkpt>
<trkpt lat="45.8302955" lon="4.7872300">
<ele>448.5924072</ele>
<time>2012-12-09T12:53:21Z</time>
</trkpt>
<trkpt lat="45.8304521" lon="4.7869528">
<ele>446.6696777</ele>
<time>2012-12-09T12:53:26Z</time>
</trkpt>
<trkpt lat="45.8306382" lon="4.7866280">
<ele>445.7083740</ele>
<time>2012-12-09T12:53:33Z</time>
</trkpt>
<trkpt lat="45.8307914" lon="4.7863487">
<ele>445.7083740</ele>
<time>2012-12-09T12:53:40Z</time>
</trkpt>
<trkpt lat="45.8309449" lon="4.7860287">
<ele>444.2664795</ele>
<time>2012-12-09T12:53:46Z</time>
</trkpt>
<trkpt lat="45.8311590" lon="4.7856877">
<ele>442.8244629</ele>
<time>2012-12-09T12:53:51Z</time>
</trkpt>
<trkpt lat="45.8314767" lon="4.7854326">
<ele>440.4212646</ele>
<time>2012-12-09T12:53:56Z</time>
</trkpt>
<trkpt lat="45.8316466" lon="4.7853279">
<ele>440.9018555</ele>
<time>2012-12-09T12:53:58Z</time>
</trkpt>
<trkpt lat="45.8318766" lon="4.7850650">
<ele>440.9018555</ele>
<time>2012-12-09T12:54:02Z</time>
</trkpt>
<trkpt lat="45.8320237" lon="4.7848564">
<ele>440.9018555</ele>
<time>2012-12-09T12:54:05Z</time>
</trkpt>
<trkpt lat="45.8321261" lon="4.7847497">
<ele>440.9018555</ele>
<time>2012-12-09T12:54:07Z</time>
</trkpt>
<trkpt lat="45.8322978" lon="4.7845757">
<ele>443.3050537</ele>
<time>2012-12-09T12:54:11Z</time>
</trkpt>
<trkpt lat="45.8324282" lon="4.7843232">
<ele>445.2276611</ele>
<time>2012-12-09T12:54:16Z</time>
</trkpt>
<trkpt lat="45.8325680" lon="4.7838961">
<ele>443.3050537</ele>
<time>2012-12-09T12:54:23Z</time>
</trkpt>
<trkpt lat="45.8326692" lon="4.7835961">
<ele>440.9018555</ele>
<time>2012-12-09T12:54:27Z</time>
</trkpt>
<trkpt lat="45.8327024" lon="4.7831114">
<ele>439.4597168</ele>
<time>2012-12-09T12:54:31Z</time>
</trkpt>
<trkpt lat="45.8326271" lon="4.7823788">
<ele>436.0952148</ele>
<time>2012-12-09T12:54:37Z</time>
</trkpt>
<trkpt lat="45.8325555" lon="4.7819188">
<ele>435.1339111</ele>
<time>2012-12-09T12:54:42Z</time>
</trkpt>
<trkpt lat="45.8325055" lon="4.7816879">
<ele>433.6918945</ele>
<time>2012-12-09T12:54:45Z</time>
</trkpt>
<trkpt lat="45.8325551" lon="4.7814179">
<ele>434.1726074</ele>
<time>2012-12-09T12:54:49Z</time>
</trkpt>
<trkpt lat="45.8328204" lon="4.7810856">
<ele>435.6145020</ele>
<time>2012-12-09T12:54:57Z</time>
</trkpt>
<trkpt lat="45.8330930" lon="4.7808072">
<ele>437.5371094</ele>
<time>2012-12-09T12:55:04Z</time>
</trkpt>
<trkpt lat="45.8334136" lon="4.7806181">
<ele>438.4985352</ele>
<time>2012-12-09T12:55:10Z</time>
</trkpt>
<trkpt lat="45.8338200" lon="4.7804508">
<ele>440.9018555</ele>
<time>2012-12-09T12:55:17Z</time>
</trkpt>
<trkpt lat="45.8339610" lon="4.7803461">
<ele>440.9018555</ele>
<time>2012-12-09T12:55:20Z</time>
</trkpt>
<trkpt lat="45.8341450" lon="4.7800312">
<ele>441.3824463</ele>
<time>2012-12-09T12:55:26Z</time>
</trkpt>
<trkpt lat="45.8342625" lon="4.7795561">
<ele>438.0178223</ele>
<time>2012-12-09T12:55:35Z</time>
</trkpt>
<trkpt lat="45.8343549" lon="4.7792339">
<ele>436.0952148</ele>
<time>2012-12-09T12:55:42Z</time>
</trkpt>
<trkpt lat="45.8344853" lon="4.7790032">
<ele>435.1339111</ele>
<time>2012-12-09T12:55:46Z</time>
</trkpt>
<trkpt lat="45.8347358" lon="4.7788112">
<ele>433.6918945</ele>
<time>2012-12-09T12:55:50Z</time>
</trkpt>
<trkpt lat="45.8348913" lon="4.7787864">
<ele>433.2113037</ele>
<time>2012-12-09T12:55:52Z</time>
</trkpt>
<trkpt lat="45.8352136" lon="4.7787940">
<ele>431.7691650</ele>
<time>2012-12-09T12:55:56Z</time>
</trkpt>
<trkpt lat="45.8356939" lon="4.7787304">
<ele>436.0952148</ele>
<time>2012-12-09T12:56:02Z</time>
</trkpt>
<trkpt lat="45.8357848" lon="4.7787046">
<ele>437.0565186</ele>
<time>2012-12-09T12:56:03Z</time>
</trkpt>
<trkpt lat="45.8361941" lon="4.7784667">
<ele>437.5371094</ele>
<time>2012-12-09T12:56:09Z</time>
</trkpt>
<trkpt lat="45.8364030" lon="4.7783395">
<ele>436.0952148</ele>
<time>2012-12-09T12:56:12Z</time>
</trkpt>
<trkpt lat="45.8367294" lon="4.7782930">
<ele>432.2500000</ele>
<time>2012-12-09T12:56:16Z</time>
</trkpt>
<trkpt lat="45.8369152" lon="4.7783150">
<ele>430.8079834</ele>
<time>2012-12-09T12:56:18Z</time>
</trkpt>
<trkpt lat="45.8375695" lon="4.7785823">
<ele>426.4820557</ele>
<time>2012-12-09T12:56:25Z</time>
</trkpt>
<trkpt lat="45.8378808" lon="4.7785537">
<ele>426.0013428</ele>
<time>2012-12-09T12:56:29Z</time>
</trkpt>
<trkpt lat="45.8379694" lon="4.7782232">
<ele>425.5207520</ele>
<time>2012-12-09T12:56:32Z</time>
</trkpt>
<trkpt lat="45.8380064" lon="4.7780799">
<ele>424.5594482</ele>
<time>2012-12-09T12:56:33Z</time>
</trkpt>
<trkpt lat="45.8378794" lon="4.7775254">
<ele>418.3107910</ele>
<time>2012-12-09T12:56:38Z</time>
</trkpt>
<trkpt lat="45.8377875" lon="4.7768846">
<ele>417.3496094</ele>
<time>2012-12-09T12:56:44Z</time>
</trkpt>
<trkpt lat="45.8377601" lon="4.7760518">
<ele>416.3881836</ele>
<time>2012-12-09T12:56:53Z</time>
</trkpt>
<trkpt lat="45.8377494" lon="4.7755176">
<ele>417.3496094</ele>
<time>2012-12-09T12:57:00Z</time>
</trkpt>
<trkpt lat="45.8377353" lon="4.7752727">
<ele>418.3107910</ele>
<time>2012-12-09T12:57:04Z</time>
</trkpt>
<trkpt lat="45.8377042" lon="4.7750873">
<ele>420.2333984</ele>
<time>2012-12-09T12:57:08Z</time>
</trkpt>
<trkpt lat="45.8377248" lon="4.7750048">
<ele>422.6367188</ele>
<time>2012-12-09T12:57:12Z</time>
</trkpt>
<trkpt lat="45.8377357" lon="4.7750679">
<ele>422.6367188</ele>
<time>2012-12-09T12:57:14Z</time>
</trkpt>
<trkpt lat="45.8377638" lon="4.7754369">
<ele>425.5207520</ele>
<time>2012-12-09T12:57:24Z</time>
</trkpt>
<trkpt lat="45.8377793" lon="4.7757425">
<ele>428.4046631</ele>
<time>2012-12-09T12:57:33Z</time>
</trkpt>
<trkpt lat="45.8378431" lon="4.7760513">
<ele>430.8079834</ele>
<time>2012-12-09T12:57:43Z</time>
</trkpt>
<trkpt lat="45.8379382" lon="4.7764077">
<ele>432.2500000</ele>
<time>2012-12-09T12:57:55Z</time>
</trkpt>
<trkpt lat="45.8380051" lon="4.7767297">
<ele>435.6145020</ele>
<time>2012-12-09T12:58:06Z</time>
</trkpt>
<trkpt lat="45.8380711" lon="4.7770184">
<ele>437.0565186</ele>
<time>2012-12-09T12:58:16Z</time>
</trkpt>
<trkpt lat="45.8381359" lon="4.7772629">
<ele>438.0178223</ele>
<time>2012-12-09T12:58:25Z</time>
</trkpt>
<trkpt lat="45.8382071" lon="4.7774989">
<ele>438.4985352</ele>
<time>2012-12-09T12:58:34Z</time>
</trkpt>
<trkpt lat="45.8383140" lon="4.7777182">
<ele>438.9791260</ele>
<time>2012-12-09T12:58:43Z</time>
</trkpt>
<trkpt lat="45.8384558" lon="4.7778833">
<ele>440.4212646</ele>
<time>2012-12-09T12:58:51Z</time>
</trkpt>
<trkpt lat="45.8385604" lon="4.7779338">
<ele>442.3438721</ele>
<time>2012-12-09T12:58:56Z</time>
</trkpt>
<trkpt lat="45.8387748" lon="4.7779871">
<ele>447.6309814</ele>
<time>2012-12-09T12:59:04Z</time>
</trkpt>
<trkpt lat="45.8389973" lon="4.7780159">
<ele>451.4763184</ele>
<time>2012-12-09T12:59:14Z</time>
</trkpt>
<trkpt lat="45.8392137" lon="4.7780341">
<ele>454.8408203</ele>
<time>2012-12-09T12:59:24Z</time>
</trkpt>
<trkpt lat="45.8394209" lon="4.7780405">
<ele>458.6861572</ele>
<time>2012-12-09T12:59:33Z</time>
</trkpt>
<trkpt lat="45.8395908" lon="4.7780488">
<ele>459.6475830</ele>
<time>2012-12-09T12:59:42Z</time>
</trkpt>
<trkpt lat="45.8398035" lon="4.7780556">
<ele>460.6087646</ele>
<time>2012-12-09T12:59:52Z</time>
</trkpt>
<trkpt lat="45.8400093" lon="4.7780497">
<ele>462.5313721</ele>
<time>2012-12-09T13:00:02Z</time>
</trkpt>
<trkpt lat="45.8401981" lon="4.7780860">
<ele>464.4541016</ele>
<time>2012-12-09T13:00:10Z</time>
</trkpt>
<trkpt lat="45.8402786" lon="4.7782534">
<ele>464.4541016</ele>
<time>2012-12-09T13:00:16Z</time>
</trkpt>
<trkpt lat="45.8402472" lon="4.7784373">
<ele>465.4155273</ele>
<time>2012-12-09T13:00:21Z</time>
</trkpt>
<trkpt lat="45.8400855" lon="4.7787427">
<ele>466.3767090</ele>
<time>2012-12-09T13:00:31Z</time>
</trkpt>
<trkpt lat="45.8400664" lon="4.7789081">
<ele>467.3381348</ele>
<time>2012-12-09T13:00:36Z</time>
</trkpt>
<trkpt lat="45.8401428" lon="4.7790766">
<ele>467.8187256</ele>
<time>2012-12-09T13:00:42Z</time>
</trkpt>
<trkpt lat="45.8402915" lon="4.7791494">
<ele>468.7800293</ele>
<time>2012-12-09T13:00:48Z</time>
</trkpt>
<trkpt lat="45.8404533" lon="4.7790450">
<ele>469.2607422</ele>
<time>2012-12-09T13:00:54Z</time>
</trkpt>
<trkpt lat="45.8405352" lon="4.7788750">
<ele>467.3381348</ele>
<time>2012-12-09T13:00:59Z</time>
</trkpt>
<trkpt lat="45.8406231" lon="4.7785326">
<ele>466.8574219</ele>
<time>2012-12-09T13:01:08Z</time>
</trkpt>
<trkpt lat="45.8406802" lon="4.7782972">
<ele>468.2993164</ele>
<time>2012-12-09T13:01:15Z</time>
</trkpt>
<trkpt lat="45.8407345" lon="4.7780502">
<ele>469.7413330</ele>
<time>2012-12-09T13:01:22Z</time>
</trkpt>
<trkpt lat="45.8408083" lon="4.7777731">
<ele>471.6639404</ele>
<time>2012-12-09T13:01:30Z</time>
</trkpt>
<trkpt lat="45.8409186" lon="4.7776152">
<ele>473.1060791</ele>
<time>2012-12-09T13:01:37Z</time>
</trkpt>
<trkpt lat="45.8411024" lon="4.7775808">
<ele>476.9512939</ele>
<time>2012-12-09T13:01:44Z</time>
</trkpt>
<trkpt lat="45.8411977" lon="4.7776591">
<ele>476.4705811</ele>
<time>2012-12-09T13:01:49Z</time>
</trkpt>
<trkpt lat="45.8412511" lon="4.7779062">
<ele>475.5092773</ele>
<time>2012-12-09T13:01:57Z</time>
</trkpt>
<trkpt lat="45.8412128" lon="4.7782368">
<ele>476.9512939</ele>
<time>2012-12-09T13:02:06Z</time>
</trkpt>
<trkpt lat="45.8411464" lon="4.7785119">
<ele>478.3931885</ele>
<time>2012-12-09T13:02:14Z</time>
</trkpt>
<trkpt lat="45.8410174" lon="4.7788035">
<ele>479.8350830</ele>
<time>2012-12-09T13:02:23Z</time>
</trkpt>
<trkpt lat="45.8409197" lon="4.7791066">
<ele>480.7966309</ele>
<time>2012-12-09T13:02:32Z</time>
</trkpt>
<trkpt lat="45.8409537" lon="4.7793053">
<ele>480.7966309</ele>
<time>2012-12-09T13:02:38Z</time>
</trkpt>
<trkpt lat="45.8410716" lon="4.7794375">
<ele>480.3159180</ele>
<time>2012-12-09T13:02:44Z</time>
</trkpt>
<trkpt lat="45.8412270" lon="4.7794490">
<ele>480.3159180</ele>
<time>2012-12-09T13:02:50Z</time>
</trkpt>
<trkpt lat="45.8413840" lon="4.7792942">
<ele>480.7966309</ele>
<time>2012-12-09T13:02:57Z</time>
</trkpt>
<trkpt lat="45.8415634" lon="4.7789832">
<ele>482.2385254</ele>
<time>2012-12-09T13:03:06Z</time>
</trkpt>
<trkpt lat="45.8417349" lon="4.7787101">
<ele>483.6804199</ele>
<time>2012-12-09T13:03:15Z</time>
</trkpt>
<trkpt lat="45.8419681" lon="4.7783783">
<ele>485.6030273</ele>
<time>2012-12-09T13:03:27Z</time>
</trkpt>
<trkpt lat="45.8421829" lon="4.7781460">
<ele>487.5256348</ele>
<time>2012-12-09T13:03:37Z</time>
</trkpt>
<trkpt lat="45.8423425" lon="4.7778672">
<ele>489.4483643</ele>
<time>2012-12-09T13:03:46Z</time>
</trkpt>
<trkpt lat="45.8423480" lon="4.7775738">
<ele>493.2935791</ele>
<time>2012-12-09T13:03:53Z</time>
</trkpt>
<trkpt lat="45.8422584" lon="4.7773535">
<ele>493.7742920</ele>
<time>2012-12-09T13:03:59Z</time>
</trkpt>
<trkpt lat="45.8421405" lon="4.7772142">
<ele>492.3323975</ele>
<time>2012-12-09T13:04:05Z</time>
</trkpt>
<trkpt lat="45.8419302" lon="4.7771329">
<ele>491.3709717</ele>
<time>2012-12-09T13:04:13Z</time>
</trkpt>
<trkpt lat="45.8417117" lon="4.7770107">
<ele>494.7355957</ele>
<time>2012-12-09T13:04:20Z</time>
</trkpt>
<trkpt lat="45.8416515" lon="4.7768212">
<ele>496.1777344</ele>
<time>2012-12-09T13:04:25Z</time>
</trkpt>
<trkpt lat="45.8416819" lon="4.7766653">
<ele>496.1777344</ele>
<time>2012-12-09T13:04:29Z</time>
</trkpt>
<trkpt lat="45.8418103" lon="4.7765655">
<ele>498.5809326</ele>
<time>2012-12-09T13:04:34Z</time>
</trkpt>
<trkpt lat="45.8419820" lon="4.7766594">
<ele>499.5422363</ele>
<time>2012-12-09T13:04:40Z</time>
</trkpt>
<trkpt lat="45.8422664" lon="4.7768126">
<ele>501.9455566</ele>
<time>2012-12-09T13:04:49Z</time>
</trkpt>
<trkpt lat="45.8424969" lon="4.7768128">
<ele>502.9067383</ele>
<time>2012-12-09T13:04:57Z</time>
</trkpt>
<trkpt lat="45.8427512" lon="4.7767675">
<ele>506.2714844</ele>
<time>2012-12-09T13:05:06Z</time>
</trkpt>
<trkpt lat="45.8430118" lon="4.7767485">
<ele>510.1166992</ele>
<time>2012-12-09T13:05:15Z</time>
</trkpt>
<trkpt lat="45.8432097" lon="4.7768445">
<ele>510.5972900</ele>
<time>2012-12-09T13:05:23Z</time>
</trkpt>
<trkpt lat="45.8434355" lon="4.7769801">
<ele>511.0780029</ele>
<time>2012-12-09T13:05:32Z</time>
</trkpt>
<trkpt lat="45.8436386" lon="4.7771421">
<ele>512.0394287</ele>
<time>2012-12-09T13:05:41Z</time>
</trkpt>
<trkpt lat="45.8438037" lon="4.7773251">
<ele>512.0394287</ele>
<time>2012-12-09T13:05:50Z</time>
</trkpt>
<trkpt lat="45.8439132" lon="4.7775768">
<ele>512.0394287</ele>
<time>2012-12-09T13:05:59Z</time>
</trkpt>
<trkpt lat="45.8438997" lon="4.7778507">
<ele>512.5200195</ele>
<time>2012-12-09T13:06:07Z</time>
</trkpt>
<trkpt lat="45.8437958" lon="4.7780368">
<ele>513.0007324</ele>
<time>2012-12-09T13:06:14Z</time>
</trkpt>
<trkpt lat="45.8435547" lon="4.7782550">
<ele>512.0394287</ele>
<time>2012-12-09T13:06:26Z</time>
</trkpt>
<trkpt lat="45.8434154" lon="4.7784746">
<ele>512.5200195</ele>
<time>2012-12-09T13:06:34Z</time>
</trkpt>
<trkpt lat="45.8434014" lon="4.7786812">
<ele>513.9620361</ele>
<time>2012-12-09T13:06:39Z</time>
</trkpt>
<trkpt lat="45.8434641" lon="4.7788319">
<ele>515.8846436</ele>
<time>2012-12-09T13:06:44Z</time>
</trkpt>
<trkpt lat="45.8436063" lon="4.7789069">
<ele>516.8459473</ele>
<time>2012-12-09T13:06:50Z</time>
</trkpt>
<trkpt lat="45.8437592" lon="4.7788173">
<ele>518.7685547</ele>
<time>2012-12-09T13:06:56Z</time>
</trkpt>
<trkpt lat="45.8439342" lon="4.7786284">
<ele>521.1719971</ele>
<time>2012-12-09T13:07:04Z</time>
</trkpt>
<trkpt lat="45.8441118" lon="4.7784518">
<ele>522.6138916</ele>
<time>2012-12-09T13:07:13Z</time>
</trkpt>
<trkpt lat="45.8443489" lon="4.7782359">
<ele>524.0557861</ele>
<time>2012-12-09T13:07:25Z</time>
</trkpt>
<trkpt lat="45.8445751" lon="4.7780563">
<ele>526.4591064</ele>
<time>2012-12-09T13:07:36Z</time>
</trkpt>
<trkpt lat="45.8447580" lon="4.7779320">
<ele>528.3818359</ele>
<time>2012-12-09T13:07:45Z</time>
</trkpt>
<trkpt lat="45.8449745" lon="4.7777482">
<ele>529.8237305</ele>
<time>2012-12-09T13:07:56Z</time>
</trkpt>
<trkpt lat="45.8450968" lon="4.7776305">
<ele>530.7851563</ele>
<time>2012-12-09T13:08:03Z</time>
</trkpt>
<trkpt lat="45.8451951" lon="4.7774328">
<ele>531.2657471</ele>
<time>2012-12-09T13:08:11Z</time>
</trkpt>
<trkpt lat="45.8452661" lon="4.7771490">
<ele>532.2270508</ele>
<time>2012-12-09T13:08:20Z</time>
</trkpt>
<trkpt lat="45.8452877" lon="4.7768053">
<ele>534.1496582</ele>
<time>2012-12-09T13:08:30Z</time>
</trkpt>
<trkpt lat="45.8452906" lon="4.7764634">
<ele>536.5531006</ele>
<time>2012-12-09T13:08:40Z</time>
</trkpt>
<trkpt lat="45.8453459" lon="4.7762060">
<ele>538.9562988</ele>
<time>2012-12-09T13:08:48Z</time>
</trkpt>
<trkpt lat="45.8454817" lon="4.7760545">
<ele>540.8789063</ele>
<time>2012-12-09T13:08:56Z</time>
</trkpt>
<trkpt lat="45.8456662" lon="4.7759406">
<ele>540.8789063</ele>
<time>2012-12-09T13:09:05Z</time>
</trkpt>
<trkpt lat="45.8458101" lon="4.7758700">
<ele>542.3209229</ele>
<time>2012-12-09T13:09:12Z</time>
</trkpt>
<trkpt lat="45.8459706" lon="4.7758082">
<ele>544.2436523</ele>
<time>2012-12-09T13:09:19Z</time>
</trkpt>
<trkpt lat="45.8461716" lon="4.7757413">
<ele>545.2048340</ele>
<time>2012-12-09T13:09:28Z</time>
</trkpt>
<trkpt lat="45.8463277" lon="4.7757131">
<ele>545.6855469</ele>
<time>2012-12-09T13:09:35Z</time>
</trkpt>
<trkpt lat="45.8465201" lon="4.7756908">
<ele>547.1274414</ele>
<time>2012-12-09T13:09:43Z</time>
</trkpt>
<trkpt lat="45.8467151" lon="4.7757049">
<ele>547.1274414</ele>
<time>2012-12-09T13:09:51Z</time>
</trkpt>
<trkpt lat="45.8468947" lon="4.7758043">
<ele>547.1274414</ele>
<time>2012-12-09T13:09:58Z</time>
</trkpt>
<trkpt lat="45.8469964" lon="4.7760008">
<ele>547.6081543</ele>
<time>2012-12-09T13:10:04Z</time>
</trkpt>
<trkpt lat="45.8470978" lon="4.7762331">
<ele>548.0888672</ele>
<time>2012-12-09T13:10:12Z</time>
</trkpt>
<trkpt lat="45.8472106" lon="4.7765336">
<ele>550.0114746</ele>
<time>2012-12-09T13:10:23Z</time>
</trkpt>
<trkpt lat="45.8472687" lon="4.7768055">
<ele>550.9726563</ele>
<time>2012-12-09T13:10:32Z</time>
</trkpt>
<trkpt lat="45.8472424" lon="4.7771645">
<ele>553.8566895</ele>
<time>2012-12-09T13:10:43Z</time>
</trkpt>
<trkpt lat="45.8471269" lon="4.7775276">
<ele>555.7792969</ele>
<time>2012-12-09T13:10:55Z</time>
</trkpt>
<trkpt lat="45.8470123" lon="4.7778074">
<ele>559.6247559</ele>
<time>2012-12-09T13:11:05Z</time>
</trkpt>
<trkpt lat="45.8469102" lon="4.7781053">
<ele>561.5473633</ele>
<time>2012-12-09T13:11:15Z</time>
</trkpt>
<trkpt lat="45.8468124" lon="4.7784006">
<ele>562.0280762</ele>
<time>2012-12-09T13:11:25Z</time>
</trkpt>
<trkpt lat="45.8467003" lon="4.7786242">
<ele>561.0666504</ele>
<time>2012-12-09T13:11:34Z</time>
</trkpt>
<trkpt lat="45.8465607" lon="4.7788071">
<ele>558.6633301</ele>
<time>2012-12-09T13:11:43Z</time>
</trkpt>
<trkpt lat="45.8464467" lon="4.7789623">
<ele>560.5859375</ele>
<time>2012-12-09T13:11:50Z</time>
</trkpt>
<trkpt lat="45.8463953" lon="4.7791759">
<ele>566.3537598</ele>
<time>2012-12-09T13:11:57Z</time>
</trkpt>
<trkpt lat="45.8464590" lon="4.7792933">
<ele>567.3151855</ele>
<time>2012-12-09T13:12:02Z</time>
</trkpt>
<trkpt lat="45.8465970" lon="4.7793345">
<ele>567.7956543</ele>
<time>2012-12-09T13:12:08Z</time>
</trkpt>
<trkpt lat="45.8467245" lon="4.7792127">
<ele>567.7956543</ele>
<time>2012-12-09T13:12:14Z</time>
</trkpt>
<trkpt lat="45.8468642" lon="4.7789527">
<ele>569.7185059</ele>
<time>2012-12-09T13:12:23Z</time>
</trkpt>
<trkpt lat="45.8469419" lon="4.7787710">
<ele>571.1604004</ele>
<time>2012-12-09T13:12:29Z</time>
</trkpt>
<trkpt lat="45.8470676" lon="4.7784290">
<ele>573.0832520</ele>
<time>2012-12-09T13:12:40Z</time>
</trkpt>
<trkpt lat="45.8471715" lon="4.7783167">
<ele>574.5251465</ele>
<time>2012-12-09T13:12:45Z</time>
</trkpt>
<trkpt lat="45.8472916" lon="4.7783531">
<ele>575.0058594</ele>
<time>2012-12-09T13:12:50Z</time>
</trkpt>
<trkpt lat="45.8473553" lon="4.7785441">
<ele>575.9670410</ele>
<time>2012-12-09T13:12:56Z</time>
</trkpt>
<trkpt lat="45.8473051" lon="4.7787585">
<ele>576.4477539</ele>
<time>2012-12-09T13:13:02Z</time>
</trkpt>
<trkpt lat="45.8471636" lon="4.7790480">
<ele>578.3703613</ele>
<time>2012-12-09T13:13:12Z</time>
</trkpt>
<trkpt lat="45.8470283" lon="4.7793433">
<ele>581.2543945</ele>
<time>2012-12-09T13:13:22Z</time>
</trkpt>
<trkpt lat="45.8468913" lon="4.7796313">
<ele>582.2155762</ele>
<time>2012-12-09T13:13:32Z</time>
</trkpt>
<trkpt lat="45.8468187" lon="4.7799110">
<ele>584.6188965</ele>
<time>2012-12-09T13:13:41Z</time>
</trkpt>
<trkpt lat="45.8467845" lon="4.7801001">
<ele>588.9450684</ele>
<time>2012-12-09T13:13:48Z</time>
</trkpt>
<trkpt lat="45.8467397" lon="4.7802502">
<ele>590.3869629</ele>
<time>2012-12-09T13:13:55Z</time>
</trkpt>
<trkpt lat="45.8466906" lon="4.7804428">
<ele>593.7514648</ele>
<time>2012-12-09T13:14:02Z</time>
</trkpt>
<trkpt lat="45.8465903" lon="4.7807506">
<ele>592.7902832</ele>
<time>2012-12-09T13:14:08Z</time>
</trkpt>
<trkpt lat="45.8465430" lon="4.7809713">
<ele>591.8288574</ele>
<time>2012-12-09T13:14:11Z</time>
</trkpt>
<trkpt lat="45.8464261" lon="4.7814426">
<ele>587.5026855</ele>
<time>2012-12-09T13:14:16Z</time>
</trkpt>
<trkpt lat="45.8462773" lon="4.7820305">
<ele>582.6962891</ele>
<time>2012-12-09T13:14:21Z</time>
</trkpt>
<trkpt lat="45.8462384" lon="4.7821520">
<ele>581.7348633</ele>
<time>2012-12-09T13:14:22Z</time>
</trkpt>
<trkpt lat="45.8459711" lon="4.7825332">
<ele>576.9284668</ele>
<time>2012-12-09T13:14:26Z</time>
</trkpt>
<trkpt lat="45.8456956" lon="4.7826346">
<ele>573.0832520</ele>
<time>2012-12-09T13:14:29Z</time>
</trkpt>
<trkpt lat="45.8456013" lon="4.7826348">
<ele>572.1218262</ele>
<time>2012-12-09T13:14:30Z</time>
</trkpt>
<trkpt lat="45.8446799" lon="4.7825741">
<ele>562.0280762</ele>
<time>2012-12-09T13:14:39Z</time>
</trkpt>
<trkpt lat="45.8441466" lon="4.7824114">
<ele>557.2214355</ele>
<time>2012-12-09T13:14:44Z</time>
</trkpt>
<trkpt lat="45.8438183" lon="4.7823064">
<ele>555.2985840</ele>
<time>2012-12-09T13:14:47Z</time>
</trkpt>
<trkpt lat="45.8432581" lon="4.7823809">
<ele>551.4533691</ele>
<time>2012-12-09T13:14:52Z</time>
</trkpt>
<trkpt lat="45.8426987" lon="4.7825063">
<ele>546.1662598</ele>
<time>2012-12-09T13:14:57Z</time>
</trkpt>
<trkpt lat="45.8424767" lon="4.7825632">
<ele>543.7628174</ele>
<time>2012-12-09T13:14:59Z</time>
</trkpt>
<trkpt lat="45.8421203" lon="4.7828889">
<ele>542.3209229</ele>
<time>2012-12-09T13:15:03Z</time>
</trkpt>
<trkpt lat="45.8420331" lon="4.7832779">
<ele>541.8402100</ele>
<time>2012-12-09T13:15:06Z</time>
</trkpt>
<trkpt lat="45.8420784" lon="4.7836030">
<ele>542.3209229</ele>
<time>2012-12-09T13:15:09Z</time>
</trkpt>
<trkpt lat="45.8422025" lon="4.7840640">
<ele>543.7628174</ele>
<time>2012-12-09T13:15:15Z</time>
</trkpt>
<trkpt lat="45.8422623" lon="4.7843277">
<ele>545.6855469</ele>
<time>2012-12-09T13:15:20Z</time>
</trkpt>
<trkpt lat="45.8423408" lon="4.7846824">
<ele>546.1662598</ele>
<time>2012-12-09T13:15:28Z</time>
</trkpt>
<trkpt lat="45.8423788" lon="4.7849787">
<ele>546.1662598</ele>
<time>2012-12-09T13:15:35Z</time>
</trkpt>
<trkpt lat="45.8423783" lon="4.7851075">
<ele>547.1274414</ele>
<time>2012-12-09T13:15:38Z</time>
</trkpt>
<trkpt lat="45.8423507" lon="4.7852718">
<ele>549.5307617</ele>
<time>2012-12-09T13:15:43Z</time>
</trkpt>
<trkpt lat="45.8423027" lon="4.7854849">
<ele>554.3374023</ele>
<time>2012-12-09T13:15:49Z</time>
</trkpt>
<trkpt lat="45.8422741" lon="4.7857267">
<ele>556.2600098</ele>
<time>2012-12-09T13:15:55Z</time>
</trkpt>
<trkpt lat="45.8422423" lon="4.7859503">
<ele>558.1828613</ele>
<time>2012-12-09T13:16:00Z</time>
</trkpt>
<trkpt lat="45.8421791" lon="4.7862664">
<ele>564.4311523</ele>
<time>2012-12-09T13:16:06Z</time>
</trkpt>
<trkpt lat="45.8421229" lon="4.7865102">
<ele>568.2763672</ele>
<time>2012-12-09T13:16:12Z</time>
</trkpt>
<trkpt lat="45.8421092" lon="4.7868162">
<ele>566.3537598</ele>
<time>2012-12-09T13:16:18Z</time>
</trkpt>
<trkpt lat="45.8420906" lon="4.7870274">
<ele>565.3925781</ele>
<time>2012-12-09T13:16:23Z</time>
</trkpt>
<trkpt lat="45.8420508" lon="4.7873702">
<ele>563.9504395</ele>
<time>2012-12-09T13:16:30Z</time>
</trkpt>
<trkpt lat="45.8420074" lon="4.7877796">
<ele>562.5085449</ele>
<time>2012-12-09T13:16:38Z</time>
</trkpt>
<trkpt lat="45.8420018" lon="4.7881673">
<ele>559.6247559</ele>
<time>2012-12-09T13:16:45Z</time>
</trkpt>
<trkpt lat="45.8420466" lon="4.7886259">
<ele>556.7407227</ele>
<time>2012-12-09T13:16:53Z</time>
</trkpt>
<trkpt lat="45.8420706" lon="4.7889662">
<ele>555.2985840</ele>
<time>2012-12-09T13:16:58Z</time>
</trkpt>
<trkpt lat="45.8419850" lon="4.7892942">
<ele>553.3759766</ele>
<time>2012-12-09T13:17:02Z</time>
</trkpt>
<trkpt lat="45.8417511" lon="4.7895007">
<ele>550.4921875</ele>
<time>2012-12-09T13:17:06Z</time>
</trkpt>
<trkpt lat="45.8413821" lon="4.7896324">
<ele>548.0888672</ele>
<time>2012-12-09T13:17:11Z</time>
</trkpt>
<trkpt lat="45.8410615" lon="4.7897345">
<ele>545.6855469</ele>
<time>2012-12-09T13:17:15Z</time>
</trkpt>
<trkpt lat="45.8406235" lon="4.7896858">
<ele>543.2821045</ele>
<time>2012-12-09T13:17:20Z</time>
</trkpt>
<trkpt lat="45.8404528" lon="4.7896268">
<ele>542.8015137</ele>
<time>2012-12-09T13:17:22Z</time>
</trkpt>
<trkpt lat="45.8402141" lon="4.7896833">
<ele>541.8402100</ele>
<time>2012-12-09T13:17:25Z</time>
</trkpt>
<trkpt lat="45.8401534" lon="4.7899032">
<ele>540.8789063</ele>
<time>2012-12-09T13:17:27Z</time>
</trkpt>
<trkpt lat="45.8402322" lon="4.7901182">
<ele>540.8789063</ele>
<time>2012-12-09T13:17:29Z</time>
</trkpt>
<trkpt lat="45.8403832" lon="4.7902384">
<ele>539.9176025</ele>
<time>2012-12-09T13:17:31Z</time>
</trkpt>
<trkpt lat="45.8405590" lon="4.7903116">
<ele>538.9562988</ele>
<time>2012-12-09T13:17:33Z</time>
</trkpt>
<trkpt lat="45.8409541" lon="4.7906650">
<ele>535.5915527</ele>
<time>2012-12-09T13:17:38Z</time>
</trkpt>
<trkpt lat="45.8415349" lon="4.7914902">
<ele>531.7463379</ele>
<time>2012-12-09T13:17:47Z</time>
</trkpt>
<trkpt lat="45.8417806" lon="4.7918431">
<ele>530.3044434</ele>
<time>2012-12-09T13:17:51Z</time>
</trkpt>
<trkpt lat="45.8422416" lon="4.7924953">
<ele>526.9398193</ele>
<time>2012-12-09T13:17:59Z</time>
</trkpt>
<trkpt lat="45.8423297" lon="4.7929032">
<ele>524.0557861</ele>
<time>2012-12-09T13:18:03Z</time>
</trkpt>
<trkpt lat="45.8422606" lon="4.7930944">
<ele>522.1331787</ele>
<time>2012-12-09T13:18:05Z</time>
</trkpt>
<trkpt lat="45.8421430" lon="4.7932051">
<ele>520.6912842</ele>
<time>2012-12-09T13:18:07Z</time>
</trkpt>
<trkpt lat="45.8419232" lon="4.7932861">
<ele>518.2878418</ele>
<time>2012-12-09T13:18:12Z</time>
</trkpt>
<trkpt lat="45.8418298" lon="4.7932687">
<ele>517.3266602</ele>
<time>2012-12-09T13:18:16Z</time>
</trkpt>
<trkpt lat="45.8417653" lon="4.7933290">
<ele>517.8072510</ele>
<time>2012-12-09T13:18:20Z</time>
</trkpt>
<trkpt lat="45.8417438" lon="4.7933989">
<ele>518.2878418</ele>
<time>2012-12-09T13:18:22Z</time>
</trkpt>
<trkpt lat="45.8416623" lon="4.7934647">
<ele>518.2878418</ele>
<time>2012-12-09T13:18:26Z</time>
</trkpt>
<trkpt lat="45.8413888" lon="4.7935907">
<ele>517.8072510</ele>
<time>2012-12-09T13:18:36Z</time>
</trkpt>
<trkpt lat="45.8411737" lon="4.7937127">
<ele>517.8072510</ele>
<time>2012-12-09T13:18:44Z</time>
</trkpt>
<trkpt lat="45.8408595" lon="4.7939212">
<ele>518.2878418</ele>
<time>2012-12-09T13:18:55Z</time>
</trkpt>
<trkpt lat="45.8405187" lon="4.7941846">
<ele>519.2492676</ele>
<time>2012-12-09T13:19:07Z</time>
</trkpt>
<trkpt lat="45.8401874" lon="4.7944598">
<ele>520.2105713</ele>
<time>2012-12-09T13:19:18Z</time>
</trkpt>
<trkpt lat="45.8399032" lon="4.7946950">
<ele>520.2105713</ele>
<time>2012-12-09T13:19:26Z</time>
</trkpt>
<trkpt lat="45.8395784" lon="4.7949535">
<ele>520.2105713</ele>
<time>2012-12-09T13:19:34Z</time>
</trkpt>
<trkpt lat="45.8392318" lon="4.7952886">
<ele>519.2492676</ele>
<time>2012-12-09T13:19:42Z</time>
</trkpt>
<trkpt lat="45.8390236" lon="4.7956564">
<ele>517.8072510</ele>
<time>2012-12-09T13:19:48Z</time>
</trkpt>
<trkpt lat="45.8386936" lon="4.7964096">
<ele>514.9233398</ele>
<time>2012-12-09T13:19:59Z</time>
</trkpt>
<trkpt lat="45.8385546" lon="4.7969219">
<ele>513.9620361</ele>
<time>2012-12-09T13:20:06Z</time>
</trkpt>
<trkpt lat="45.8384274" lon="4.7974575">
<ele>513.0007324</ele>
<time>2012-12-09T13:20:13Z</time>
</trkpt>
<trkpt lat="45.8382226" lon="4.7979355">
<ele>511.5587158</ele>
<time>2012-12-09T13:20:19Z</time>
</trkpt>
<trkpt lat="45.8378147" lon="4.7987417">
<ele>506.2714844</ele>
<time>2012-12-09T13:20:29Z</time>
</trkpt>
<trkpt lat="45.8377782" lon="4.7988223">
<ele>505.7908936</ele>
<time>2012-12-09T13:20:30Z</time>
</trkpt>
<trkpt lat="45.8375285" lon="4.7990483">
<ele>514.4426270</ele>
<time>2012-12-09T13:20:34Z</time>
</trkpt>
<trkpt lat="45.8373119" lon="4.7991145">
<ele>514.9233398</ele>
<time>2012-12-09T13:20:37Z</time>
</trkpt>
<trkpt lat="45.8372369" lon="4.7991166">
<ele>514.9233398</ele>
<time>2012-12-09T13:20:38Z</time>
</trkpt>
<trkpt lat="45.8366029" lon="4.7991253">
<ele>511.5587158</ele>
<time>2012-12-09T13:20:46Z</time>
</trkpt>
<trkpt lat="45.8359354" lon="4.7991463">
<ele>507.2327881</ele>
<time>2012-12-09T13:20:54Z</time>
</trkpt>
<trkpt lat="45.8352225" lon="4.7991761">
<ele>504.3488770</ele>
<time>2012-12-09T13:21:02Z</time>
</trkpt>
<trkpt lat="45.8347624" lon="4.7993032">
<ele>500.9841309</ele>
<time>2012-12-09T13:21:07Z</time>
</trkpt>
<trkpt lat="45.8338840" lon="4.7996079">
<ele>496.1777344</ele>
<time>2012-12-09T13:21:16Z</time>
</trkpt>
<trkpt lat="45.8328830" lon="4.7999595">
<ele>488.4871826</ele>
<time>2012-12-09T13:21:26Z</time>
</trkpt>
<trkpt lat="45.8325045" lon="4.8001745">
<ele>487.0450439</ele>
<time>2012-12-09T13:21:30Z</time>
</trkpt>
<trkpt lat="45.8322154" lon="4.8005493">
<ele>485.6030273</ele>
<time>2012-12-09T13:21:34Z</time>
</trkpt>
<trkpt lat="45.8320388" lon="4.8008314">
<ele>485.1224365</ele>
<time>2012-12-09T13:21:37Z</time>
</trkpt>
<trkpt lat="45.8318334" lon="4.8013030">
<ele>485.1224365</ele>
<time>2012-12-09T13:21:41Z</time>
</trkpt>
<trkpt lat="45.8315817" lon="4.8017385">
<ele>481.7578125</ele>
<time>2012-12-09T13:21:45Z</time>
</trkpt>
<trkpt lat="45.8312556" lon="4.8020118">
<ele>476.4705811</ele>
<time>2012-12-09T13:21:49Z</time>
</trkpt>
<trkpt lat="45.8308707" lon="4.8022166">
<ele>475.9898682</ele>
<time>2012-12-09T13:21:54Z</time>
</trkpt>
<trkpt lat="45.8308292" lon="4.8025191">
<ele>475.9898682</ele>
<time>2012-12-09T13:21:57Z</time>
</trkpt>
<trkpt lat="45.8309410" lon="4.8027618">
<ele>472.1446533</ele>
<time>2012-12-09T13:21:59Z</time>
</trkpt>
<trkpt lat="45.8312193" lon="4.8029301">
<ele>471.6639404</ele>
<time>2012-12-09T13:22:02Z</time>
</trkpt>
<trkpt lat="45.8313919" lon="4.8029059">
<ele>472.6253662</ele>
<time>2012-12-09T13:22:04Z</time>
</trkpt>
<trkpt lat="45.8319994" lon="4.8028784">
<ele>468.2993164</ele>
<time>2012-12-09T13:22:11Z</time>
</trkpt>
<trkpt lat="45.8324343" lon="4.8029959">
<ele>463.4927979</ele>
<time>2012-12-09T13:22:16Z</time>
</trkpt>
<trkpt lat="45.8329238" lon="4.8032453">
<ele>459.1668701</ele>
<time>2012-12-09T13:22:22Z</time>
</trkpt>
<trkpt lat="45.8331041" lon="4.8033632">
<ele>456.7635498</ele>
<time>2012-12-09T13:22:25Z</time>
</trkpt>
<trkpt lat="45.8332657" lon="4.8036208">
<ele>451.9570313</ele>
<time>2012-12-09T13:22:29Z</time>
</trkpt>
<trkpt lat="45.8332433" lon="4.8039048">
<ele>446.6696777</ele>
<time>2012-12-09T13:22:32Z</time>
</trkpt>
<trkpt lat="45.8331116" lon="4.8040400">
<ele>443.3050537</ele>
<time>2012-12-09T13:22:34Z</time>
</trkpt>
<trkpt lat="45.8328763" lon="4.8041409">
<ele>438.4985352</ele>
<time>2012-12-09T13:22:37Z</time>
</trkpt>
<trkpt lat="45.8322950" lon="4.8043460">
<ele>430.3272705</ele>
<time>2012-12-09T13:22:44Z</time>
</trkpt>
<trkpt lat="45.8318483" lon="4.8046220">
<ele>431.7691650</ele>
<time>2012-12-09T13:22:49Z</time>
</trkpt>
<trkpt lat="45.8317637" lon="4.8046792">
<ele>431.2885742</ele>
<time>2012-12-09T13:22:50Z</time>
</trkpt>
<trkpt lat="45.8314699" lon="4.8049776">
<ele>428.8853760</ele>
<time>2012-12-09T13:22:54Z</time>
</trkpt>
<trkpt lat="45.8312296" lon="4.8054774">
<ele>427.4433594</ele>
<time>2012-12-09T13:22:59Z</time>
</trkpt>
<trkpt lat="45.8312083" lon="4.8058518">
<ele>426.0013428</ele>
<time>2012-12-09T13:23:02Z</time>
</trkpt>
<trkpt lat="45.8312763" lon="4.8062273">
<ele>424.5594482</ele>
<time>2012-12-09T13:23:05Z</time>
</trkpt>
<trkpt lat="45.8314309" lon="4.8068505">
<ele>422.6367188</ele>
<time>2012-12-09T13:23:10Z</time>
</trkpt>
<trkpt lat="45.8314541" lon="4.8073350">
<ele>421.1948242</ele>
<time>2012-12-09T13:23:14Z</time>
</trkpt>
<trkpt lat="45.8313188" lon="4.8079724">
<ele>420.2333984</ele>
<time>2012-12-09T13:23:20Z</time>
</trkpt>
<trkpt lat="45.8312793" lon="4.8080634">
<ele>420.2333984</ele>
<time>2012-12-09T13:23:21Z</time>
</trkpt>
<trkpt lat="45.8309823" lon="4.8085236">
<ele>418.7915039</ele>
<time>2012-12-09T13:23:27Z</time>
</trkpt>
<trkpt lat="45.8305824" lon="4.8089759">
<ele>413.5042725</ele>
<time>2012-12-09T13:23:34Z</time>
</trkpt>
<trkpt lat="45.8301231" lon="4.8094779">
<ele>407.7363281</ele>
<time>2012-12-09T13:23:41Z</time>
</trkpt>
<trkpt lat="45.8294420" lon="4.8101732">
<ele>402.4490967</ele>
<time>2012-12-09T13:23:50Z</time>
</trkpt>
<trkpt lat="45.8290152" lon="4.8106198">
<ele>400.0458984</ele>
<time>2012-12-09T13:23:56Z</time>
</trkpt>
<trkpt lat="45.8285355" lon="4.8111202">
<ele>399.0843506</ele>
<time>2012-12-09T13:24:03Z</time>
</trkpt>
<trkpt lat="45.8283537" lon="4.8113283">
<ele>399.0843506</ele>
<time>2012-12-09T13:24:06Z</time>
</trkpt>
<trkpt lat="45.8281773" lon="4.8116272">
<ele>400.5264893</ele>
<time>2012-12-09T13:24:10Z</time>
</trkpt>
<trkpt lat="45.8280049" lon="4.8120951">
<ele>405.3330078</ele>
<time>2012-12-09T13:24:17Z</time>
</trkpt>
<trkpt lat="45.8279159" lon="4.8124045">
<ele>408.6976318</ele>
<time>2012-12-09T13:24:24Z</time>
</trkpt>
<trkpt lat="45.8278511" lon="4.8128220">
<ele>412.0622559</ele>
<time>2012-12-09T13:24:34Z</time>
</trkpt>
<trkpt lat="45.8278158" lon="4.8131534">
<ele>413.9848633</ele>
<time>2012-12-09T13:24:42Z</time>
</trkpt>
<trkpt lat="45.8277652" lon="4.8135532">
<ele>416.3881836</ele>
<time>2012-12-09T13:24:52Z</time>
</trkpt>
<trkpt lat="45.8276642" lon="4.8139023">
<ele>418.3107910</ele>
<time>2012-12-09T13:25:02Z</time>
</trkpt>
<trkpt lat="45.8275022" lon="4.8142580">
<ele>418.3107910</ele>
<time>2012-12-09T13:25:14Z</time>
</trkpt>
<trkpt lat="45.8273727" lon="4.8144488">
<ele>419.2722168</ele>
<time>2012-12-09T13:25:23Z</time>
</trkpt>
<trkpt lat="45.8271970" lon="4.8146281">
<ele>421.1948242</ele>
<time>2012-12-09T13:25:34Z</time>
</trkpt>
<trkpt lat="45.8270331" lon="4.8147435">
<ele>419.2722168</ele>
<time>2012-12-09T13:25:44Z</time>
</trkpt>
<trkpt lat="45.8268562" lon="4.8148262">
<ele>418.3107910</ele>
<time>2012-12-09T13:25:54Z</time>
</trkpt>
<trkpt lat="45.8266736" lon="4.8148975">
<ele>416.8688965</ele>
<time>2012-12-09T13:26:05Z</time>
</trkpt>
<trkpt lat="45.8265088" lon="4.8149539">
<ele>418.3107910</ele>
<time>2012-12-09T13:26:14Z</time>
</trkpt>
<trkpt lat="45.8263671" lon="4.8150049">
<ele>417.3496094</ele>
<time>2012-12-09T13:26:22Z</time>
</trkpt>
<trkpt lat="45.8261835" lon="4.8150747">
<ele>415.9074707</ele>
<time>2012-12-09T13:26:32Z</time>
</trkpt>
<trkpt lat="45.8259535" lon="4.8151440">
<ele>426.4820557</ele>
<time>2012-12-09T13:26:41Z</time>
</trkpt>
<trkpt lat="45.8257372" lon="4.8153774">
<ele>429.3659668</ele>
<time>2012-12-09T13:26:53Z</time>
</trkpt>
<trkpt lat="45.8255881" lon="4.8156084">
<ele>430.8079834</ele>
<time>2012-12-09T13:27:03Z</time>
</trkpt>
<trkpt lat="45.8254518" lon="4.8159104">
<ele>437.0565186</ele>
<time>2012-12-09T13:27:14Z</time>
</trkpt>
<trkpt lat="45.8253907" lon="4.8161960">
<ele>440.9018555</ele>
<time>2012-12-09T13:27:23Z</time>
</trkpt>
<trkpt lat="45.8253301" lon="4.8165118">
<ele>443.7857666</ele>
<time>2012-12-09T13:27:33Z</time>
</trkpt>
<trkpt lat="45.8252892" lon="4.8168280">
<ele>446.1890869</ele>
<time>2012-12-09T13:27:43Z</time>
</trkpt>
<trkpt lat="45.8252449" lon="4.8171341">
<ele>448.5924072</ele>
<time>2012-12-09T13:27:53Z</time>
</trkpt>
<trkpt lat="45.8252003" lon="4.8174308">
<ele>449.5537109</ele>
<time>2012-12-09T13:28:02Z</time>
</trkpt>
<trkpt lat="45.8251114" lon="4.8177686">
<ele>451.9570313</ele>
<time>2012-12-09T13:28:12Z</time>
</trkpt>
<trkpt lat="45.8249515" lon="4.8180676">
<ele>452.9182129</ele>
<time>2012-12-09T13:28:23Z</time>
</trkpt>
<trkpt lat="45.8247265" lon="4.8182955">
<ele>453.3989258</ele>
<time>2012-12-09T13:28:35Z</time>
</trkpt>
<trkpt lat="45.8245354" lon="4.8184649">
<ele>453.8796387</ele>
<time>2012-12-09T13:28:45Z</time>
</trkpt>
<trkpt lat="45.8242796" lon="4.8186757">
<ele>454.8408203</ele>
<time>2012-12-09T13:28:58Z</time>
</trkpt>
<trkpt lat="45.8240376" lon="4.8188995">
<ele>455.3215332</ele>
<time>2012-12-09T13:29:10Z</time>
</trkpt>
<trkpt lat="45.8239038" lon="4.8190171">
<ele>455.3215332</ele>
<time>2012-12-09T13:29:17Z</time>
</trkpt>
<trkpt lat="45.8237426" lon="4.8191672">
<ele>455.3215332</ele>
<time>2012-12-09T13:29:26Z</time>
</trkpt>
<trkpt lat="45.8235740" lon="4.8193149">
<ele>454.8408203</ele>
<time>2012-12-09T13:29:34Z</time>
</trkpt>
<trkpt lat="45.8233295" lon="4.8194906">
<ele>454.8408203</ele>
<time>2012-12-09T13:29:44Z</time>
</trkpt>
<trkpt lat="45.8231366" lon="4.8195879">
<ele>458.6861572</ele>
<time>2012-12-09T13:29:51Z</time>
</trkpt>
<trkpt lat="45.8228705" lon="4.8198152">
<ele>460.1281738</ele>
<time>2012-12-09T13:30:02Z</time>
</trkpt>
<trkpt lat="45.8227976" lon="4.8200244">
<ele>460.1281738</ele>
<time>2012-12-09T13:30:08Z</time>
</trkpt>
<trkpt lat="45.8227610" lon="4.8201723">
<ele>462.5313721</ele>
<time>2012-12-09T13:30:14Z</time>
</trkpt>
<trkpt lat="45.8227478" lon="4.8202670">
<ele>462.0507813</ele>
<time>2012-12-09T13:30:19Z</time>
</trkpt>
<trkpt lat="45.8228234" lon="4.8204238">
<ele>463.0120850</ele>
<time>2012-12-09T13:30:25Z</time>
</trkpt>
<trkpt lat="45.8230280" lon="4.8207057">
<ele>462.5313721</ele>
<time>2012-12-09T13:30:34Z</time>
</trkpt>
<trkpt lat="45.8231518" lon="4.8208695">
<ele>463.0120850</ele>
<time>2012-12-09T13:30:39Z</time>
</trkpt>
<trkpt lat="45.8233351" lon="4.8210393">
<ele>462.5313721</ele>
<time>2012-12-09T13:30:45Z</time>
</trkpt>
<trkpt lat="45.8235492" lon="4.8212601">
<ele>462.0507813</ele>
<time>2012-12-09T13:30:51Z</time>
</trkpt>
<trkpt lat="45.8236220" lon="4.8213792">
<ele>462.5313721</ele>
<time>2012-12-09T13:30:53Z</time>
</trkpt>
<trkpt lat="45.8239310" lon="4.8218552">
<ele>459.1668701</ele>
<time>2012-12-09T13:31:00Z</time>
</trkpt>
<trkpt lat="45.8243461" lon="4.8223940">
<ele>454.8408203</ele>
<time>2012-12-09T13:31:07Z</time>
</trkpt>
<trkpt lat="45.8248103" lon="4.8230669">
<ele>450.9956055</ele>
<time>2012-12-09T13:31:15Z</time>
</trkpt>
<trkpt lat="45.8251746" lon="4.8234974">
<ele>447.1502686</ele>
<time>2012-12-09T13:31:20Z</time>
</trkpt>
<trkpt lat="45.8256129" lon="4.8238411">
<ele>442.8244629</ele>
<time>2012-12-09T13:31:25Z</time>
</trkpt>
<trkpt lat="45.8263624" lon="4.8242555">
<ele>435.6145020</ele>
<time>2012-12-09T13:31:33Z</time>
</trkpt>
<trkpt lat="45.8269021" lon="4.8246306">
<ele>431.2885742</ele>
<time>2012-12-09T13:31:39Z</time>
</trkpt>
<trkpt lat="45.8271501" lon="4.8248918">
<ele>428.8853760</ele>
<time>2012-12-09T13:31:42Z</time>
</trkpt>
<trkpt lat="45.8274799" lon="4.8251206">
<ele>426.4820557</ele>
<time>2012-12-09T13:31:46Z</time>
</trkpt>
<trkpt lat="45.8276346" lon="4.8251672">
<ele>425.0401611</ele>
<time>2012-12-09T13:31:48Z</time>
</trkpt>
<trkpt lat="45.8278026" lon="4.8254352">
<ele>422.6367188</ele>
<time>2012-12-09T13:31:52Z</time>
</trkpt>
<trkpt lat="45.8277068" lon="4.8256104">
<ele>420.7141113</ele>
<time>2012-12-09T13:31:54Z</time>
</trkpt>
<trkpt lat="45.8275521" lon="4.8256123">
<ele>418.7915039</ele>
<time>2012-12-09T13:31:56Z</time>
</trkpt>
<trkpt lat="45.8274730" lon="4.8255828">
<ele>417.8302002</ele>
<time>2012-12-09T13:31:57Z</time>
</trkpt>
<trkpt lat="45.8267887" lon="4.8253109">
<ele>411.5816650</ele>
<time>2012-12-09T13:32:05Z</time>
</trkpt>
<trkpt lat="45.8264138" lon="4.8251162">
<ele>409.6590576</ele>
<time>2012-12-09T13:32:09Z</time>
</trkpt>
<trkpt lat="45.8260116" lon="4.8250965">
<ele>407.2556152</ele>
<time>2012-12-09T13:32:13Z</time>
</trkpt>
<trkpt lat="45.8259118" lon="4.8251525">
<ele>406.2943115</ele>
<time>2012-12-09T13:32:14Z</time>
</trkpt>
<trkpt lat="45.8255075" lon="4.8253382">
<ele>402.4490967</ele>
<time>2012-12-09T13:32:18Z</time>
</trkpt>
<trkpt lat="45.8249784" lon="4.8253149">
<ele>398.6037598</ele>
<time>2012-12-09T13:32:23Z</time>
</trkpt>
<trkpt lat="45.8247602" lon="4.8252228">
<ele>397.6424561</ele>
<time>2012-12-09T13:32:25Z</time>
</trkpt>
<trkpt lat="45.8245451" lon="4.8250978">
<ele>397.1617432</ele>
<time>2012-12-09T13:32:27Z</time>
</trkpt>
<trkpt lat="45.8238587" lon="4.8248691">
<ele>390.9132080</ele>
<time>2012-12-09T13:32:33Z</time>
</trkpt>
<trkpt lat="45.8234154" lon="4.8245856">
<ele>387.0679932</ele>
<time>2012-12-09T13:32:37Z</time>
</trkpt>
<trkpt lat="45.8230068" lon="4.8242360">
<ele>382.7420654</ele>
<time>2012-12-09T13:32:41Z</time>
</trkpt>
<trkpt lat="45.8225157" lon="4.8241344">
<ele>378.4161377</ele>
<time>2012-12-09T13:32:45Z</time>
</trkpt>
<trkpt lat="45.8221633" lon="4.8243079">
<ele>376.0128174</ele>
<time>2012-12-09T13:32:48Z</time>
</trkpt>
<trkpt lat="45.8220423" lon="4.8244167">
<ele>375.0515137</ele>
<time>2012-12-09T13:32:49Z</time>
</trkpt>
<trkpt lat="45.8215603" lon="4.8246287">
<ele>371.2062988</ele>
<time>2012-12-09T13:32:53Z</time>
</trkpt>
<trkpt lat="45.8211454" lon="4.8244438">
<ele>368.8029785</ele>
<time>2012-12-09T13:32:57Z</time>
</trkpt>
<trkpt lat="45.8209690" lon="4.8242548">
<ele>369.2836914</ele>
<time>2012-12-09T13:32:59Z</time>
</trkpt>
<trkpt lat="45.8202927" lon="4.8234956">
<ele>365.9189453</ele>
<time>2012-12-09T13:33:07Z</time>
</trkpt>
<trkpt lat="45.8199153" lon="4.8231861">
<ele>362.5543213</ele>
<time>2012-12-09T13:33:11Z</time>
</trkpt>
<trkpt lat="45.8194884" lon="4.8227165">
<ele>358.7089844</ele>
<time>2012-12-09T13:33:16Z</time>
</trkpt>
<trkpt lat="45.8190459" lon="4.8222385">
<ele>353.4218750</ele>
<time>2012-12-09T13:33:21Z</time>
</trkpt>
<trkpt lat="45.8187827" lon="4.8219473">
<ele>351.9798584</ele>
<time>2012-12-09T13:33:24Z</time>
</trkpt>
<trkpt lat="45.8185820" lon="4.8214744">
<ele>351.0184326</ele>
<time>2012-12-09T13:33:28Z</time>
</trkpt>
<trkpt lat="45.8185594" lon="4.8212301">
<ele>350.5378418</ele>
<time>2012-12-09T13:33:30Z</time>
</trkpt>
<trkpt lat="45.8184560" lon="4.8204616">
<ele>347.6539307</ele>
<time>2012-12-09T13:33:37Z</time>
</trkpt>
<trkpt lat="45.8184092" lon="4.8200165">
<ele>346.2120361</ele>
<time>2012-12-09T13:33:41Z</time>
</trkpt>
<trkpt lat="45.8184589" lon="4.8193792">
<ele>345.2506104</ele>
<time>2012-12-09T13:33:47Z</time>
</trkpt>
<trkpt lat="45.8185553" lon="4.8187911">
<ele>343.8085938</ele>
<time>2012-12-09T13:33:53Z</time>
</trkpt>
<trkpt lat="45.8185012" lon="4.8182831">
<ele>342.8472900</ele>
<time>2012-12-09T13:33:58Z</time>
</trkpt>
<trkpt lat="45.8183103" lon="4.8180603">
<ele>341.8859863</ele>
<time>2012-12-09T13:34:01Z</time>
</trkpt>
<trkpt lat="45.8180482" lon="4.8179246">
<ele>340.4440918</ele>
<time>2012-12-09T13:34:04Z</time>
</trkpt>
<trkpt lat="45.8176019" lon="4.8177754">
<ele>336.5988770</ele>
<time>2012-12-09T13:34:09Z</time>
</trkpt>
<trkpt lat="45.8173932" lon="4.8175572">
<ele>334.6761475</ele>
<time>2012-12-09T13:34:13Z</time>
</trkpt>
<trkpt lat="45.8173381" lon="4.8173127">
<ele>335.1567383</ele>
<time>2012-12-09T13:34:16Z</time>
</trkpt>
<trkpt lat="45.8173600" lon="4.8170969">
<ele>336.1181641</ele>
<time>2012-12-09T13:34:19Z</time>
</trkpt>
<trkpt lat="45.8174231" lon="4.8166462">
<ele>338.0407715</ele>
<time>2012-12-09T13:34:27Z</time>
</trkpt>
<trkpt lat="45.8174268" lon="4.8163245">
<ele>339.4826660</ele>
<time>2012-12-09T13:34:35Z</time>
</trkpt>
<trkpt lat="45.8173759" lon="4.8159464">
<ele>339.9633789</ele>
<time>2012-12-09T13:34:45Z</time>
</trkpt>
<trkpt lat="45.8173588" lon="4.8159164">
<ele>340.4440918</ele>
<time>2012-12-09T13:34:46Z</time>
</trkpt>
<trkpt lat="45.8172292" lon="4.8158920">
<ele>339.4826660</ele>
<time>2012-12-09T13:34:50Z</time>
</trkpt>
<trkpt lat="45.8169277" lon="4.8159982">
<ele>337.5600586</ele>
<time>2012-12-09T13:34:56Z</time>
</trkpt>
<trkpt lat="45.8165117" lon="4.8162215">
<ele>331.7921143</ele>
<time>2012-12-09T13:35:03Z</time>
</trkpt>
<trkpt lat="45.8163328" lon="4.8163379">
<ele>332.2728271</ele>
<time>2012-12-09T13:35:07Z</time>
</trkpt>
<trkpt lat="45.8162447" lon="4.8163775">
<ele>331.7921143</ele>
<time>2012-12-09T13:35:10Z</time>
</trkpt>
<trkpt lat="45.8161061" lon="4.8165316">
<ele>329.8695068</ele>
<time>2012-12-09T13:35:14Z</time>
</trkpt>
<trkpt lat="45.8160644" lon="4.8165912">
<ele>329.3889160</ele>
<time>2012-12-09T13:35:15Z</time>
</trkpt>
<trkpt lat="45.8159624" lon="4.8169459">
<ele>326.9855957</ele>
<time>2012-12-09T13:35:19Z</time>
</trkpt>
<trkpt lat="45.8158779" lon="4.8177356">
<ele>324.5822754</ele>
<time>2012-12-09T13:35:26Z</time>
</trkpt>
<trkpt lat="45.8157874" lon="4.8185747">
<ele>321.2177734</ele>
<time>2012-12-09T13:35:33Z</time>
</trkpt>
<trkpt lat="45.8157686" lon="4.8187752">
<ele>319.7756348</ele>
<time>2012-12-09T13:35:35Z</time>
</trkpt>
<trkpt lat="45.8156603" lon="4.8190304">
<ele>317.8530273</ele>
<time>2012-12-09T13:35:39Z</time>
</trkpt>
<trkpt lat="45.8155847" lon="4.8190859">
<ele>316.4110107</ele>
<time>2012-12-09T13:35:41Z</time>
</trkpt>
<trkpt lat="45.8154618" lon="4.8191876">
<ele>314.4884033</ele>
<time>2012-12-09T13:35:44Z</time>
</trkpt>
<trkpt lat="45.8150698" lon="4.8193502">
<ele>311.6044922</ele>
<time>2012-12-09T13:35:51Z</time>
</trkpt>
<trkpt lat="45.8146392" lon="4.8195450">
<ele>309.2011719</ele>
<time>2012-12-09T13:35:58Z</time>
</trkpt>
<trkpt lat="45.8144243" lon="4.8197651">
<ele>309.2011719</ele>
<time>2012-12-09T13:36:02Z</time>
</trkpt>
<trkpt lat="45.8143611" lon="4.8200210">
<ele>309.2011719</ele>
<time>2012-12-09T13:36:05Z</time>
</trkpt>
<trkpt lat="45.8143527" lon="4.8201099">
<ele>309.2011719</ele>
<time>2012-12-09T13:36:06Z</time>
</trkpt>
<trkpt lat="45.8143280" lon="4.8206774">
<ele>308.2398682</ele>
<time>2012-12-09T13:36:12Z</time>
</trkpt>
<trkpt lat="45.8144133" lon="4.8210721">
<ele>306.3172607</ele>
<time>2012-12-09T13:36:16Z</time>
</trkpt>
<trkpt lat="45.8145953" lon="4.8213009">
<ele>304.8752441</ele>
<time>2012-12-09T13:36:19Z</time>
</trkpt>
<trkpt lat="45.8146698" lon="4.8213571">
<ele>304.3946533</ele>
<time>2012-12-09T13:36:20Z</time>
</trkpt>
<trkpt lat="45.8152149" lon="4.8216867">
<ele>302.9525146</ele>
<time>2012-12-09T13:36:27Z</time>
</trkpt>
<trkpt lat="45.8152750" lon="4.8217315">
<ele>303.4332275</ele>
<time>2012-12-09T13:36:28Z</time>
</trkpt>
<trkpt lat="45.8154560" lon="4.8220183">
<ele>303.4332275</ele>
<time>2012-12-09T13:36:32Z</time>
</trkpt>
<trkpt lat="45.8154778" lon="4.8222338">
<ele>301.9913330</ele>
<time>2012-12-09T13:36:34Z</time>
</trkpt>
<trkpt lat="45.8154962" lon="4.8227248">
<ele>300.0687256</ele>
<time>2012-12-09T13:36:39Z</time>
</trkpt>
<trkpt lat="45.8154113" lon="4.8229422">
<ele>298.1461182</ele>
<time>2012-12-09T13:36:43Z</time>
</trkpt>
<trkpt lat="45.8152610" lon="4.8229419">
<ele>296.7041016</ele>
<time>2012-12-09T13:36:45Z</time>
</trkpt>
<trkpt lat="45.8147270" lon="4.8229436">
<ele>291.4167480</ele>
<time>2012-12-09T13:36:51Z</time>
</trkpt>
<trkpt lat="45.8144979" lon="4.8229269">
<ele>289.4941406</ele>
<time>2012-12-09T13:36:54Z</time>
</trkpt>
<trkpt lat="45.8143499" lon="4.8230333">
<ele>287.5714111</ele>
<time>2012-12-09T13:36:57Z</time>
</trkpt>
<trkpt lat="45.8143414" lon="4.8233109">
<ele>287.5714111</ele>
<time>2012-12-09T13:37:00Z</time>
</trkpt>
<trkpt lat="45.8144288" lon="4.8236652">
<ele>286.6102295</ele>
<time>2012-12-09T13:37:04Z</time>
</trkpt>
<trkpt lat="45.8144749" lon="4.8237386">
<ele>286.6102295</ele>
<time>2012-12-09T13:37:05Z</time>
</trkpt>
<trkpt lat="45.8146787" lon="4.8240445">
<ele>286.1295166</ele>
<time>2012-12-09T13:37:09Z</time>
</trkpt>
<trkpt lat="45.8149142" lon="4.8246733">
<ele>281.8035889</ele>
<time>2012-12-09T13:37:15Z</time>
</trkpt>
<trkpt lat="45.8149766" lon="4.8252269">
<ele>278.4389648</ele>
<time>2012-12-09T13:37:19Z</time>
</trkpt>
<trkpt lat="45.8149739" lon="4.8253793">
<ele>276.9970703</ele>
<time>2012-12-09T13:37:20Z</time>
</trkpt>
<trkpt lat="45.8148181" lon="4.8263507">
<ele>268.8258057</ele>
<time>2012-12-09T13:37:26Z</time>
</trkpt>
<trkpt lat="45.8147233" lon="4.8269176">
<ele>263.0578613</ele>
<time>2012-12-09T13:37:30Z</time>
</trkpt>
<trkpt lat="45.8146933" lon="4.8271438">
<ele>260.6545410</ele>
<time>2012-12-09T13:37:32Z</time>
</trkpt>
<trkpt lat="45.8146243" lon="4.8273990">
<ele>259.2126465</ele>
<time>2012-12-09T13:37:35Z</time>
</trkpt>
<trkpt lat="45.8146469" lon="4.8276332">
<ele>258.7319336</ele>
<time>2012-12-09T13:37:38Z</time>
</trkpt>
<trkpt lat="45.8147455" lon="4.8276777">
<ele>259.2126465</ele>
<time>2012-12-09T13:37:40Z</time>
</trkpt>
<trkpt lat="45.8149873" lon="4.8277379">
<ele>260.1739502</ele>
<time>2012-12-09T13:37:45Z</time>
</trkpt>
<trkpt lat="45.8153475" lon="4.8280225">
<ele>260.6545410</ele>
<time>2012-12-09T13:37:55Z</time>
</trkpt>
<trkpt lat="45.8156225" lon="4.8282563">
<ele>261.6159668</ele>
<time>2012-12-09T13:38:03Z</time>
</trkpt>
<trkpt lat="45.8158732" lon="4.8285499">
<ele>263.5385742</ele>
<time>2012-12-09T13:38:11Z</time>
</trkpt>
<trkpt lat="45.8160790" lon="4.8288246">
<ele>265.9418945</ele>
<time>2012-12-09T13:38:19Z</time>
</trkpt>
<trkpt lat="45.8164180" lon="4.8292292">
<ele>267.3839111</ele>
<time>2012-12-09T13:38:31Z</time>
</trkpt>
<trkpt lat="45.8166677" lon="4.8295322">
<ele>267.3839111</ele>
<time>2012-12-09T13:38:39Z</time>
</trkpt>
<trkpt lat="45.8168444" lon="4.8296089">
<ele>268.8258057</ele>
<time>2012-12-09T13:38:43Z</time>
</trkpt>
<trkpt lat="45.8172276" lon="4.8296347">
<ele>269.7871094</ele>
<time>2012-12-09T13:38:52Z</time>
</trkpt>
<trkpt lat="45.8175835" lon="4.8296784">
<ele>271.2291260</ele>
<time>2012-12-09T13:39:00Z</time>
</trkpt>
<trkpt lat="45.8178415" lon="4.8296941">
<ele>270.7484131</ele>
<time>2012-12-09T13:39:05Z</time>
</trkpt>
<trkpt lat="45.8181332" lon="4.8297804">
<ele>269.7871094</ele>
<time>2012-12-09T13:39:11Z</time>
</trkpt>
<trkpt lat="45.8183400" lon="4.8298788">
<ele>269.3065186</ele>
<time>2012-12-09T13:39:15Z</time>
</trkpt>
<trkpt lat="45.8188037" lon="4.8300818">
<ele>266.9031982</ele>
<time>2012-12-09T13:39:22Z</time>
</trkpt>
<trkpt lat="45.8193247" lon="4.8303014">
<ele>264.4998779</ele>
<time>2012-12-09T13:39:29Z</time>
</trkpt>
<trkpt lat="45.8198764" lon="4.8304626">
<ele>262.5771484</ele>
<time>2012-12-09T13:39:36Z</time>
</trkpt>
<trkpt lat="45.8200431" lon="4.8305142">
<ele>262.5771484</ele>
<time>2012-12-09T13:39:38Z</time>
</trkpt>
<trkpt lat="45.8205733" lon="4.8305756">
<ele>262.5771484</ele>
<time>2012-12-09T13:39:45Z</time>
</trkpt>
<trkpt lat="45.8209071" lon="4.8307558">
<ele>260.6545410</ele>
<time>2012-12-09T13:39:50Z</time>
</trkpt>
<trkpt lat="45.8214124" lon="4.8310739">
<ele>260.1739502</ele>
<time>2012-12-09T13:39:58Z</time>
</trkpt>
<trkpt lat="45.8217807" lon="4.8313246">
<ele>260.1739502</ele>
<time>2012-12-09T13:40:05Z</time>
</trkpt>
<trkpt lat="45.8220629" lon="4.8315605">
<ele>262.0965576</ele>
<time>2012-12-09T13:40:12Z</time>
</trkpt>
<trkpt lat="45.8222875" lon="4.8317896">
<ele>264.0192871</ele>
<time>2012-12-09T13:40:19Z</time>
</trkpt>
<trkpt lat="45.8225316" lon="4.8320565">
<ele>264.0192871</ele>
<time>2012-12-09T13:40:27Z</time>
</trkpt>
<trkpt lat="45.8228268" lon="4.8323937">
<ele>262.5771484</ele>
<time>2012-12-09T13:40:37Z</time>
</trkpt>
<trkpt lat="45.8231037" lon="4.8327143">
<ele>264.9805908</ele>
<time>2012-12-09T13:40:46Z</time>
</trkpt>
<trkpt lat="45.8233010" lon="4.8328308">
<ele>264.0192871</ele>
<time>2012-12-09T13:40:50Z</time>
</trkpt>
<trkpt lat="45.8235999" lon="4.8330552">
<ele>261.6159668</ele>
<time>2012-12-09T13:40:55Z</time>
</trkpt>
<trkpt lat="45.8236682" lon="4.8330972">
<ele>261.1352539</ele>
<time>2012-12-09T13:40:56Z</time>
</trkpt>
<trkpt lat="45.8239718" lon="4.8331933">
<ele>262.0965576</ele>
<time>2012-12-09T13:41:00Z</time>
</trkpt>
<trkpt lat="45.8243575" lon="4.8331909">
<ele>262.0965576</ele>
<time>2012-12-09T13:41:05Z</time>
</trkpt>
<trkpt lat="45.8246963" lon="4.8333818">
<ele>261.6159668</ele>
<time>2012-12-09T13:41:10Z</time>
</trkpt>
<trkpt lat="45.8247816" lon="4.8336017">
<ele>259.6933594</ele>
<time>2012-12-09T13:41:13Z</time>
</trkpt>
<trkpt lat="45.8247243" lon="4.8336867">
<ele>258.7319336</ele>
<time>2012-12-09T13:41:14Z</time>
</trkpt>
<trkpt lat="45.8244277" lon="4.8341912">
<ele>254.8865967</ele>
<time>2012-12-09T13:41:19Z</time>
</trkpt>
<trkpt lat="45.8240452" lon="4.8349242">
<ele>250.5607910</ele>
<time>2012-12-09T13:41:25Z</time>
</trkpt>
<trkpt lat="45.8239853" lon="4.8350486">
<ele>249.5994873</ele>
<time>2012-12-09T13:41:26Z</time>
</trkpt>
<trkpt lat="45.8234930" lon="4.8356689">
<ele>244.3122559</ele>
<time>2012-12-09T13:41:32Z</time>
</trkpt>
<trkpt lat="45.8230596" lon="4.8361893">
<ele>239.5054932</ele>
<time>2012-12-09T13:41:37Z</time>
</trkpt>
<trkpt lat="45.8228093" lon="4.8367315">
<ele>234.6990967</ele>
<time>2012-12-09T13:41:41Z</time>
</trkpt>
<trkpt lat="45.8227747" lon="4.8368895">
<ele>233.7376709</ele>
<time>2012-12-09T13:41:42Z</time>
</trkpt>
<trkpt lat="45.8225450" lon="4.8383775">
<ele>224.1245117</ele>
<time>2012-12-09T13:41:51Z</time>
</trkpt>
<trkpt lat="45.8224665" lon="4.8389563">
<ele>221.7211914</ele>
<time>2012-12-09T13:41:55Z</time>
</trkpt>
<trkpt lat="45.8224266" lon="4.8393973">
<ele>220.7598877</ele>
<time>2012-12-09T13:41:59Z</time>
</trkpt>
<trkpt lat="45.8224761" lon="4.8399836">
<ele>219.7985840</ele>
<time>2012-12-09T13:42:05Z</time>
</trkpt>
<trkpt lat="45.8224648" lon="4.8400649">
<ele>219.7985840</ele>
<time>2012-12-09T13:42:08Z</time>
</trkpt>
<trkpt lat="45.8224613" lon="4.8401013">
<ele>219.7985840</ele>
<time>2012-12-09T13:42:13Z</time>
</trkpt>
<trkpt lat="45.8225289" lon="4.8401196">
<ele>220.7598877</ele>
<time>2012-12-09T13:42:18Z</time>
</trkpt>
<trkpt lat="45.8225632" lon="4.8401157">
<ele>221.2406006</ele>
<time>2012-12-09T13:42:20Z</time>
</trkpt>
<trkpt lat="45.8227087" lon="4.8400592">
<ele>223.1632080</ele>
<time>2012-12-09T13:42:26Z</time>
</trkpt>
<trkpt lat="45.8230114" lon="4.8399431">
<ele>225.5665283</ele>
<time>2012-12-09T13:42:37Z</time>
</trkpt>
<trkpt lat="45.8232783" lon="4.8398619">
<ele>228.9311523</ele>
<time>2012-12-09T13:42:47Z</time>
</trkpt>
<trkpt lat="45.8234883" lon="4.8398120">
<ele>232.2957764</ele>
<time>2012-12-09T13:42:56Z</time>
</trkpt>
<trkpt lat="45.8235551" lon="4.8399207">
<ele>232.2957764</ele>
<time>2012-12-09T13:43:01Z</time>
</trkpt>
<trkpt lat="45.8235537" lon="4.8401950">
<ele>232.2957764</ele>
<time>2012-12-09T13:43:09Z</time>
</trkpt>
<trkpt lat="45.8235455" lon="4.8404358">
<ele>232.2957764</ele>
<time>2012-12-09T13:43:15Z</time>
</trkpt>
<trkpt lat="45.8235319" lon="4.8408399">
<ele>231.8149414</ele>
<time>2012-12-09T13:43:22Z</time>
</trkpt>
<trkpt lat="45.8235205" lon="4.8411836">
<ele>231.8149414</ele>
<time>2012-12-09T13:43:26Z</time>
</trkpt>
<trkpt lat="45.8235065" lon="4.8415594">
<ele>230.3730469</ele>
<time>2012-12-09T13:43:30Z</time>
</trkpt>
<trkpt lat="45.8234829" lon="4.8420648">
<ele>227.0085449</ele>
<time>2012-12-09T13:43:35Z</time>
</trkpt>
<trkpt lat="45.8234874" lon="4.8424104">
<ele>225.5665283</ele>
<time>2012-12-09T13:43:39Z</time>
</trkpt>
<trkpt lat="45.8235429" lon="4.8425665">
<ele>224.6052246</ele>
<time>2012-12-09T13:43:42Z</time>
</trkpt>
<trkpt lat="45.8236371" lon="4.8425705">
<ele>224.1245117</ele>
<time>2012-12-09T13:43:44Z</time>
</trkpt>
<trkpt lat="45.8239232" lon="4.8424984">
<ele>221.2406006</ele>
<time>2012-12-09T13:43:49Z</time>
</trkpt>
<trkpt lat="45.8241282" lon="4.8426017">
<ele>219.7985840</ele>
<time>2012-12-09T13:43:53Z</time>
</trkpt>
<trkpt lat="45.8242022" lon="4.8428524">
<ele>219.7985840</ele>
<time>2012-12-09T13:43:56Z</time>
</trkpt>
<trkpt lat="45.8242189" lon="4.8430648">
<ele>217.3953857</ele>
<time>2012-12-09T13:43:58Z</time>
</trkpt>
<trkpt lat="45.8242537" lon="4.8435770">
<ele>212.5886230</ele>
<time>2012-12-09T13:44:03Z</time>
</trkpt>
<trkpt lat="45.8241366" lon="4.8438608">
<ele>208.2628174</ele>
<time>2012-12-09T13:44:07Z</time>
</trkpt>
<trkpt lat="45.8240677" lon="4.8438899">
<ele>207.3013916</ele>
<time>2012-12-09T13:44:08Z</time>
</trkpt>
<trkpt lat="45.8239407" lon="4.8439526">
<ele>205.3787842</ele>
<time>2012-12-09T13:44:10Z</time>
</trkpt>
<trkpt lat="45.8238547" lon="4.8441391">
<ele>203.9368896</ele>
<time>2012-12-09T13:44:14Z</time>
</trkpt>
<trkpt lat="45.8240343" lon="4.8441328">
<ele>201.5335693</ele>
<time>2012-12-09T13:44:17Z</time>
</trkpt>
<trkpt lat="45.8243334" lon="4.8440489">
<ele>198.6495361</ele>
<time>2012-12-09T13:44:21Z</time>
</trkpt>
<trkpt lat="45.8244929" lon="4.8439744">
<ele>197.6882324</ele>
<time>2012-12-09T13:44:23Z</time>
</trkpt>
<trkpt lat="45.8248202" lon="4.8439596">
<ele>194.3237305</ele>
<time>2012-12-09T13:44:27Z</time>
</trkpt>
<trkpt lat="45.8249072" lon="4.8440183">
<ele>193.3623047</ele>
<time>2012-12-09T13:44:28Z</time>
</trkpt>
<trkpt lat="45.8254716" lon="4.8444052">
<ele>187.1137695</ele>
<time>2012-12-09T13:44:34Z</time>
</trkpt>
<trkpt lat="45.8258754" lon="4.8448449">
<ele>185.1911621</ele>
<time>2012-12-09T13:44:39Z</time>
</trkpt>
<trkpt lat="45.8260774" lon="4.8451050">
<ele>183.7490234</ele>
<time>2012-12-09T13:44:42Z</time>
</trkpt>
<trkpt lat="45.8262356" lon="4.8455288">
<ele>181.8264160</ele>
<time>2012-12-09T13:44:46Z</time>
</trkpt>
<trkpt lat="45.8262401" lon="4.8456330">
<ele>181.3458252</ele>
<time>2012-12-09T13:44:47Z</time>
</trkpt>
<trkpt lat="45.8262396" lon="4.8457854">
<ele>179.9038086</ele>
<time>2012-12-09T13:44:49Z</time>
</trkpt>
<trkpt lat="45.8262902" lon="4.8460232">
<ele>177.5006104</ele>
<time>2012-12-09T13:44:54Z</time>
</trkpt>
<trkpt lat="45.8263251" lon="4.8460490">
<ele>177.5006104</ele>
<time>2012-12-09T13:44:55Z</time>
</trkpt>
<trkpt lat="45.8266375" lon="4.8461639">
<ele>176.5393066</ele>
<time>2012-12-09T13:45:01Z</time>
</trkpt>
<trkpt lat="45.8269595" lon="4.8462764">
<ele>174.6165771</ele>
<time>2012-12-09T13:45:06Z</time>
</trkpt>
<trkpt lat="45.8273610" lon="4.8463529">
<ele>175.0972900</ele>
<time>2012-12-09T13:45:12Z</time>
</trkpt>
<trkpt lat="45.8276113" lon="4.8462889">
<ele>173.6552734</ele>
<time>2012-12-09T13:45:16Z</time>
</trkpt>
<trkpt lat="45.8280194" lon="4.8460996">
<ele>174.6165771</ele>
<time>2012-12-09T13:45:24Z</time>
</trkpt>
<trkpt lat="45.8284351" lon="4.8459365">
<ele>175.0972900</ele>
<time>2012-12-09T13:45:33Z</time>
</trkpt>
<trkpt lat="45.8287775" lon="4.8458408">
<ele>175.0972900</ele>
<time>2012-12-09T13:45:41Z</time>
</trkpt>
<trkpt lat="45.8290250" lon="4.8457303">
<ele>175.0972900</ele>
<time>2012-12-09T13:45:47Z</time>
</trkpt>
<trkpt lat="45.8293641" lon="4.8456423">
<ele>177.0200195</ele>
<time>2012-12-09T13:45:55Z</time>
</trkpt>
<trkpt lat="45.8295259" lon="4.8455972">
<ele>177.9812012</ele>
<time>2012-12-09T13:45:59Z</time>
</trkpt>
<trkpt lat="45.8297832" lon="4.8453648">
<ele>179.4232178</ele>
<time>2012-12-09T13:46:07Z</time>
</trkpt>
<trkpt lat="45.8299770" lon="4.8451211">
<ele>180.3845215</ele>
<time>2012-12-09T13:46:15Z</time>
</trkpt>
<trkpt lat="45.8302303" lon="4.8447860">
<ele>182.3071289</ele>
<time>2012-12-09T13:46:26Z</time>
</trkpt>
<trkpt lat="45.8303810" lon="4.8445795">
<ele>183.2684326</ele>
<time>2012-12-09T13:46:33Z</time>
</trkpt>
<trkpt lat="45.8305692" lon="4.8442857">
<ele>184.2298584</ele>
<time>2012-12-09T13:46:42Z</time>
</trkpt>
<trkpt lat="45.8307158" lon="4.8440671">
<ele>183.2684326</ele>
<time>2012-12-09T13:46:48Z</time>
</trkpt>
<trkpt lat="45.8308327" lon="4.8441661">
<ele>181.3458252</ele>
<time>2012-12-09T13:46:52Z</time>
</trkpt>
<trkpt lat="45.8308529" lon="4.8442446">
<ele>180.3845215</ele>
<time>2012-12-09T13:46:53Z</time>
</trkpt>
<trkpt lat="45.8309313" lon="4.8445917">
<ele>177.5006104</ele>
<time>2012-12-09T13:46:57Z</time>
</trkpt>
<trkpt lat="45.8309946" lon="4.8450352">
<ele>174.1358643</ele>
<time>2012-12-09T13:47:03Z</time>
</trkpt>
<trkpt lat="45.8310043" lon="4.8450830">
<ele>173.1746826</ele>
<time>2012-12-09T13:47:04Z</time>
</trkpt>
<trkpt lat="45.8309557" lon="4.8452560">
<ele>171.7326660</ele>
<time>2012-12-09T13:47:08Z</time>
</trkpt>
<trkpt lat="45.8308480" lon="4.8452984">
<ele>170.2906494</ele>
<time>2012-12-09T13:47:11Z</time>
</trkpt>
<trkpt lat="45.8305707" lon="4.8453438">
<ele>165.4841309</ele>
<time>2012-12-09T13:47:18Z</time>
</trkpt>
<trkpt lat="45.8304017" lon="4.8453911">
<ele>164.0421143</ele>
<time>2012-12-09T13:47:22Z</time>
</trkpt>
<trkpt lat="45.8301216" lon="4.8456562">
<ele>162.1195068</ele>
<time>2012-12-09T13:47:29Z</time>
</trkpt>
<trkpt lat="45.8299434" lon="4.8458583">
<ele>161.1582031</ele>
<time>2012-12-09T13:47:33Z</time>
</trkpt>
<trkpt lat="45.8298493" lon="4.8461332">
<ele>163.0808105</ele>
<time>2012-12-09T13:47:37Z</time>
</trkpt>
<trkpt lat="45.8299465" lon="4.8463129">
<ele>165.9647217</ele>
<time>2012-12-09T13:47:40Z</time>
</trkpt>
<trkpt lat="45.8301009" lon="4.8464736">
<ele>167.4067383</ele>
<time>2012-12-09T13:47:43Z</time>
</trkpt>
<trkpt lat="45.8302154" lon="4.8465973">
<ele>167.4067383</ele>
<time>2012-12-09T13:47:45Z</time>
</trkpt>
<trkpt lat="45.8305501" lon="4.8469596">
<ele>167.4067383</ele>
<time>2012-12-09T13:47:51Z</time>
</trkpt>
<trkpt lat="45.8307065" lon="4.8471631">
<ele>166.9260254</ele>
<time>2012-12-09T13:47:55Z</time>
</trkpt>
<trkpt lat="45.8307355" lon="4.8472102">
<ele>166.4453125</ele>
<time>2012-12-09T13:47:57Z</time>
</trkpt>
<trkpt lat="45.8307878" lon="4.8473959">
<ele>166.9260254</ele>
<time>2012-12-09T13:48:03Z</time>
</trkpt>
<trkpt lat="45.8309116" lon="4.8474997">
<ele>166.9260254</ele>
<time>2012-12-09T13:48:07Z</time>
</trkpt>
<trkpt lat="45.8309525" lon="4.8475087">
<ele>167.4067383</ele>
<time>2012-12-09T13:48:08Z</time>
</trkpt>
<trkpt lat="45.8311897" lon="4.8476264">
<ele>168.3680420</ele>
<time>2012-12-09T13:48:14Z</time>
</trkpt>
<trkpt lat="45.8315196" lon="4.8479742">
<ele>171.7326660</ele>
<time>2012-12-09T13:48:25Z</time>
</trkpt>
<trkpt lat="45.8318402" lon="4.8482930">
<ele>171.7326660</ele>
<time>2012-12-09T13:48:35Z</time>
</trkpt>
<trkpt lat="45.8319819" lon="4.8484304">
<ele>171.2520752</ele>
<time>2012-12-09T13:48:39Z</time>
</trkpt>
<trkpt lat="45.8321179" lon="4.8485230">
<ele>170.7713623</ele>
<time>2012-12-09T13:48:43Z</time>
</trkpt>
<trkpt lat="45.8322230" lon="4.8486276">
<ele>169.8100586</ele>
<time>2012-12-09T13:48:47Z</time>
</trkpt>
<trkpt lat="45.8323122" lon="4.8486531">
<ele>169.3294678</ele>
<time>2012-12-09T13:48:51Z</time>
</trkpt>
<trkpt lat="45.8323449" lon="4.8486517">
<ele>170.2906494</ele>
<time>2012-12-09T13:48:58Z</time>
</trkpt>
<trkpt lat="45.8323495" lon="4.8486482">
<ele>170.7713623</ele>
<time>2012-12-09T13:49:07Z</time>
</trkpt>
<trkpt lat="45.8323646" lon="4.8486613">
<ele>170.7713623</ele>
<time>2012-12-09T13:49:14Z</time>
</trkpt>
<trkpt lat="45.8324559" lon="4.8486863">
<ele>170.2906494</ele>
<time>2012-12-09T13:49:19Z</time>
</trkpt>
<trkpt lat="45.8324755" lon="4.8486565">
<ele>170.2906494</ele>
<time>2012-12-09T13:49:20Z</time>
</trkpt>
<trkpt lat="45.8325279" lon="4.8485473">
<ele>170.2906494</ele>
<time>2012-12-09T13:49:23Z</time>
</trkpt>
<trkpt lat="45.8326473" lon="4.8485438">
<ele>170.2906494</ele>
<time>2012-12-09T13:49:27Z</time>
</trkpt>
<trkpt lat="45.8326775" lon="4.8485761">
<ele>169.8100586</ele>
<time>2012-12-09T13:49:28Z</time>
</trkpt>
<trkpt lat="45.8329506" lon="4.8488852">
<ele>167.4067383</ele>
<time>2012-12-09T13:49:35Z</time>
</trkpt>
<trkpt lat="45.8332250" lon="4.8492262">
<ele>168.8487549</ele>
<time>2012-12-09T13:49:42Z</time>
</trkpt>
<trkpt lat="45.8333886" lon="4.8494311">
<ele>170.2906494</ele>
<time>2012-12-09T13:49:48Z</time>
</trkpt>
<trkpt lat="45.8335263" lon="4.8495807">
<ele>177.9812012</ele>
<time>2012-12-09T13:49:55Z</time>
</trkpt>
<trkpt lat="45.8335675" lon="4.8496392">
<ele>179.4232178</ele>
<time>2012-12-09T13:49:58Z</time>
</trkpt>
<trkpt lat="45.8335368" lon="4.8497942">
<ele>180.8652344</ele>
<time>2012-12-09T13:50:03Z</time>
</trkpt>
<trkpt lat="45.8334108" lon="4.8500656">
<ele>182.7878418</ele>
<time>2012-12-09T13:50:09Z</time>
</trkpt>
<trkpt lat="45.8332611" lon="4.8503757">
<ele>180.8652344</ele>
<time>2012-12-09T13:50:15Z</time>
</trkpt>
<trkpt lat="45.8330938" lon="4.8507999">
<ele>178.9426270</ele>
<time>2012-12-09T13:50:23Z</time>
</trkpt>
<trkpt lat="45.8329261" lon="4.8513236">
<ele>173.1746826</ele>
<time>2012-12-09T13:50:32Z</time>
</trkpt>
<trkpt lat="45.8327624" lon="4.8518584">
<ele>176.0585938</ele>
<time>2012-12-09T13:50:41Z</time>
</trkpt>
<trkpt lat="45.8327408" lon="4.8519124">
<ele>176.0585938</ele>
<time>2012-12-09T13:50:42Z</time>
</trkpt>
<trkpt lat="45.8325754" lon="4.8524235">
<ele>177.5006104</ele>
<time>2012-12-09T13:50:51Z</time>
</trkpt>
<trkpt lat="45.8324397" lon="4.8529148">
<ele>177.0200195</ele>
<time>2012-12-09T13:50:59Z</time>
</trkpt>
<trkpt lat="45.8322618" lon="4.8535449">
<ele>177.9812012</ele>
<time>2012-12-09T13:51:09Z</time>
</trkpt>
<trkpt lat="45.8322310" lon="4.8536543">
<ele>177.9812012</ele>
<time>2012-12-09T13:51:11Z</time>
</trkpt>
<trkpt lat="45.8321308" lon="4.8539864">
<ele>179.4232178</ele>
<time>2012-12-09T13:51:19Z</time>
</trkpt>
<trkpt lat="45.8320269" lon="4.8543159">
<ele>182.3071289</ele>
<time>2012-12-09T13:51:28Z</time>
</trkpt>
<trkpt lat="45.8319347" lon="4.8546480">
<ele>185.1911621</ele>
<time>2012-12-09T13:51:37Z</time>
</trkpt>
<trkpt lat="45.8318518" lon="4.8549793">
<ele>184.7105713</ele>
<time>2012-12-09T13:51:46Z</time>
</trkpt>
<trkpt lat="45.8317620" lon="4.8552912">
<ele>185.6717529</ele>
<time>2012-12-09T13:51:55Z</time>
</trkpt>
<trkpt lat="45.8316664" lon="4.8556415">
<ele>187.1137695</ele>
<time>2012-12-09T13:52:05Z</time>
</trkpt>
<trkpt lat="45.8316481" lon="4.8559436">
<ele>188.5557861</ele>
<time>2012-12-09T13:52:13Z</time>
</trkpt>
<trkpt lat="45.8315950" lon="4.8560626">
<ele>189.5169678</ele>
<time>2012-12-09T13:52:18Z</time>
</trkpt>
<trkpt lat="45.8315123" lon="4.8561703">
<ele>190.4783936</ele>
<time>2012-12-09T13:52:23Z</time>
</trkpt>
<trkpt lat="45.8315068" lon="4.8563038">
<ele>191.4395752</ele>
<time>2012-12-09T13:52:27Z</time>
</trkpt>
<trkpt lat="45.8315783" lon="4.8565904">
<ele>190.9589844</ele>
<time>2012-12-09T13:52:32Z</time>
</trkpt>
<trkpt lat="45.8316943" lon="4.8570541">
<ele>189.9976807</ele>
<time>2012-12-09T13:52:38Z</time>
</trkpt>
<trkpt lat="45.8318461" lon="4.8576270">
<ele>189.5169678</ele>
<time>2012-12-09T13:52:45Z</time>
</trkpt>
<trkpt lat="45.8319580" lon="4.8580425">
<ele>191.9202881</ele>
<time>2012-12-09T13:52:51Z</time>
</trkpt>
<trkpt lat="45.8320780" lon="4.8585469">
<ele>193.8430176</ele>
<time>2012-12-09T13:52:59Z</time>
</trkpt>
<trkpt lat="45.8321009" lon="4.8588396">
<ele>191.9202881</ele>
<time>2012-12-09T13:53:04Z</time>
</trkpt>
<trkpt lat="45.8321445" lon="4.8592126">
<ele>188.0750732</ele>
<time>2012-12-09T13:53:11Z</time>
</trkpt>
<trkpt lat="45.8321632" lon="4.8595448">
<ele>188.5557861</ele>
<time>2012-12-09T13:53:17Z</time>
</trkpt>
<trkpt lat="45.8321681" lon="4.8597866">
<ele>188.5557861</ele>
<time>2012-12-09T13:53:21Z</time>
</trkpt>
<trkpt lat="45.8322290" lon="4.8603979">
<ele>191.4395752</ele>
<time>2012-12-09T13:53:31Z</time>
</trkpt>
<trkpt lat="45.8322650" lon="4.8609082">
<ele>191.9202881</ele>
<time>2012-12-09T13:53:39Z</time>
</trkpt>
<trkpt lat="45.8322967" lon="4.8616274">
<ele>193.3623047</ele>
<time>2012-12-09T13:53:50Z</time>
</trkpt>
<trkpt lat="45.8323030" lon="4.8617586">
<ele>193.3623047</ele>
<time>2012-12-09T13:53:52Z</time>
</trkpt>
<trkpt lat="45.8323195" lon="4.8620169">
<ele>193.8430176</ele>
<time>2012-12-09T13:53:56Z</time>
</trkpt>
<trkpt lat="45.8323202" lon="4.8626972">
<ele>195.7656250</ele>
<time>2012-12-09T13:54:07Z</time>
</trkpt>
<trkpt lat="45.8322910" lon="4.8630422">
<ele>196.7269287</ele>
<time>2012-12-09T13:54:13Z</time>
</trkpt>
<trkpt lat="45.8322516" lon="4.8635296">
<ele>196.7269287</ele>
<time>2012-12-09T13:54:22Z</time>
</trkpt>
<trkpt lat="45.8322252" lon="4.8639937">
<ele>194.8043213</ele>
<time>2012-12-09T13:54:31Z</time>
</trkpt>
<trkpt lat="45.8321672" lon="4.8645445">
<ele>197.6882324</ele>
<time>2012-12-09T13:54:41Z</time>
</trkpt>
<trkpt lat="45.8320567" lon="4.8648297">
<ele>197.6882324</ele>
<time>2012-12-09T13:54:47Z</time>
</trkpt>
<trkpt lat="45.8318792" lon="4.8651199">
<ele>197.2075195</ele>
<time>2012-12-09T13:54:55Z</time>
</trkpt>
<trkpt lat="45.8317737" lon="4.8653371">
<ele>198.1689453</ele>
<time>2012-12-09T13:55:01Z</time>
</trkpt>
<trkpt lat="45.8317202" lon="4.8657119">
<ele>198.1689453</ele>
<time>2012-12-09T13:55:08Z</time>
</trkpt>
<trkpt lat="45.8317024" lon="4.8660360">
<ele>199.1301270</ele>
<time>2012-12-09T13:55:14Z</time>
</trkpt>
<trkpt lat="45.8316850" lon="4.8664058">
<ele>202.0142822</ele>
<time>2012-12-09T13:55:21Z</time>
</trkpt>
<trkpt lat="45.8316632" lon="4.8667717">
<ele>208.2628174</ele>
<time>2012-12-09T13:55:29Z</time>
</trkpt>
<trkpt lat="45.8316263" lon="4.8670563">
<ele>211.6274414</ele>
<time>2012-12-09T13:55:36Z</time>
</trkpt>
<trkpt lat="45.8315610" lon="4.8673312">
<ele>209.7048340</ele>
<time>2012-12-09T13:55:43Z</time>
</trkpt>
<trkpt lat="45.8314830" lon="4.8675770">
<ele>209.7048340</ele>
<time>2012-12-09T13:55:51Z</time>
</trkpt>
<trkpt lat="45.8313585" lon="4.8676570">
<ele>210.1854248</ele>
<time>2012-12-09T13:55:57Z</time>
</trkpt>
<trkpt lat="45.8312106" lon="4.8676265">
<ele>210.1854248</ele>
<time>2012-12-09T13:56:04Z</time>
</trkpt>
<trkpt lat="45.8310373" lon="4.8675781">
<ele>210.1854248</ele>
<time>2012-12-09T13:56:12Z</time>
</trkpt>
<trkpt lat="45.8308946" lon="4.8675604">
<ele>214.5112305</ele>
<time>2012-12-09T13:56:18Z</time>
</trkpt>
<trkpt lat="45.8306619" lon="4.8675418">
<ele>224.6052246</ele>
<time>2012-12-09T13:56:27Z</time>
</trkpt>
<trkpt lat="45.8304058" lon="4.8675296">
<ele>234.2183838</ele>
<time>2012-12-09T13:56:37Z</time>
</trkpt>
<trkpt lat="45.8301590" lon="4.8675733">
<ele>243.3508301</ele>
<time>2012-12-09T13:56:47Z</time>
</trkpt>
<trkpt lat="45.8299854" lon="4.8675956">
<ele>239.9862061</ele>
<time>2012-12-09T13:56:56Z</time>
</trkpt>
<trkpt lat="45.8297953" lon="4.8676903">
<ele>243.8315430</ele>
<time>2012-12-09T13:57:04Z</time>
</trkpt>
<trkpt lat="45.8296070" lon="4.8677944">
<ele>240.9476318</ele>
<time>2012-12-09T13:57:14Z</time>
</trkpt>
<trkpt lat="45.8294222" lon="4.8679148">
<ele>236.6217041</ele>
<time>2012-12-09T13:57:24Z</time>
</trkpt>
<trkpt lat="45.8292032" lon="4.8680576">
<ele>235.6602783</ele>
<time>2012-12-09T13:57:35Z</time>
</trkpt>
<trkpt lat="45.8289882" lon="4.8682072">
<ele>235.1796875</ele>
<time>2012-12-09T13:57:45Z</time>
</trkpt>
<trkpt lat="45.8288380" lon="4.8683289">
<ele>235.1796875</ele>
<time>2012-12-09T13:57:52Z</time>
</trkpt>
<trkpt lat="45.8286410" lon="4.8684751">
<ele>233.7376709</ele>
<time>2012-12-09T13:58:01Z</time>
</trkpt>
<trkpt lat="45.8284873" lon="4.8685792">
<ele>236.6217041</ele>
<time>2012-12-09T13:58:07Z</time>
</trkpt>
<trkpt lat="45.8283190" lon="4.8686916">
<ele>239.0249023</ele>
<time>2012-12-09T13:58:14Z</time>
</trkpt>
<trkpt lat="45.8281235" lon="4.8688689">
<ele>241.4282227</ele>
<time>2012-12-09T13:58:23Z</time>
</trkpt>
<trkpt lat="45.8279785" lon="4.8690636">
<ele>241.9089355</ele>
<time>2012-12-09T13:58:31Z</time>
</trkpt>
<trkpt lat="45.8278538" lon="4.8694520">
<ele>239.0249023</ele>
<time>2012-12-09T13:58:42Z</time>
</trkpt>
<trkpt lat="45.8277676" lon="4.8697843">
<ele>239.5054932</ele>
<time>2012-12-09T13:58:51Z</time>
</trkpt>
<trkpt lat="45.8276365" lon="4.8700137">
<ele>241.4282227</ele>
<time>2012-12-09T13:58:59Z</time>
</trkpt>
<trkpt lat="45.8274217" lon="4.8702243">
<ele>244.3122559</ele>
<time>2012-12-09T13:59:09Z</time>
</trkpt>
<trkpt lat="45.8271595" lon="4.8704598">
<ele>246.2348633</ele>
<time>2012-12-09T13:59:20Z</time>
</trkpt>
<trkpt lat="45.8268530" lon="4.8706428">
<ele>250.5607910</ele>
<time>2012-12-09T13:59:32Z</time>
</trkpt>
<trkpt lat="45.8265930" lon="4.8707802">
<ele>252.0028076</ele>
<time>2012-12-09T13:59:42Z</time>
</trkpt>
<trkpt lat="45.8264039" lon="4.8708688">
<ele>252.0028076</ele>
<time>2012-12-09T13:59:49Z</time>
</trkpt>
<trkpt lat="45.8261872" lon="4.8710902">
<ele>257.7707520</ele>
<time>2012-12-09T13:59:57Z</time>
</trkpt>
<trkpt lat="45.8260500" lon="4.8713002">
<ele>257.7707520</ele>
<time>2012-12-09T14:00:04Z</time>
</trkpt>
<trkpt lat="45.8258978" lon="4.8715639">
<ele>255.8480225</ele>
<time>2012-12-09T14:00:12Z</time>
</trkpt>
<trkpt lat="45.8257667" lon="4.8717975">
<ele>253.4447021</ele>
<time>2012-12-09T14:00:19Z</time>
</trkpt>
<trkpt lat="45.8256303" lon="4.8720633">
<ele>252.9639893</ele>
<time>2012-12-09T14:00:26Z</time>
</trkpt>
<trkpt lat="45.8254030" lon="4.8725471">
<ele>253.4447021</ele>
<time>2012-12-09T14:00:36Z</time>
</trkpt>
<trkpt lat="45.8251901" lon="4.8729856">
<ele>254.4060059</ele>
<time>2012-12-09T14:00:45Z</time>
</trkpt>
<trkpt lat="45.8249822" lon="4.8734194">
<ele>256.3287354</ele>
<time>2012-12-09T14:00:54Z</time>
</trkpt>
<trkpt lat="45.8248089" lon="4.8737935">
<ele>258.2513428</ele>
<time>2012-12-09T14:01:02Z</time>
</trkpt>
<trkpt lat="45.8247385" lon="4.8740432">
<ele>260.6545410</ele>
<time>2012-12-09T14:01:07Z</time>
</trkpt>
<trkpt lat="45.8246000" lon="4.8743292">
<ele>262.0965576</ele>
<time>2012-12-09T14:01:14Z</time>
</trkpt>
<trkpt lat="45.8245599" lon="4.8745078">
<ele>263.0578613</ele>
<time>2012-12-09T14:01:19Z</time>
</trkpt>
<trkpt lat="45.8244502" lon="4.8746973">
<ele>264.0192871</ele>
<time>2012-12-09T14:01:25Z</time>
</trkpt>
<trkpt lat="45.8243500" lon="4.8749266">
<ele>265.4613037</ele>
<time>2012-12-09T14:01:32Z</time>
</trkpt>
<trkpt lat="45.8243780" lon="4.8751172">
<ele>266.4224854</ele>
<time>2012-12-09T14:01:37Z</time>
</trkpt>
<trkpt lat="45.8245193" lon="4.8753927">
<ele>267.3839111</ele>
<time>2012-12-09T14:01:44Z</time>
</trkpt>
<trkpt lat="45.8246965" lon="4.8756341">
<ele>265.4613037</ele>
<time>2012-12-09T14:01:50Z</time>
</trkpt>
<trkpt lat="45.8249317" lon="4.8759267">
<ele>264.4998779</ele>
<time>2012-12-09T14:01:57Z</time>
</trkpt>
<trkpt lat="45.8250618" lon="4.8760760">
<ele>264.0192871</ele>
<time>2012-12-09T14:02:01Z</time>
</trkpt>
</trkseg>
<trkseg>
<trkpt lat="45.8253508" lon="4.8766546">
<ele>280.3616943</ele>
<time>2012-12-09T14:03:14Z</time>
</trkpt>
<trkpt lat="45.8253529" lon="4.8766602">
<ele>280.8424072</ele>
<time>2012-12-09T14:03:15Z</time>
</trkpt>
<trkpt lat="45.8253572" lon="4.8766712">
<ele>282.2843018</ele>
<time>2012-12-09T14:03:16Z</time>
</trkpt>
</trkseg>
</trk>
</gpx>
